source,url,published_at,fetched_at,title_clean,summary_clean,crypto,text_for_model,score,label,confidence,explanation,model_name,prompt_version,scored_at
reddit,https://www.reddit.com/r/CryptoCurrency/comments/1s4r0zy/us_dollar_bills_to_be_printed_with_president/,2026-03-26,2026-03-27T08:12:04Z,"US dollar bills to be printed with President Trump's signature, removing Treasurer signature for the first time.","The US Treasury announced that starting with new paper currency, President Trump's signature will appear alongside the Secretary of the Treasury's. This is the first time a sitting president has gotten this treatment, timed for the country's 250th anniversary in 2026. In crypto circles, these kinds of fiat-focused moves get attention because they signal how the current administration views traditional money. Bitcoin has held steady in the $70K range lately while the broader market consolidates, and people are still watching how policy around stablecoins and digital assets develops alongside it. Nothing here looks like it will shift prices on its own, but it keeps the discussion going on government signals and what they mean for adoption. Anyone else following this angle, or is it just symbolic? submitted by /u/LavishlyRitzyy [link] [comments]",Bitcoin,"US dollar bills to be printed with President Trump's signature, removing Treasurer signature for the first time.. The US Treasury announced that starting with new paper currency, President Trump's signature will appear alongside the Secretary of the Treasury's. This is the first time a sitting president has gotten this treatment, timed for the country's 250th anniversary in 2026. In crypto circles, these kinds of fiat-focused moves get attention because they signal how the current administration views traditional money. Bitcoin has held steady in the $70K range lately while the broader market consolidates, and people are still watching how policy around stablecoins and digital assets develops alongside it. Nothing here looks like it will shift prices on its own, but it keeps the discussion going on government signals and what they mean for adoption. Anyone else following this angle, or is it just symbolic? submitted by /u/LavishlyRitzyy [link] [comments]. The US Treasury announced that starting with new paper currency, President Trump's signature will appear alongside the Secretary of the Treasury's. This is the first time a sitting president has gotten this treatment, timed for the country's 250th anniversary in 2026. In crypto circles, these kinds of fiat-focused moves get attention because they signal how the current administration views traditional money. Bitcoin has held steady in the $70K range lately while the broader market consolidates, and people are still watching how policy around stablecoins and digital assets develops alongside it. Nothing here looks like it will shift prices on its own, but it keeps the discussion going on government signals and what they mean for adoption. Anyone else following this angle, or is it just symbolic? submitted by /u/LavishlyRitzyy [link] [comments]",0.0,neutral,0.0,Signals are mixed or informational (score 0.000).,llama3.2,v1.0.0,2026-03-27T08:12:04Z
reddit,https://www.reddit.com/r/CryptoCurrency/comments/1s4dxrw/2323_btc_worth_176m_drained_from_guys_trezor/,2026-03-26,2026-03-27T08:12:04Z,"2,323 BTC worth $176M Drained From Guys Trezor Wallet Using Hidden Camera","A UK man named Ping Fai Yuen is in the High Court right now accusing his estranged wife and her sister of stealing his life savings in Bitcoin. According to the claim, they installed a hidden CCTV camera in the house during divorce talks back in 2023 and captured him entering or reviewing his 24-word seed phrase. No malware, no phishing, just a regular camera watching while he handled his Trezor hardware wallet recovery info. The funds were later moved to 71 different addresses. The court has allowed the case to move forward, noting the evidence looks strong enough to proceed to trial. Bitcoin’s price volatility is actually working in the claimant’s favor here because the judge wants the assets frozen quickly. This is a straight reminder that self-custody isn’t only about picking the right wallet or avoiding shady links. It’s also about making sure nobody in your physical space can quietly watch you set up or back up that seed phrase. A lot of people already use a 25th-word passphrase or keep a decoy set of words for exactly this kind of risk. Anyone else changed how they store their recovery info after hearing stories like this? submitted by /u/LavishlyRitzyy [link] [comments]",Bitcoin,"2,323 BTC worth $176M Drained From Guys Trezor Wallet Using Hidden Camera. A UK man named Ping Fai Yuen is in the High Court right now accusing his estranged wife and her sister of stealing his life savings in Bitcoin. According to the claim, they installed a hidden CCTV camera in the house during divorce talks back in 2023 and captured him entering or reviewing his 24-word seed phrase. No malware, no phishing, just a regular camera watching while he handled his Trezor hardware wallet recovery info. The funds were later moved to 71 different addresses. The court has allowed the case to move forward, noting the evidence looks strong enough to proceed to trial. Bitcoin’s price volatility is actually working in the claimant’s favor here because the judge wants the assets frozen quickly. This is a straight reminder that self-custody isn’t only about picking the right wallet or avoiding shady links. It’s also about making sure nobody in your physical space can quietly watch you set up or back up that seed phrase. A lot of people already use a 25th-word passphrase or keep a decoy set of words for exactly this kind of risk. Anyone else changed how they store their recovery info after hearing stories like this? submitted by /u/LavishlyRitzyy [link] [comments]. A UK man named Ping Fai Yuen is in the High Court right now accusing his estranged wife and her sister of stealing his life savings in Bitcoin. According to the claim, they installed a hidden CCTV camera in the house during divorce talks back in 2023 and captured him entering or reviewing his 24-word seed phrase. No malware, no phishing, just a regular camera watching while he handled his Trezor hardware wallet recovery info. The funds were later moved to 71 different addresses. The court has allowed the case to move forward, noting the evidence looks strong enough to proceed to trial. Bitcoin’s price volatility is actually working in the claimant’s favor here because the judge wants the assets frozen quickly. This is a straight reminder that self-custody isn’t only about picking the right wallet or avoiding shady links. It’s also about making sure nobody in your physical space can quietly watch you set up or back up that seed phrase. A lot of people already use a 25th-word passphrase or keep a decoy set of words for exactly this kind of risk. Anyone else changed how they store their recovery info after hearing stories like this? submitted by /u/LavishlyRitzyy [link] [comments]",0.0,neutral,0.0,Signals are mixed or informational (score 0.000).,llama3.2,v1.0.0,2026-03-27T08:12:04Z
reddit,https://www.reddit.com/r/CryptoCurrency/comments/1s4bdo6/largest_bitcoin_mining_company_mara_dumps_11/,2026-03-26,2026-03-27T08:12:04Z,"Largest Bitcoin mining company, MARA, Dumps $1.1 Billion in Bitcoin to Repurchase Convertible Notes, Cuts Debt by 30%",submitted by /u/HSuke [link] [comments],Bitcoin,"Largest Bitcoin mining company, MARA, Dumps $1.1 Billion in Bitcoin to Repurchase Convertible Notes, Cuts Debt by 30%. submitted by /u/HSuke [link] [comments]. submitted by /u/HSuke [link] [comments]",0.0,neutral,0.0,Signals are mixed or informational (score 0.000).,llama3.2,v1.0.0,2026-03-27T08:12:04Z
reddit,https://www.reddit.com/r/CryptoCurrency/comments/1s3yjav/clifton_collins_irish_drug_dealers_lost_btc_stack/,2026-03-25,2026-03-27T08:12:04Z,Clifton Collins: Irish Drug Dealer’s Lost BTC Stack Worth $400m Has Woken Up,submitted by /u/CrossPuffs [link] [comments],Bitcoin,Clifton Collins: Irish Drug Dealer’s Lost BTC Stack Worth $400m Has Woken Up. submitted by /u/CrossPuffs [link] [comments]. submitted by /u/CrossPuffs [link] [comments],0.0,neutral,0.0,Signals are mixed or informational (score 0.000).,llama3.2,v1.0.0,2026-03-27T08:12:04Z
reddit,https://www.reddit.com/r/CryptoCurrency/comments/1s4v4um/cost_effective_way_to_get_sol_value_in_usdc/,2026-03-26,2026-03-27T08:12:04Z,Cost effective way to get sol value in usdc,"Since I am bored and poor, I want to build a small bot that exchanges usdc and sol, like up to 100 dollars , and can do it very often (ideally every second, cause it can't be more otherwise I'd go with fraction of seconds ) what is the cheapest tool to use? It needs to have a linux bash interface or a webapi I can call i was looking at Jupiter to have a quotation every second on a ""sound"" lamppost or helius, but I can't really understand how to do it with le latter. And for some reason I have to write 500 chars that I don't need in this sub submitted by /u/ma5ochrist [link] [comments]",Solana,"Cost effective way to get sol value in usdc. Since I am bored and poor, I want to build a small bot that exchanges usdc and sol, like up to 100 dollars , and can do it very often (ideally every second, cause it can't be more otherwise I'd go with fraction of seconds ) what is the cheapest tool to use? It needs to have a linux bash interface or a webapi I can call i was looking at Jupiter to have a quotation every second on a ""sound"" lamppost or helius, but I can't really understand how to do it with le latter. And for some reason I have to write 500 chars that I don't need in this sub submitted by /u/ma5ochrist [link] [comments]. Since I am bored and poor, I want to build a small bot that exchanges usdc and sol, like up to 100 dollars , and can do it very often (ideally every second, cause it can't be more otherwise I'd go with fraction of seconds ) what is the cheapest tool to use? It needs to have a linux bash interface or a webapi I can call i was looking at Jupiter to have a quotation every second on a ""sound"" lamppost or helius, but I can't really understand how to do it with le latter. And for some reason I have to write 500 chars that I don't need in this sub submitted by /u/ma5ochrist [link] [comments]",0.0,neutral,0.0,Signals are mixed or informational (score 0.000).,llama3.2,v1.0.0,2026-03-27T08:12:04Z
reddit,https://www.reddit.com/r/CryptoCurrency/comments/1s4v4um/cost_effective_way_to_get_sol_value_in_usdc/,2026-03-26,2026-03-27T08:12:04Z,Cost effective way to get sol value in usdc,"Since I am bored and poor, I want to build a small bot that exchanges usdc and sol, like up to 100 dollars , and can do it very often (ideally every second, cause it can't be more otherwise I'd go with fraction of seconds ) what is the cheapest tool to use? It needs to have a linux bash interface or a webapi I can call i was looking at Jupiter to have a quotation every second on a ""sound"" lamppost or helius, but I can't really understand how to do it with le latter. And for some reason I have to write 500 chars that I don't need in this sub submitted by /u/ma5ochrist [link] [comments]",USDC,"Cost effective way to get sol value in usdc. Since I am bored and poor, I want to build a small bot that exchanges usdc and sol, like up to 100 dollars , and can do it very often (ideally every second, cause it can't be more otherwise I'd go with fraction of seconds ) what is the cheapest tool to use? It needs to have a linux bash interface or a webapi I can call i was looking at Jupiter to have a quotation every second on a ""sound"" lamppost or helius, but I can't really understand how to do it with le latter. And for some reason I have to write 500 chars that I don't need in this sub submitted by /u/ma5ochrist [link] [comments]. Since I am bored and poor, I want to build a small bot that exchanges usdc and sol, like up to 100 dollars , and can do it very often (ideally every second, cause it can't be more otherwise I'd go with fraction of seconds ) what is the cheapest tool to use? It needs to have a linux bash interface or a webapi I can call i was looking at Jupiter to have a quotation every second on a ""sound"" lamppost or helius, but I can't really understand how to do it with le latter. And for some reason I have to write 500 chars that I don't need in this sub submitted by /u/ma5ochrist [link] [comments]",0.0,neutral,0.0,Signals are mixed or informational (score 0.000).,llama3.2,v1.0.0,2026-03-27T08:12:04Z
reddit,https://www.reddit.com/r/CryptoCurrency/comments/1s4l1n2/venture_firm_founder_offers_bounty_to_help/,2026-03-26,2026-03-27T08:12:04Z,"Venture Firm Founder Offers Bounty to Help Recover $42 Million in Stolen Bitcoin, Crypto",submitted by /u/CrossPuffs [link] [comments],Bitcoin,"Venture Firm Founder Offers Bounty to Help Recover $42 Million in Stolen Bitcoin, Crypto. submitted by /u/CrossPuffs [link] [comments]. submitted by /u/CrossPuffs [link] [comments]",0.0,neutral,0.0,Signals are mixed or informational (score 0.000).,llama3.2,v1.0.0,2026-03-27T08:12:04Z
reddit,https://www.reddit.com/r/CryptoCurrency/comments/1s4x9yg/bitcoin_whales_bought_up_61k_btc_in_a_month_amid/,2026-03-26,2026-03-27T08:12:04Z,Bitcoin Whales Bought up 61K BTC In a Month Amid Global Uncertainty,submitted by /u/GreedVault [link] [comments],Bitcoin,Bitcoin Whales Bought up 61K BTC In a Month Amid Global Uncertainty. submitted by /u/GreedVault [link] [comments]. submitted by /u/GreedVault [link] [comments],0.0,neutral,0.0,Signals are mixed or informational (score 0.000).,llama3.2,v1.0.0,2026-03-27T08:12:04Z
reddit,https://www.reddit.com/r/CryptoCurrency/comments/1s3mm3k/bhutan_has_sold_120m_in_bitcoin_this_month/,2026-03-25,2026-03-27T08:12:04Z,Bhutan has sold $120M in Bitcoin this month: Markets are starting to notice,submitted by /u/partymsl [link] [comments],Bitcoin,Bhutan has sold $120M in Bitcoin this month: Markets are starting to notice. submitted by /u/partymsl [link] [comments]. submitted by /u/partymsl [link] [comments],0.0,neutral,0.0,Signals are mixed or informational (score 0.000).,llama3.2,v1.0.0,2026-03-27T08:12:04Z
reddit,https://www.reddit.com/r/CryptoCurrency/comments/1s40u13/irish_police_crack_first_of_12_bitcoin_wallets_in/,2026-03-25,2026-03-27T08:12:04Z,Irish Police Crack First of 12 Bitcoin Wallets in $418M Drug Seizure - Decrypt,submitted by /u/Teraninia [link] [comments],Bitcoin,Irish Police Crack First of 12 Bitcoin Wallets in $418M Drug Seizure - Decrypt. submitted by /u/Teraninia [link] [comments]. submitted by /u/Teraninia [link] [comments],0.0,neutral,0.0,Signals are mixed or informational (score 0.000).,llama3.2,v1.0.0,2026-03-27T08:12:04Z
reddit,https://www.reddit.com/r/CryptoCurrency/comments/1s3sbup/after_years_of_harsh_treatment_tether_finally/,2026-03-25,2026-03-27T08:12:04Z,After years of “harsh” treatment Tether finally convinces ‘Big Four’ firm to audit USDT,submitted by /u/GreedVault [link] [comments],TetherUSDt,After years of “harsh” treatment Tether finally convinces ‘Big Four’ firm to audit USDT. submitted by /u/GreedVault [link] [comments]. submitted by /u/GreedVault [link] [comments],0.0,neutral,0.0,Signals are mixed or informational (score 0.000).,llama3.2,v1.0.0,2026-03-27T08:12:04Z
reddit,https://www.reddit.com/r/CryptoMarkets/comments/1s4o2kh/found_iran_war_insiders_by_tracking_polymarket/,2026-03-26,2026-03-27T08:12:04Z,Found Iran War insiders? by tracking Polymarket activity for months...,"Coffeezilla just put out his video on the $1.5 billion insider trading problem on Polymarket. The Bubblemaps investigation he showed found 7 connected accounts betting on US and Israeli military operations with a 93% win rate. Buying at 20 cent odds — meaning the market thought there was an 80% chance it wouldn't happen — and winning. Consistently, for 2 years. I've been tracking this same kind of activity for months. I built an on-chain analytics tool that scans every Polymarket trade, traces USDC funding sources on Polygon, and detects the same kind of cluster patterns Bubblemaps found. It's processed roughly 91,000 trades across 21,000+ wallets, about $470M in volume. What Coffeezilla showed in the video? It's all over the data. One example. A wallet (`0x35bbb...`) that bets almost exclusively on Iran and Lebanon military markets. ""US x Iran ceasefire by May 31"", ""Will Israel launch a ground offensive in Lebanon"", ""US forces enter Iran."" The same kind of markets Bubblemaps flagged. 34 resolved bets. 29 wins. 85% win rate. $175K in profit. Still actively placing bets today. Nick from Bubblemaps talked about how these accounts share funding sources — MXC deposits, Bybit deposits, same addresses moving money around. The data shows the same thing but at a much larger scale. A single funder address is connected to over 1,000 proxy wallets on Polymarket. $50M in volume, $6.4M in profit. 18 of those wallets are running 70%+ win rates on geopolitics markets specifically. Another cluster has 409 wallets from one funder, $1.1M profit. Another has 216 wallets, $922K. Coffeezilla's point that you can't prove who's behind a wallet from on-chain data alone is right. I can't tell you if it's a lieutenant, a defense contractor, or someone who got a phone call the night before. What you CAN see is the statistical pattern. Wallets going 29 for 34 on geopolitical military events, funded by the same sources, betting at the same times, on the same categories. That's not luck. The tool im using is called CrowdIntel. Full investigation reports for the clusters I mentioned are on the site, including the 1,000+ wallet network and the 0x35bbb wallet profile where you can see every trade. You can look up any wallet yourself. You can see: - wallet profiles with win rates, PnL, categories they bet on - funding cluster maps showing which wallets share the same source - auto-generated investigation reports when the stats get anomalous - search that lets you query the data directly submitted by /u/Forsaken-Ad-9346 [link] [comments]",USDC,"Found Iran War insiders? by tracking Polymarket activity for months.... Coffeezilla just put out his video on the $1.5 billion insider trading problem on Polymarket. The Bubblemaps investigation he showed found 7 connected accounts betting on US and Israeli military operations with a 93% win rate. Buying at 20 cent odds — meaning the market thought there was an 80% chance it wouldn't happen — and winning. Consistently, for 2 years. I've been tracking this same kind of activity for months. I built an on-chain analytics tool that scans every Polymarket trade, traces USDC funding sources on Polygon, and detects the same kind of cluster patterns Bubblemaps found. It's processed roughly 91,000 trades across 21,000+ wallets, about $470M in volume. What Coffeezilla showed in the video? It's all over the data. One example. A wallet (`0x35bbb...`) that bets almost exclusively on Iran and Lebanon military markets. ""US x Iran ceasefire by May 31"", ""Will Israel launch a ground offensive in Lebanon"", ""US forces enter Iran."" The same kind of markets Bubblemaps flagged. 34 resolved bets. 29 wins. 85% win rate. $175K in profit. Still actively placing bets today. Nick from Bubblemaps talked about how these accounts share funding sources — MXC deposits, Bybit deposits, same addresses moving money around. The data shows the same thing but at a much larger scale. A single funder address is connected to over 1,000 proxy wallets on Polymarket. $50M in volume, $6.4M in profit. 18 of those wallets are running 70%+ win rates on geopolitics markets specifically. Another cluster has 409 wallets from one funder, $1.1M profit. Another has 216 wallets, $922K. Coffeezilla's point that you can't prove who's behind a wallet from on-chain data alone is right. I can't tell you if it's a lieutenant, a defense contractor, or someone who got a phone call the night before. What you CAN see is the statistical pattern. Wallets going 29 for 34 on geopolitical military events, funded by the same sources, betting at the same times, on the same categories. That's not luck. The tool im using is called CrowdIntel. Full investigation reports for the clusters I mentioned are on the site, including the 1,000+ wallet network and the 0x35bbb wallet profile where you can see every trade. You can look up any wallet yourself. You can see: - wallet profiles with win rates, PnL, categories they bet on - funding cluster maps showing which wallets share the same source - auto-generated investigation reports when the stats get anomalous - search that lets you query the data directly submitted by /u/Forsaken-Ad-9346 [link] [comments]. Coffeezilla just put out his video on the $1.5 billion insider trading problem on Polymarket. The Bubblemaps investigation he showed found 7 connected accounts betting on US and Israeli military operations with a 93% win rate. Buying at 20 cent odds — meaning the market thought there was an 80% chance it wouldn't happen — and winning. Consistently, for 2 years. I've been tracking this same kind of activity for months. I built an on-chain analytics tool that scans every Polymarket trade, traces USDC funding sources on Polygon, and detects the same kind of cluster patterns Bubblemaps found. It's processed roughly 91,000 trades across 21,000+ wallets, about $470M in volume. What Coffeezilla showed in the video? It's all over the data. One example. A wallet (`0x35bbb...`) that bets almost exclusively on Iran and Lebanon military markets. ""US x Iran ceasefire by May 31"", ""Will Israel launch a ground offensive in Lebanon"", ""US forces enter Iran."" The same kind of markets Bubblemaps flagged. 34 resolved bets. 29 wins. 85% win rate. $175K in profit. Still actively placing bets today. Nick from Bubblemaps talked about how these accounts share funding sources — MXC deposits, Bybit deposits, same addresses moving money around. The data shows the same thing but at a much larger scale. A single funder address is connected to over 1,000 proxy wallets on Polymarket. $50M in volume, $6.4M in profit. 18 of those wallets are running 70%+ win rates on geopolitics markets specifically. Another cluster has 409 wallets from one funder, $1.1M profit. Another has 216 wallets, $922K. Coffeezilla's point that you can't prove who's behind a wallet from on-chain data alone is right. I can't tell you if it's a lieutenant, a defense contractor, or someone who got a phone call the night before. What you CAN see is the statistical pattern. Wallets going 29 for 34 on geopolitical military events, funded by the same sources, betting at the same times, on the same categories. That's not luck. The tool im using is called CrowdIntel. Full investigation reports for the clusters I mentioned are on the site, including the 1,000+ wallet network and the 0x35bbb wallet profile where you can see every trade. You can look up any wallet yourself. You can see: - wallet profiles with win rates, PnL, categories they bet on - funding cluster maps showing which wallets share the same source - auto-generated investigation reports when the stats get anomalous - search that lets you query the data directly submitted by /u/Forsaken-Ad-9346 [link] [comments]",0.0,neutral,0.0,Signals are mixed or informational (score 0.000).,llama3.2,v1.0.0,2026-03-27T08:12:04Z
reddit,https://www.reddit.com/r/CryptoMarkets/comments/1s4vx6y/anyone_else_feel_like_crypto_is_surviving_but/,2026-03-26,2026-03-27T08:12:04Z,"Anyone else feel like crypto is surviving, but still not really strong?","BTC dipping back under 69k and ETH staying soft pretty much sums up how this market feels today. Bitcoin was reported around $68,820 today, while recent reference prices had ETH near the low $2,000s, and to me that still doesn’t look like a clean risk-on market. What stands out is that the market still feels way too headline-driven. Earlier this week crypto bounced when Trump said strikes on Iran would be delayed, but today sentiment got hit again after reports that Tehran rejected the U.S. peace proposal. That kind of back-and-forth is exactly why every bounce still feels fragile to me. Macro still doesn’t help much either. Reuters reported the dollar rising as de-escalation hopes faded, with oil jumping and traders rethinking how long rates might stay restrictive. That’s not the kind of backdrop where I get excited about calling crypto “strong” just because it’s holding up. So yeah, I’m not saying the market has to fall apart from here. I just think people are way too quick to call strength when this still looks more like stabilization than a real bullish turn. Are you guys treating this as accumulation, or just another temporary pause? submitted by /u/Zestyclose_Mail_4569 [link] [comments]",Bitcoin,"Anyone else feel like crypto is surviving, but still not really strong?. BTC dipping back under 69k and ETH staying soft pretty much sums up how this market feels today. Bitcoin was reported around $68,820 today, while recent reference prices had ETH near the low $2,000s, and to me that still doesn’t look like a clean risk-on market. What stands out is that the market still feels way too headline-driven. Earlier this week crypto bounced when Trump said strikes on Iran would be delayed, but today sentiment got hit again after reports that Tehran rejected the U.S. peace proposal. That kind of back-and-forth is exactly why every bounce still feels fragile to me. Macro still doesn’t help much either. Reuters reported the dollar rising as de-escalation hopes faded, with oil jumping and traders rethinking how long rates might stay restrictive. That’s not the kind of backdrop where I get excited about calling crypto “strong” just because it’s holding up. So yeah, I’m not saying the market has to fall apart from here. I just think people are way too quick to call strength when this still looks more like stabilization than a real bullish turn. Are you guys treating this as accumulation, or just another temporary pause? submitted by /u/Zestyclose_Mail_4569 [link] [comments]. BTC dipping back under 69k and ETH staying soft pretty much sums up how this market feels today. Bitcoin was reported around $68,820 today, while recent reference prices had ETH near the low $2,000s, and to me that still doesn’t look like a clean risk-on market. What stands out is that the market still feels way too headline-driven. Earlier this week crypto bounced when Trump said strikes on Iran would be delayed, but today sentiment got hit again after reports that Tehran rejected the U.S. peace proposal. That kind of back-and-forth is exactly why every bounce still feels fragile to me. Macro still doesn’t help much either. Reuters reported the dollar rising as de-escalation hopes faded, with oil jumping and traders rethinking how long rates might stay restrictive. That’s not the kind of backdrop where I get excited about calling crypto “strong” just because it’s holding up. So yeah, I’m not saying the market has to fall apart from here. I just think people are way too quick to call strength when this still looks more like stabilization than a real bullish turn. Are you guys treating this as accumulation, or just another temporary pause? submitted by /u/Zestyclose_Mail_4569 [link] [comments]",0.0,neutral,0.0,Signals are mixed or informational (score 0.000).,llama3.2,v1.0.0,2026-03-27T08:12:04Z
reddit,https://www.reddit.com/r/CryptoMarkets/comments/1s4vx6y/anyone_else_feel_like_crypto_is_surviving_but/,2026-03-26,2026-03-27T08:12:04Z,"Anyone else feel like crypto is surviving, but still not really strong?","BTC dipping back under 69k and ETH staying soft pretty much sums up how this market feels today. Bitcoin was reported around $68,820 today, while recent reference prices had ETH near the low $2,000s, and to me that still doesn’t look like a clean risk-on market. What stands out is that the market still feels way too headline-driven. Earlier this week crypto bounced when Trump said strikes on Iran would be delayed, but today sentiment got hit again after reports that Tehran rejected the U.S. peace proposal. That kind of back-and-forth is exactly why every bounce still feels fragile to me. Macro still doesn’t help much either. Reuters reported the dollar rising as de-escalation hopes faded, with oil jumping and traders rethinking how long rates might stay restrictive. That’s not the kind of backdrop where I get excited about calling crypto “strong” just because it’s holding up. So yeah, I’m not saying the market has to fall apart from here. I just think people are way too quick to call strength when this still looks more like stabilization than a real bullish turn. Are you guys treating this as accumulation, or just another temporary pause? submitted by /u/Zestyclose_Mail_4569 [link] [comments]",Ethereum,"Anyone else feel like crypto is surviving, but still not really strong?. BTC dipping back under 69k and ETH staying soft pretty much sums up how this market feels today. Bitcoin was reported around $68,820 today, while recent reference prices had ETH near the low $2,000s, and to me that still doesn’t look like a clean risk-on market. What stands out is that the market still feels way too headline-driven. Earlier this week crypto bounced when Trump said strikes on Iran would be delayed, but today sentiment got hit again after reports that Tehran rejected the U.S. peace proposal. That kind of back-and-forth is exactly why every bounce still feels fragile to me. Macro still doesn’t help much either. Reuters reported the dollar rising as de-escalation hopes faded, with oil jumping and traders rethinking how long rates might stay restrictive. That’s not the kind of backdrop where I get excited about calling crypto “strong” just because it’s holding up. So yeah, I’m not saying the market has to fall apart from here. I just think people are way too quick to call strength when this still looks more like stabilization than a real bullish turn. Are you guys treating this as accumulation, or just another temporary pause? submitted by /u/Zestyclose_Mail_4569 [link] [comments]. BTC dipping back under 69k and ETH staying soft pretty much sums up how this market feels today. Bitcoin was reported around $68,820 today, while recent reference prices had ETH near the low $2,000s, and to me that still doesn’t look like a clean risk-on market. What stands out is that the market still feels way too headline-driven. Earlier this week crypto bounced when Trump said strikes on Iran would be delayed, but today sentiment got hit again after reports that Tehran rejected the U.S. peace proposal. That kind of back-and-forth is exactly why every bounce still feels fragile to me. Macro still doesn’t help much either. Reuters reported the dollar rising as de-escalation hopes faded, with oil jumping and traders rethinking how long rates might stay restrictive. That’s not the kind of backdrop where I get excited about calling crypto “strong” just because it’s holding up. So yeah, I’m not saying the market has to fall apart from here. I just think people are way too quick to call strength when this still looks more like stabilization than a real bullish turn. Are you guys treating this as accumulation, or just another temporary pause? submitted by /u/Zestyclose_Mail_4569 [link] [comments]",0.0,neutral,0.0,Signals are mixed or informational (score 0.000).,llama3.2,v1.0.0,2026-03-27T08:12:04Z
reddit,https://www.reddit.com/r/CryptoMarkets/comments/1s4hte6/pension_fund_wallet_with_795_accuracy_is/,2026-03-26,2026-03-27T08:12:04Z,pension fund wallet with 79.5% accuracy is underwater on a $62M ETH short and not closing,"so this wallet i've been tracking for a while now — ""Penision Fund"" on the leaderboard, 79.5% accuracy across 200 calls. it's sitting on a $61.5M ETH short from $2,034 entry. ETH is at $2,051. position is red. they don't care. also running a $34.3M BTC short from $68,884. BTC at $68,662 so that one's barely green. but the point is they're not closing either of these. same wallet i posted about when it opened the $65M ETH short weeks ago. still there. what got me looking again is the overall board. every single high-accuracy wallet is short right now. zero longs across the whole SHARP group. fear and greed is at 10 and these guys are still adding to shorts not taking profit. one exception and it's a weird one. there's a wallet with 99.2% accuracy — 119 right out of 120 tracked calls. holding a $44M BTC long from $67,418. that's up about 1800 bucks per coin. but the wallet hasn't been active in 3 days so who knows if they're even watching. SOL and XRP are the only things whales are buying. everything else is a dumpster. TAO has $228M in shorts lol. $841M got liquidated in the last 24 hours. i pull this from swarmintellect.com submitted by /u/uamdarasulka [link] [comments]",Bitcoin,"pension fund wallet with 79.5% accuracy is underwater on a $62M ETH short and not closing. so this wallet i've been tracking for a while now — ""Penision Fund"" on the leaderboard, 79.5% accuracy across 200 calls. it's sitting on a $61.5M ETH short from $2,034 entry. ETH is at $2,051. position is red. they don't care. also running a $34.3M BTC short from $68,884. BTC at $68,662 so that one's barely green. but the point is they're not closing either of these. same wallet i posted about when it opened the $65M ETH short weeks ago. still there. what got me looking again is the overall board. every single high-accuracy wallet is short right now. zero longs across the whole SHARP group. fear and greed is at 10 and these guys are still adding to shorts not taking profit. one exception and it's a weird one. there's a wallet with 99.2% accuracy — 119 right out of 120 tracked calls. holding a $44M BTC long from $67,418. that's up about 1800 bucks per coin. but the wallet hasn't been active in 3 days so who knows if they're even watching. SOL and XRP are the only things whales are buying. everything else is a dumpster. TAO has $228M in shorts lol. $841M got liquidated in the last 24 hours. i pull this from swarmintellect.com submitted by /u/uamdarasulka [link] [comments]. so this wallet i've been tracking for a while now — ""Penision Fund"" on the leaderboard, 79.5% accuracy across 200 calls. it's sitting on a $61.5M ETH short from $2,034 entry. ETH is at $2,051. position is red. they don't care. also running a $34.3M BTC short from $68,884. BTC at $68,662 so that one's barely green. but the point is they're not closing either of these. same wallet i posted about when it opened the $65M ETH short weeks ago. still there. what got me looking again is the overall board. every single high-accuracy wallet is short right now. zero longs across the whole SHARP group. fear and greed is at 10 and these guys are still adding to shorts not taking profit. one exception and it's a weird one. there's a wallet with 99.2% accuracy — 119 right out of 120 tracked calls. holding a $44M BTC long from $67,418. that's up about 1800 bucks per coin. but the wallet hasn't been active in 3 days so who knows if they're even watching. SOL and XRP are the only things whales are buying. everything else is a dumpster. TAO has $228M in shorts lol. $841M got liquidated in the last 24 hours. i pull this from swarmintellect.com submitted by /u/uamdarasulka [link] [comments]",0.0,neutral,0.0,Signals are mixed or informational (score 0.000).,llama3.2,v1.0.0,2026-03-27T08:12:04Z
reddit,https://www.reddit.com/r/CryptoMarkets/comments/1s4hte6/pension_fund_wallet_with_795_accuracy_is/,2026-03-26,2026-03-27T08:12:04Z,pension fund wallet with 79.5% accuracy is underwater on a $62M ETH short and not closing,"so this wallet i've been tracking for a while now — ""Penision Fund"" on the leaderboard, 79.5% accuracy across 200 calls. it's sitting on a $61.5M ETH short from $2,034 entry. ETH is at $2,051. position is red. they don't care. also running a $34.3M BTC short from $68,884. BTC at $68,662 so that one's barely green. but the point is they're not closing either of these. same wallet i posted about when it opened the $65M ETH short weeks ago. still there. what got me looking again is the overall board. every single high-accuracy wallet is short right now. zero longs across the whole SHARP group. fear and greed is at 10 and these guys are still adding to shorts not taking profit. one exception and it's a weird one. there's a wallet with 99.2% accuracy — 119 right out of 120 tracked calls. holding a $44M BTC long from $67,418. that's up about 1800 bucks per coin. but the wallet hasn't been active in 3 days so who knows if they're even watching. SOL and XRP are the only things whales are buying. everything else is a dumpster. TAO has $228M in shorts lol. $841M got liquidated in the last 24 hours. i pull this from swarmintellect.com submitted by /u/uamdarasulka [link] [comments]",Ethereum,"pension fund wallet with 79.5% accuracy is underwater on a $62M ETH short and not closing. so this wallet i've been tracking for a while now — ""Penision Fund"" on the leaderboard, 79.5% accuracy across 200 calls. it's sitting on a $61.5M ETH short from $2,034 entry. ETH is at $2,051. position is red. they don't care. also running a $34.3M BTC short from $68,884. BTC at $68,662 so that one's barely green. but the point is they're not closing either of these. same wallet i posted about when it opened the $65M ETH short weeks ago. still there. what got me looking again is the overall board. every single high-accuracy wallet is short right now. zero longs across the whole SHARP group. fear and greed is at 10 and these guys are still adding to shorts not taking profit. one exception and it's a weird one. there's a wallet with 99.2% accuracy — 119 right out of 120 tracked calls. holding a $44M BTC long from $67,418. that's up about 1800 bucks per coin. but the wallet hasn't been active in 3 days so who knows if they're even watching. SOL and XRP are the only things whales are buying. everything else is a dumpster. TAO has $228M in shorts lol. $841M got liquidated in the last 24 hours. i pull this from swarmintellect.com submitted by /u/uamdarasulka [link] [comments]. so this wallet i've been tracking for a while now — ""Penision Fund"" on the leaderboard, 79.5% accuracy across 200 calls. it's sitting on a $61.5M ETH short from $2,034 entry. ETH is at $2,051. position is red. they don't care. also running a $34.3M BTC short from $68,884. BTC at $68,662 so that one's barely green. but the point is they're not closing either of these. same wallet i posted about when it opened the $65M ETH short weeks ago. still there. what got me looking again is the overall board. every single high-accuracy wallet is short right now. zero longs across the whole SHARP group. fear and greed is at 10 and these guys are still adding to shorts not taking profit. one exception and it's a weird one. there's a wallet with 99.2% accuracy — 119 right out of 120 tracked calls. holding a $44M BTC long from $67,418. that's up about 1800 bucks per coin. but the wallet hasn't been active in 3 days so who knows if they're even watching. SOL and XRP are the only things whales are buying. everything else is a dumpster. TAO has $228M in shorts lol. $841M got liquidated in the last 24 hours. i pull this from swarmintellect.com submitted by /u/uamdarasulka [link] [comments]",0.0,neutral,0.0,Signals are mixed or informational (score 0.000).,llama3.2,v1.0.0,2026-03-27T08:12:04Z
reddit,https://www.reddit.com/r/CryptoMarkets/comments/1s4hte6/pension_fund_wallet_with_795_accuracy_is/,2026-03-26,2026-03-27T08:12:04Z,pension fund wallet with 79.5% accuracy is underwater on a $62M ETH short and not closing,"so this wallet i've been tracking for a while now — ""Penision Fund"" on the leaderboard, 79.5% accuracy across 200 calls. it's sitting on a $61.5M ETH short from $2,034 entry. ETH is at $2,051. position is red. they don't care. also running a $34.3M BTC short from $68,884. BTC at $68,662 so that one's barely green. but the point is they're not closing either of these. same wallet i posted about when it opened the $65M ETH short weeks ago. still there. what got me looking again is the overall board. every single high-accuracy wallet is short right now. zero longs across the whole SHARP group. fear and greed is at 10 and these guys are still adding to shorts not taking profit. one exception and it's a weird one. there's a wallet with 99.2% accuracy — 119 right out of 120 tracked calls. holding a $44M BTC long from $67,418. that's up about 1800 bucks per coin. but the wallet hasn't been active in 3 days so who knows if they're even watching. SOL and XRP are the only things whales are buying. everything else is a dumpster. TAO has $228M in shorts lol. $841M got liquidated in the last 24 hours. i pull this from swarmintellect.com submitted by /u/uamdarasulka [link] [comments]",Solana,"pension fund wallet with 79.5% accuracy is underwater on a $62M ETH short and not closing. so this wallet i've been tracking for a while now — ""Penision Fund"" on the leaderboard, 79.5% accuracy across 200 calls. it's sitting on a $61.5M ETH short from $2,034 entry. ETH is at $2,051. position is red. they don't care. also running a $34.3M BTC short from $68,884. BTC at $68,662 so that one's barely green. but the point is they're not closing either of these. same wallet i posted about when it opened the $65M ETH short weeks ago. still there. what got me looking again is the overall board. every single high-accuracy wallet is short right now. zero longs across the whole SHARP group. fear and greed is at 10 and these guys are still adding to shorts not taking profit. one exception and it's a weird one. there's a wallet with 99.2% accuracy — 119 right out of 120 tracked calls. holding a $44M BTC long from $67,418. that's up about 1800 bucks per coin. but the wallet hasn't been active in 3 days so who knows if they're even watching. SOL and XRP are the only things whales are buying. everything else is a dumpster. TAO has $228M in shorts lol. $841M got liquidated in the last 24 hours. i pull this from swarmintellect.com submitted by /u/uamdarasulka [link] [comments]. so this wallet i've been tracking for a while now — ""Penision Fund"" on the leaderboard, 79.5% accuracy across 200 calls. it's sitting on a $61.5M ETH short from $2,034 entry. ETH is at $2,051. position is red. they don't care. also running a $34.3M BTC short from $68,884. BTC at $68,662 so that one's barely green. but the point is they're not closing either of these. same wallet i posted about when it opened the $65M ETH short weeks ago. still there. what got me looking again is the overall board. every single high-accuracy wallet is short right now. zero longs across the whole SHARP group. fear and greed is at 10 and these guys are still adding to shorts not taking profit. one exception and it's a weird one. there's a wallet with 99.2% accuracy — 119 right out of 120 tracked calls. holding a $44M BTC long from $67,418. that's up about 1800 bucks per coin. but the wallet hasn't been active in 3 days so who knows if they're even watching. SOL and XRP are the only things whales are buying. everything else is a dumpster. TAO has $228M in shorts lol. $841M got liquidated in the last 24 hours. i pull this from swarmintellect.com submitted by /u/uamdarasulka [link] [comments]",0.0,neutral,0.0,Signals are mixed or informational (score 0.000).,llama3.2,v1.0.0,2026-03-27T08:12:04Z
reddit,https://www.reddit.com/r/CryptoMarkets/comments/1s4hte6/pension_fund_wallet_with_795_accuracy_is/,2026-03-26,2026-03-27T08:12:04Z,pension fund wallet with 79.5% accuracy is underwater on a $62M ETH short and not closing,"so this wallet i've been tracking for a while now — ""Penision Fund"" on the leaderboard, 79.5% accuracy across 200 calls. it's sitting on a $61.5M ETH short from $2,034 entry. ETH is at $2,051. position is red. they don't care. also running a $34.3M BTC short from $68,884. BTC at $68,662 so that one's barely green. but the point is they're not closing either of these. same wallet i posted about when it opened the $65M ETH short weeks ago. still there. what got me looking again is the overall board. every single high-accuracy wallet is short right now. zero longs across the whole SHARP group. fear and greed is at 10 and these guys are still adding to shorts not taking profit. one exception and it's a weird one. there's a wallet with 99.2% accuracy — 119 right out of 120 tracked calls. holding a $44M BTC long from $67,418. that's up about 1800 bucks per coin. but the wallet hasn't been active in 3 days so who knows if they're even watching. SOL and XRP are the only things whales are buying. everything else is a dumpster. TAO has $228M in shorts lol. $841M got liquidated in the last 24 hours. i pull this from swarmintellect.com submitted by /u/uamdarasulka [link] [comments]",XRP,"pension fund wallet with 79.5% accuracy is underwater on a $62M ETH short and not closing. so this wallet i've been tracking for a while now — ""Penision Fund"" on the leaderboard, 79.5% accuracy across 200 calls. it's sitting on a $61.5M ETH short from $2,034 entry. ETH is at $2,051. position is red. they don't care. also running a $34.3M BTC short from $68,884. BTC at $68,662 so that one's barely green. but the point is they're not closing either of these. same wallet i posted about when it opened the $65M ETH short weeks ago. still there. what got me looking again is the overall board. every single high-accuracy wallet is short right now. zero longs across the whole SHARP group. fear and greed is at 10 and these guys are still adding to shorts not taking profit. one exception and it's a weird one. there's a wallet with 99.2% accuracy — 119 right out of 120 tracked calls. holding a $44M BTC long from $67,418. that's up about 1800 bucks per coin. but the wallet hasn't been active in 3 days so who knows if they're even watching. SOL and XRP are the only things whales are buying. everything else is a dumpster. TAO has $228M in shorts lol. $841M got liquidated in the last 24 hours. i pull this from swarmintellect.com submitted by /u/uamdarasulka [link] [comments]. so this wallet i've been tracking for a while now — ""Penision Fund"" on the leaderboard, 79.5% accuracy across 200 calls. it's sitting on a $61.5M ETH short from $2,034 entry. ETH is at $2,051. position is red. they don't care. also running a $34.3M BTC short from $68,884. BTC at $68,662 so that one's barely green. but the point is they're not closing either of these. same wallet i posted about when it opened the $65M ETH short weeks ago. still there. what got me looking again is the overall board. every single high-accuracy wallet is short right now. zero longs across the whole SHARP group. fear and greed is at 10 and these guys are still adding to shorts not taking profit. one exception and it's a weird one. there's a wallet with 99.2% accuracy — 119 right out of 120 tracked calls. holding a $44M BTC long from $67,418. that's up about 1800 bucks per coin. but the wallet hasn't been active in 3 days so who knows if they're even watching. SOL and XRP are the only things whales are buying. everything else is a dumpster. TAO has $228M in shorts lol. $841M got liquidated in the last 24 hours. i pull this from swarmintellect.com submitted by /u/uamdarasulka [link] [comments]",0.0,neutral,0.0,Signals are mixed or informational (score 0.000).,llama3.2,v1.0.0,2026-03-27T08:12:04Z
reddit,https://www.reddit.com/r/CryptoMarkets/comments/1s4epk5/i_invest_500_in_crypto/,2026-03-26,2026-03-27T08:12:04Z,I invest 500$ in Crypto,Hello guys I have 600$ on My wallet and I am thinking that to buy coins in this 2026 crash 100$ of xrp 100$ of ChainLink and 2 3 coin solana ETH AND BTC also and 100 on sui and rnder also how is this can u tell me if u r thinking why I didn't invest on btc and eth to much it's is safe but it has lowest return in others there is more risk I know but if they go ath I can get 600$ to 6000$ submitted by /u/AntiqueTrade4111 [link] [comments],Bitcoin,I invest 500$ in Crypto. Hello guys I have 600$ on My wallet and I am thinking that to buy coins in this 2026 crash 100$ of xrp 100$ of ChainLink and 2 3 coin solana ETH AND BTC also and 100 on sui and rnder also how is this can u tell me if u r thinking why I didn't invest on btc and eth to much it's is safe but it has lowest return in others there is more risk I know but if they go ath I can get 600$ to 6000$ submitted by /u/AntiqueTrade4111 [link] [comments]. Hello guys I have 600$ on My wallet and I am thinking that to buy coins in this 2026 crash 100$ of xrp 100$ of ChainLink and 2 3 coin solana ETH AND BTC also and 100 on sui and rnder also how is this can u tell me if u r thinking why I didn't invest on btc and eth to much it's is safe but it has lowest return in others there is more risk I know but if they go ath I can get 600$ to 6000$ submitted by /u/AntiqueTrade4111 [link] [comments],0.0,neutral,0.0,Signals are mixed or informational (score 0.000).,llama3.2,v1.0.0,2026-03-27T08:12:04Z
reddit,https://www.reddit.com/r/CryptoMarkets/comments/1s4epk5/i_invest_500_in_crypto/,2026-03-26,2026-03-27T08:12:04Z,I invest 500$ in Crypto,Hello guys I have 600$ on My wallet and I am thinking that to buy coins in this 2026 crash 100$ of xrp 100$ of ChainLink and 2 3 coin solana ETH AND BTC also and 100 on sui and rnder also how is this can u tell me if u r thinking why I didn't invest on btc and eth to much it's is safe but it has lowest return in others there is more risk I know but if they go ath I can get 600$ to 6000$ submitted by /u/AntiqueTrade4111 [link] [comments],Ethereum,I invest 500$ in Crypto. Hello guys I have 600$ on My wallet and I am thinking that to buy coins in this 2026 crash 100$ of xrp 100$ of ChainLink and 2 3 coin solana ETH AND BTC also and 100 on sui and rnder also how is this can u tell me if u r thinking why I didn't invest on btc and eth to much it's is safe but it has lowest return in others there is more risk I know but if they go ath I can get 600$ to 6000$ submitted by /u/AntiqueTrade4111 [link] [comments]. Hello guys I have 600$ on My wallet and I am thinking that to buy coins in this 2026 crash 100$ of xrp 100$ of ChainLink and 2 3 coin solana ETH AND BTC also and 100 on sui and rnder also how is this can u tell me if u r thinking why I didn't invest on btc and eth to much it's is safe but it has lowest return in others there is more risk I know but if they go ath I can get 600$ to 6000$ submitted by /u/AntiqueTrade4111 [link] [comments],0.0,neutral,0.0,Signals are mixed or informational (score 0.000).,llama3.2,v1.0.0,2026-03-27T08:12:04Z
reddit,https://www.reddit.com/r/CryptoMarkets/comments/1s4epk5/i_invest_500_in_crypto/,2026-03-26,2026-03-27T08:12:04Z,I invest 500$ in Crypto,Hello guys I have 600$ on My wallet and I am thinking that to buy coins in this 2026 crash 100$ of xrp 100$ of ChainLink and 2 3 coin solana ETH AND BTC also and 100 on sui and rnder also how is this can u tell me if u r thinking why I didn't invest on btc and eth to much it's is safe but it has lowest return in others there is more risk I know but if they go ath I can get 600$ to 6000$ submitted by /u/AntiqueTrade4111 [link] [comments],Solana,I invest 500$ in Crypto. Hello guys I have 600$ on My wallet and I am thinking that to buy coins in this 2026 crash 100$ of xrp 100$ of ChainLink and 2 3 coin solana ETH AND BTC also and 100 on sui and rnder also how is this can u tell me if u r thinking why I didn't invest on btc and eth to much it's is safe but it has lowest return in others there is more risk I know but if they go ath I can get 600$ to 6000$ submitted by /u/AntiqueTrade4111 [link] [comments]. Hello guys I have 600$ on My wallet and I am thinking that to buy coins in this 2026 crash 100$ of xrp 100$ of ChainLink and 2 3 coin solana ETH AND BTC also and 100 on sui and rnder also how is this can u tell me if u r thinking why I didn't invest on btc and eth to much it's is safe but it has lowest return in others there is more risk I know but if they go ath I can get 600$ to 6000$ submitted by /u/AntiqueTrade4111 [link] [comments],0.0,neutral,0.0,Signals are mixed or informational (score 0.000).,llama3.2,v1.0.0,2026-03-27T08:12:04Z
reddit,https://www.reddit.com/r/CryptoMarkets/comments/1s4epk5/i_invest_500_in_crypto/,2026-03-26,2026-03-27T08:12:04Z,I invest 500$ in Crypto,Hello guys I have 600$ on My wallet and I am thinking that to buy coins in this 2026 crash 100$ of xrp 100$ of ChainLink and 2 3 coin solana ETH AND BTC also and 100 on sui and rnder also how is this can u tell me if u r thinking why I didn't invest on btc and eth to much it's is safe but it has lowest return in others there is more risk I know but if they go ath I can get 600$ to 6000$ submitted by /u/AntiqueTrade4111 [link] [comments],XRP,I invest 500$ in Crypto. Hello guys I have 600$ on My wallet and I am thinking that to buy coins in this 2026 crash 100$ of xrp 100$ of ChainLink and 2 3 coin solana ETH AND BTC also and 100 on sui and rnder also how is this can u tell me if u r thinking why I didn't invest on btc and eth to much it's is safe but it has lowest return in others there is more risk I know but if they go ath I can get 600$ to 6000$ submitted by /u/AntiqueTrade4111 [link] [comments]. Hello guys I have 600$ on My wallet and I am thinking that to buy coins in this 2026 crash 100$ of xrp 100$ of ChainLink and 2 3 coin solana ETH AND BTC also and 100 on sui and rnder also how is this can u tell me if u r thinking why I didn't invest on btc and eth to much it's is safe but it has lowest return in others there is more risk I know but if they go ath I can get 600$ to 6000$ submitted by /u/AntiqueTrade4111 [link] [comments],0.0,neutral,0.0,Signals are mixed or informational (score 0.000).,llama3.2,v1.0.0,2026-03-27T08:12:04Z
reddit,https://www.reddit.com/r/CryptoMarkets/comments/1s4wgby/crypto_market_orderflow_analysis_the_calm_before/,2026-03-26,2026-03-27T08:12:04Z,Crypto Market Orderflow Analysis: The Calm Before the Storm,"This is an impressive set of orderflow and market data charts. What immediately stands out is that the entire crypto market is currently showing an almost identical macro pattern . All these coins have gone through a significant correction and are now in a consolidation phase. They are all forming a large converging structure (often a descending wedge or symmetrical triangle) and are approaching the “apex” (the tip of the triangle). This indicates an impending, massive volatility breakout for the entire market. Here is the analysis per coin, based on the unique details in their respective charts: 1. ADA (Cardano) Price, Volume Profile, Heatmap: The price is consolidating in a descending wedge and trading exactly on the Point of Control (POC – highest volume node). The heatmap on the right shows that liquidity (open orders) is tightly concentrated around the current price. Liquidations (Coin & Global): After a period of massive long liquidations (red bars), the market is now practically silent. The weak hands have been flushed out. Power Trades: Very flat both locally and globally; large players are not forcing market orders right now. Supply & Demand Zones: The price is tightly squeezed: hovering just above a thin green demand zone and just below a thick red supply zone. CVD & Momentum: The Cumulative Volume Delta (CVD) dropped significantly but is now starting to flatten out sideways, indicating decreasing selling pressure. Open Interest & Funding: Open Interest (OI) crashed hard after the top and is now consolidating at a low level. The funding rate is neutral to slightly positive. Whale Ratio: Neutral to slightly positive (showing slightly more green than red bars in this recent consolidation). 2. AVAX (Avalanche) Price, Volume Profile, Heatmap: Shows a downward trendline. The price is situated below the main POC, which indicates technical weakness. The heatmap shows heavy resistance sitting above the price. Liquidations (Coin & Global): A clear washout of longs has occurred; currently, there is minimal liquidation activity. Power Trades: We saw strong red outflows in the past, but currently, activity has completely dried up. Supply & Demand Zones: The price is struggling to hold onto the bottom green demand zone. The heavy red supply zones are located far above it. CVD & Momentum: The CVD took a deep dive and is only just now trying to form a bottom. Momentum is weak. Open Interest & Funding: OI is low after a significant drop; funding is volatile but swinging around the zero line. Whale Ratio: Mixed, with occasional slight peaks in accumulation (green). 3. BNB (Binance Coin) Price, Volume Profile, Heatmap: Forming a symmetrical triangle and trading above the POC. This looks structurally stronger than most others. The heatmap is dispersed. Liquidations (Coin & Global): BNB has actually shown slightly more short liquidations recently (green bars), pointing to relative strength compared to the rest of the market. Power Trades: Past red spikes have stopped; currently showing a mixed to neutral picture on the global feed. Supply & Demand Zones: Finding direct support on a solid green demand zone. CVD & Momentum: The CVD is one of the few showing a slight upward curl at the very end. Open Interest & Funding: OI didn’t crash as hard as the others and is even rising slightly during this consolidation. Whale Ratio: Very strong green; whales appear to be accumulating BNB more aggressively at these levels than other coins. 4. BTC (Bitcoin) Price, Volume Profile, Heatmap: The market leader is in a large wedge, testing the bottom of the ascending trendline just below the thick POC. The heatmap shows heavy order blocks directly below the price. Liquidations (Coin & Global): A massive flush of longs is behind us; historically speaking, it is extremely quiet right now. Power Trades: Completely dried up after previous heavy selling (red). The market is waiting. Supply & Demand Zones: Clinging to the green demand zone, but there is a substantial, broad red supply band above 68k. CVD & Momentum: The CVD is in a steady downtrend and is only marginally starting to flatten out. Open Interest & Funding: OI has been slashed since the top; speculation has left the market. Funding has normalized. Whale Ratio: Dominant green; large players are consistently buying the dip. 5. DOT (Polkadot) Price, Volume Profile, Heatmap: Heavy pressure on the bottom of the trendline, far below the main POC. The heatmap shows little support beneath it. Liquidations (Coin & Global): Coin liquidations have dropped to near zero, suggesting seller exhaustion. Power Trades: Mostly red (sells) leading up to this bottom, now silent. Supply & Demand Zones: Leaning heavily on the absolute lowest drawn green demand zone; lots of red overhead supply above it. CVD & Momentum: Very deep and negative CVD; momentum is completely lacking. Open Interest & Funding: OI melted away drastically and remains flat. Whale Ratio: A striking divergence: despite the weak price action, the whale ratio is very consistently green (accumulation). 6. ETH (Ethereum) Price, Volume Profile, Heatmap: A symmetrical triangle, with the price consolidating exactly on or just below the POC. The heatmap shows heavy resistance directly above the current price. Liquidations (Coin & Global): Earlier massive long liquidations have completely reset this market as well. Power Trades: Identical to BTC: total silence following a red outflow. Supply & Demand Zones: Trapped in a ‘gap’ between a clear red supply zone (resistance) and a green demand zone (support). CVD & Momentum: After a sharp drop, the CVD has now transitioned into a flat line. Open Interest & Funding: OI is moving tightly sideways; funding is back to baseline. Whale Ratio: Predominantly green, pointing to sustained buying interest from whales on this support line. 7. LINK (Chainlink) Price, Volume Profile, Heatmap: Testing the lower ascending trendline and trading just below the heavy POC line. Liquidations (Coin & Global): Very little activity following the initial major dip. Power Trades: Still showing a few recent red (sell) spikes, indicating lingering local selling pressure that has already vanished in other coins. Supply & Demand Zones: Hanging dangerously just above a thin demand line; multiple red supply levels sit above it. CVD & Momentum: The CVD is still dropping slightly and hasn’t flattened out as much as BTC/ETH. Open Interest & Funding: OI is consolidating at a low simmer. Whale Ratio: A slight majority of green bars, but less convincing than BTC or BNB. 8. SOL (Solana) Price, Volume Profile, Heatmap: Forming a tight wedge and currently trading almost exactly on its POC. Liquidations (Coin & Global): Showing slightly more short liquidations in this consolidation phase than the average on this list. Power Trades: Relatively quiet, save for a single, very small green spike. Supply & Demand Zones: The price has some breathing room and sits comfortably above the first green demand zone. CVD & Momentum: The steep drop in the CVD is now clearly curving into neutral territory. Open Interest & Funding: OI dropped but is now stabilizing nicely. Whale Ratio: Consistent, albeit smaller, green whale purchases. 9. XLM (Stellar) Price, Volume Profile, Heatmap: A broad descending wedge, with the price situated well below the main POC. The heatmap shows liquidity around the bottom of the wedge. Liquidations (Coin & Global): A very quiet market with virtually no significant liquidations visible. Power Trades: Practically non-existent; no aggressive market participants are active. Supply & Demand Zones: The price is resting on the extreme lowest green demand zone. If this breaks, there is very little support left. CVD & Momentum: The CVD is negative but drawing a flat line. Open Interest & Funding: OI is extremely low; oddly enough, funding is creeping up slightly. Whale Ratio: Very striking: extremely strong green. Whales are clearly and aggressively accumulating at these bottom prices. 10. XRP (Ripple) Price, Volume Profile, Heatmap: An extremely tight wedge, trading exactly at the apex and on the POC. The heatmap shows concentrated orders. Liquidations (Coin & Global): Small, frequent washouts on both sides; no more major peaks. Power Trades: Earlier heavy selling (red) has stopped; the indicator is now neutral. Supply & Demand Zones: A thick red supply zone is pressing down like a lid directly above the price. CVD & Momentum: The CVD line is still heading down in a tight, descending line with no signs of flattening yet. Open Interest & Funding: OI is slowly sinking further; interest is waning. Whale Ratio: Mixed to slightly green; no strong conviction visible from large accounts. Here is the ranking of the top 3 strongest and top 3 weakest coins based on the orderflow data, volume profiles, and the 7 metrics we analyzed. 🏆 Top 3 Strongest Coins These coins show the best combination of structural support, underlying buying pressure, and relative strength compared to the rest of the market. 1. BNB (Binance Coin) Why it’s the strongest: BNB is the clear standout. While most of the market is trapped under their Point of Control (POC) or clinging to the bottom of their patterns, BNB is trading above its main POC and resting comfortably on a solid green demand zone. Key Factors: It has the most bullish CVD (actually curling upwards), Open Interest is slightly rising instead of falling, and the Whale Ratio is overwhelmingly green, showing aggressive accumulation. It even triggered some short liquidations recently, showing buyers are actively pushing back. 2. BTC (Bitcoin) Why it’s strong: As the market leader, BTC is holding its crucial macro structure. The flush of late longs has completely reset the market, leaving a clean slate. Key Factors: It is defending the lower ascending trendline well, supported by a heavy order block below it. The most telling sign is the heavily dominant green Whale Ratio—large players are consistently using this consolidation to buy the dip, setting the stage for the next leg up. 3. SOL (Solana) Why it’s strong: SOL looks technically very clean and stable. It has already absorbed the selling pressure and is resting on its POC with breathing room above its demand zones. Key Factors: The steep drop in the CVD has visibly curved into neutral territory, indicating sellers are exhausted. Open Interest is stabilizing nicely, and there is consistent, steady accumulation visible in the Whale Ratio. It is perfectly coiled for a breakout. ⚠️ Top 3 Weakest Coins These coins are struggling the most structurally. They are pinned below heavy resistance, lack momentum, and would likely suffer the most if the overall market experiences a further drop. 1. DOT (Polkadot) Why it’s the weakest: DOT’s price action is incredibly heavy. It is pinned at the very bottom of its support structure and is trading far below its main Point of Control, meaning almost all recent buyers are underwater. Key Factors: It has a deep, negative CVD with zero upward momentum, and Open Interest has completely melted away. Note: The only saving grace here is a surprisingly strong green Whale Ratio, meaning large entities are buying this extreme weakness, but technically, it looks terrible right now. 2. AVAX (Avalanche) Why it’s weak: AVAX lost its primary support level (the main POC) and is now trading below it, turning that historical support into heavy overhead resistance. Key Factors: The CVD took a massive dive and is struggling to form a base. The heatmap shows a lot of supply sitting above the current price, meaning any attempted rally will immediately be met with selling pressure from traders trying to break even. 3. XRP (Ripple) Why it’s weak: XRP is being squeezed to the absolute limit, but the pressure is mostly coming from the top down. Key Factors: A thick red supply zone is pressing directly on the price like a lid. Unlike other coins where the CVD has flattened, XRP’s CVD is still drawing a strict, descending line. Furthermore, Open Interest continues to bleed out, and there is no strong conviction from whales to step in and defend the price. Honorable Mention (The Wildcard): XLM (Stellar) While XLM’s price action looks structurally weak (similar to DOT), its Whale Ratio is screaming with green accumulation bars. It is the most extreme divergence on the board. Whales are aggressively front-running a potential bottom here, making it a high-risk, high-reward chart to watch. All Orderflow Charts submitted by /u/JohnWickTurk [link] [comments]",Bitcoin,"Crypto Market Orderflow Analysis: The Calm Before the Storm. This is an impressive set of orderflow and market data charts. What immediately stands out is that the entire crypto market is currently showing an almost identical macro pattern . All these coins have gone through a significant correction and are now in a consolidation phase. They are all forming a large converging structure (often a descending wedge or symmetrical triangle) and are approaching the “apex” (the tip of the triangle). This indicates an impending, massive volatility breakout for the entire market. Here is the analysis per coin, based on the unique details in their respective charts: 1. ADA (Cardano) Price, Volume Profile, Heatmap: The price is consolidating in a descending wedge and trading exactly on the Point of Control (POC – highest volume node). The heatmap on the right shows that liquidity (open orders) is tightly concentrated around the current price. Liquidations (Coin & Global): After a period of massive long liquidations (red bars), the market is now practically silent. The weak hands have been flushed out. Power Trades: Very flat both locally and globally; large players are not forcing market orders right now. Supply & Demand Zones: The price is tightly squeezed: hovering just above a thin green demand zone and just below a thick red supply zone. CVD & Momentum: The Cumulative Volume Delta (CVD) dropped significantly but is now starting to flatten out sideways, indicating decreasing selling pressure. Open Interest & Funding: Open Interest (OI) crashed hard after the top and is now consolidating at a low level. The funding rate is neutral to slightly positive. Whale Ratio: Neutral to slightly positive (showing slightly more green than red bars in this recent consolidation). 2. AVAX (Avalanche) Price, Volume Profile, Heatmap: Shows a downward trendline. The price is situated below the main POC, which indicates technical weakness. The heatmap shows heavy resistance sitting above the price. Liquidations (Coin & Global): A clear washout of longs has occurred; currently, there is minimal liquidation activity. Power Trades: We saw strong red outflows in the past, but currently, activity has completely dried up. Supply & Demand Zones: The price is struggling to hold onto the bottom green demand zone. The heavy red supply zones are located far above it. CVD & Momentum: The CVD took a deep dive and is only just now trying to form a bottom. Momentum is weak. Open Interest & Funding: OI is low after a significant drop; funding is volatile but swinging around the zero line. Whale Ratio: Mixed, with occasional slight peaks in accumulation (green). 3. BNB (Binance Coin) Price, Volume Profile, Heatmap: Forming a symmetrical triangle and trading above the POC. This looks structurally stronger than most others. The heatmap is dispersed. Liquidations (Coin & Global): BNB has actually shown slightly more short liquidations recently (green bars), pointing to relative strength compared to the rest of the market. Power Trades: Past red spikes have stopped; currently showing a mixed to neutral picture on the global feed. Supply & Demand Zones: Finding direct support on a solid green demand zone. CVD & Momentum: The CVD is one of the few showing a slight upward curl at the very end. Open Interest & Funding: OI didn’t crash as hard as the others and is even rising slightly during this consolidation. Whale Ratio: Very strong green; whales appear to be accumulating BNB more aggressively at these levels than other coins. 4. BTC (Bitcoin) Price, Volume Profile, Heatmap: The market leader is in a large wedge, testing the bottom of the ascending trendline just below the thick POC. The heatmap shows heavy order blocks directly below the price. Liquidations (Coin & Global): A massive flush of longs is behind us; historically speaking, it is extremely quiet right now. Power Trades: Completely dried up after previous heavy selling (red). The market is waiting. Supply & Demand Zones: Clinging to the green demand zone, but there is a substantial, broad red supply band above 68k. CVD & Momentum: The CVD is in a steady downtrend and is only marginally starting to flatten out. Open Interest & Funding: OI has been slashed since the top; speculation has left the market. Funding has normalized. Whale Ratio: Dominant green; large players are consistently buying the dip. 5. DOT (Polkadot) Price, Volume Profile, Heatmap: Heavy pressure on the bottom of the trendline, far below the main POC. The heatmap shows little support beneath it. Liquidations (Coin & Global): Coin liquidations have dropped to near zero, suggesting seller exhaustion. Power Trades: Mostly red (sells) leading up to this bottom, now silent. Supply & Demand Zones: Leaning heavily on the absolute lowest drawn green demand zone; lots of red overhead supply above it. CVD & Momentum: Very deep and negative CVD; momentum is completely lacking. Open Interest & Funding: OI melted away drastically and remains flat. Whale Ratio: A striking divergence: despite the weak price action, the whale ratio is very consistently green (accumulation). 6. ETH (Ethereum) Price, Volume Profile, Heatmap: A symmetrical triangle, with the price consolidating exactly on or just below the POC. The heatmap shows heavy resistance directly above the current price. Liquidations (Coin & Global): Earlier massive long liquidations have completely reset this market as well. Power Trades: Identical to BTC: total silence following a red outflow. Supply & Demand Zones: Trapped in a ‘gap’ between a clear red supply zone (resistance) and a green demand zone (support). CVD & Momentum: After a sharp drop, the CVD has now transitioned into a flat line. Open Interest & Funding: OI is moving tightly sideways; funding is back to baseline. Whale Ratio: Predominantly green, pointing to sustained buying interest from whales on this support line. 7. LINK (Chainlink) Price, Volume Profile, Heatmap: Testing the lower ascending trendline and trading just below the heavy POC line. Liquidations (Coin & Global): Very little activity following the initial major dip. Power Trades: Still showing a few recent red (sell) spikes, indicating lingering local selling pressure that has already vanished in other coins. Supply & Demand Zones: Hanging dangerously just above a thin demand line; multiple red supply levels sit above it. CVD & Momentum: The CVD is still dropping slightly and hasn’t flattened out as much as BTC/ETH. Open Interest & Funding: OI is consolidating at a low simmer. Whale Ratio: A slight majority of green bars, but less convincing than BTC or BNB. 8. SOL (Solana) Price, Volume Profile, Heatmap: Forming a tight wedge and currently trading almost exactly on its POC. Liquidations (Coin & Global): Showing slightly more short liquidations in this consolidation phase than the average on this list. Power Trades: Relatively quiet, save for a single, very small green spike. Supply & Demand Zones: The price has some breathing room and sits comfortably above the first green demand zone. CVD & Momentum: The steep drop in the CVD is now clearly curving into neutral territory. Open Interest & Funding: OI dropped but is now stabilizing nicely. Whale Ratio: Consistent, albeit smaller, green whale purchases. 9. XLM (Stellar) Price, Volume Profile, Heatmap: A broad descending wedge, with the price situated well below the main POC. The heatmap shows liquidity around the bottom of the wedge. Liquidations (Coin & Global): A very quiet market with virtually no significant liquidations visible. Power Trades: Practically non-existent; no aggressive market participants are active. Supply & Demand Zones: The price is resting on the extreme lowest green demand zone. If this breaks, there is very little support left. CVD & Momentum: The CVD is negative but drawing a flat line. Open Interest & Funding: OI is extremely low; oddly enough, funding is creeping up slightly. Whale Ratio: Very striking: extremely strong green. Whales are clearly and aggressively accumulating at these bottom prices. 10. XRP (Ripple) Price, Volume Profile, Heatmap: An extremely tight wedge, trading exactly at the apex and on the POC. The heatmap shows concentrated orders. Liquidations (Coin & Global): Small, frequent washouts on both sides; no more major peaks. Power Trades: Earlier heavy selling (red) has stopped; the indicator is now neutral. Supply & Demand Zones: A thick red supply zone is pressing down like a lid directly above the price. CVD & Momentum: The CVD line is still heading down in a tight, descending line with no signs of flattening yet. Open Interest & Funding: OI is slowly sinking further; interest is waning. Whale Ratio: Mixed to slightly green; no strong conviction visible from large accounts. Here is the ranking of the top 3 strongest and top 3 weakest coins based on the orderflow data, volume profiles, and the 7 metrics we analyzed. 🏆 Top 3 Strongest Coins These coins show the best combination of structural support, underlying buying pressure, and relative strength compared to the rest of the market. 1. BNB (Binance Coin) Why it’s the strongest: BNB is the clear standout. While most of the market is trapped under their Point of Control (POC) or clinging to the bottom of their patterns, BNB is trading above its main POC and resting comfortably on a solid green demand zone. Key Factors: It has the most bullish CVD (actually curling upwards), Open Interest is slightly rising instead of falling, and the Whale Ratio is overwhelmingly green, showing aggressive accumulation. It even triggered some short liquidations recently, showing buyers are actively pushing back. 2. BTC (Bitcoin) Why it’s strong: As the market leader, BTC is holding its crucial macro structure. The flush of late longs has completely reset the market, leaving a clean slate. Key Factors: It is defending the lower ascending trendline well, supported by a heavy order block below it. The most telling sign is the heavily dominant green Whale Ratio—large players are consistently using this consolidation to buy the dip, setting the stage for the next leg up. 3. SOL (Solana) Why it’s strong: SOL looks technically very clean and stable. It has already absorbed the selling pressure and is resting on its POC with breathing room above its demand zones. Key Factors: The steep drop in the CVD has visibly curved into neutral territory, indicating sellers are exhausted. Open Interest is stabilizing nicely, and there is consistent, steady accumulation visible in the Whale Ratio. It is perfectly coiled for a breakout. ⚠️ Top 3 Weakest Coins These coins are struggling the most structurally. They are pinned below heavy resistance, lack momentum, and would likely suffer the most if the overall market experiences a further drop. 1. DOT (Polkadot) Why it’s the weakest: DOT’s price action is incredibly heavy. It is pinned at the very bottom of its support structure and is trading far below its main Point of Control, meaning almost all recent buyers are underwater. Key Factors: It has a deep, negative CVD with zero upward momentum, and Open Interest has completely melted away. Note: The only saving grace here is a surprisingly strong green Whale Ratio, meaning large entities are buying this extreme weakness, but technically, it looks terrible right now. 2. AVAX (Avalanche) Why it’s weak: AVAX lost its primary support level (the main POC) and is now trading below it, turning that historical support into heavy overhead resistance. Key Factors: The CVD took a massive dive and is struggling to form a base. The heatmap shows a lot of supply sitting above the current price, meaning any attempted rally will immediately be met with selling pressure from traders trying to break even. 3. XRP (Ripple) Why it’s weak: XRP is being squeezed to the absolute limit, but the pressure is mostly coming from the top down. Key Factors: A thick red supply zone is pressing directly on the price like a lid. Unlike other coins where the CVD has flattened, XRP’s CVD is still drawing a strict, descending line. Furthermore, Open Interest continues to bleed out, and there is no strong conviction from whales to step in and defend the price. Honorable Mention (The Wildcard): XLM (Stellar) While XLM’s price action looks structurally weak (similar to DOT), its Whale Ratio is screaming with green accumulation bars. It is the most extreme divergence on the board. Whales are aggressively front-running a potential bottom here, making it a high-risk, high-reward chart to watch. All Orderflow Charts submitted by /u/JohnWickTurk [link] [comments]. This is an impressive set of orderflow and market data charts. What immediately stands out is that the entire crypto market is currently showing an almost identical macro pattern . All these coins have gone through a significant correction and are now in a consolidation phase. They are all forming a large converging structure (often a descending wedge or symmetrical triangle) and are approaching the “apex” (the tip of the triangle). This indicates an impending, massive volatility breakout for the entire market. Here is the analysis per coin, based on the unique details in their respective charts: 1. ADA (Cardano) Price, Volume Profile, Heatmap: The price is consolidating in a descending wedge and trading exactly on the Point of Control (POC – highest volume node). The heatmap on the right shows that liquidity (open orders) is tightly concentrated around the current price. Liquidations (Coin & Global): After a period of massive long liquidations (red bars), the market is now practically silent. The weak hands have been flushed out. Power Trades: Very flat both locally and globally; large players are not forcing market orders right now. Supply & Demand Zones: The price is tightly squeezed: hovering just above a thin green demand zone and just below a thick red supply zone. CVD & Momentum: The Cumulative Volume Delta (CVD) dropped significantly but is now starting to flatten out sideways, indicating decreasing selling pressure. Open Interest & Funding: Open Interest (OI) crashed hard after the top and is now consolidating at a low level. The funding rate is neutral to slightly positive. Whale Ratio: Neutral to slightly positive (showing slightly more green than red bars in this recent consolidation). 2. AVAX (Avalanche) Price, Volume Profile, Heatmap: Shows a downward trendline. The price is situated below the main POC, which indicates technical weakness. The heatmap shows heavy resistance sitting above the price. Liquidations (Coin & Global): A clear washout of longs has occurred; currently, there is minimal liquidation activity. Power Trades: We saw strong red outflows in the past, but currently, activity has completely dried up. Supply & Demand Zones: The price is struggling to hold onto the bottom green demand zone. The heavy red supply zones are located far above it. CVD & Momentum: The CVD took a deep dive and is only just now trying to form a bottom. Momentum is weak. Open Interest & Funding: OI is low after a significant drop; funding is volatile but swinging around the zero line. Whale Ratio: Mixed, with occasional slight peaks in accumulation (green). 3. BNB (Binance Coin) Price, Volume Profile, Heatmap: Forming a symmetrical triangle and trading above the POC. This looks structurally stronger than most others. The heatmap is dispersed. Liquidations (Coin & Global): BNB has actually shown slightly more short liquidations recently (green bars), pointing to relative strength compared to the rest of the market. Power Trades: Past red spikes have stopped; currently showing a mixed to neutral picture on the global feed. Supply & Demand Zones: Finding direct support on a solid green demand zone. CVD & Momentum: The CVD is one of the few showing a slight upward curl at the very end. Open Interest & Funding: OI didn’t crash as hard as the others and is even rising slightly during this consolidation. Whale Ratio: Very strong green; whales appear to be accumulating BNB more aggressively at these levels than other coins. 4. BTC (Bitcoin) Price, Volume Profile, Heatmap: The market leader is in a large wedge, testing the bottom of the ascending trendline just below the thick POC. The heatmap shows heavy order blocks directly below the price. Liquidations (Coin & Global): A massive flush of longs is behind us; historically speaking, it is extremely quiet right now. Power Trades: Completely dried up after previous heavy selling (red). The market is waiting. Supply & Demand Zones: Clinging to the green demand zone, but there is a substantial, broad red supply band above 68k. CVD & Momentum: The CVD is in a steady downtrend and is only marginally starting to flatten out. Open Interest & Funding: OI has been slashed since the top; speculation has left the market. Funding has normalized. Whale Ratio: Dominant green; large players are consistently buying the dip. 5. DOT (Polkadot) Price, Volume Profile, Heatmap: Heavy pressure on the bottom of the trendline, far below the main POC. The heatmap shows little support beneath it. Liquidations (Coin & Global): Coin liquidations have dropped to near zero, suggesting seller exhaustion. Power Trades: Mostly red (sells) leading up to this bottom, now silent. Supply & Demand Zones: Leaning heavily on the absolute lowest drawn green demand zone; lots of red overhead supply above it. CVD & Momentum: Very deep and negative CVD; momentum is completely lacking. Open Interest & Funding: OI melted away drastically and remains flat. Whale Ratio: A striking divergence: despite the weak price action, the whale ratio is very consistently green (accumulation). 6. ETH (Ethereum) Price, Volume Profile, Heatmap: A symmetrical triangle, with the price consolidating exactly on or just below the POC. The heatmap shows heavy resistance directly above the current price. Liquidations (Coin & Global): Earlier massive long liquidations have completely reset this market as well. Power Trades: Identical to BTC: total silence following a red outflow. Supply & Demand Zones: Trapped in a ‘gap’ between a clear red supply zone (resistance) and a green demand zone (support). CVD & Momentum: After a sharp drop, the CVD has now transitioned into a flat line. Open Interest & Funding: OI is moving tightly sideways; funding is back to baseline. Whale Ratio: Predominantly green, pointing to sustained buying interest from whales on this support line. 7. LINK (Chainlink) Price, Volume Profile, Heatmap: Testing the lower ascending trendline and trading just below the heavy POC line. Liquidations (Coin & Global): Very little activity following the initial major dip. Power Trades: Still showing a few recent red (sell) spikes, indicating lingering local selling pressure that has already vanished in other coins. Supply & Demand Zones: Hanging dangerously just above a thin demand line; multiple red supply levels sit above it. CVD & Momentum: The CVD is still dropping slightly and hasn’t flattened out as much as BTC/ETH. Open Interest & Funding: OI is consolidating at a low simmer. Whale Ratio: A slight majority of green bars, but less convincing than BTC or BNB. 8. SOL (Solana) Price, Volume Profile, Heatmap: Forming a tight wedge and currently trading almost exactly on its POC. Liquidations (Coin & Global): Showing slightly more short liquidations in this consolidation phase than the average on this list. Power Trades: Relatively quiet, save for a single, very small green spike. Supply & Demand Zones: The price has some breathing room and sits comfortably above the first green demand zone. CVD & Momentum: The steep drop in the CVD is now clearly curving into neutral territory. Open Interest & Funding: OI dropped but is now stabilizing nicely. Whale Ratio: Consistent, albeit smaller, green whale purchases. 9. XLM (Stellar) Price, Volume Profile, Heatmap: A broad descending wedge, with the price situated well below the main POC. The heatmap shows liquidity around the bottom of the wedge. Liquidations (Coin & Global): A very quiet market with virtually no significant liquidations visible. Power Trades: Practically non-existent; no aggressive market participants are active. Supply & Demand Zones: The price is resting on the extreme lowest green demand zone. If this breaks, there is very little support left. CVD & Momentum: The CVD is negative but drawing a flat line. Open Interest & Funding: OI is extremely low; oddly enough, funding is creeping up slightly. Whale Ratio: Very striking: extremely strong green. Whales are clearly and aggressively accumulating at these bottom prices. 10. XRP (Ripple) Price, Volume Profile, Heatmap: An extremely tight wedge, trading exactly at the apex and on the POC. The heatmap shows concentrated orders. Liquidations (Coin & Global): Small, frequent washouts on both sides; no more major peaks. Power Trades: Earlier heavy selling (red) has stopped; the indicator is now neutral. Supply & Demand Zones: A thick red supply zone is pressing down like a lid directly above the price. CVD & Momentum: The CVD line is still heading down in a tight, descending line with no signs of flattening yet. Open Interest & Funding: OI is slowly sinking further; interest is waning. Whale Ratio: Mixed to slightly green; no strong conviction visible from large accounts. Here is the ranking of the top 3 strongest and top 3 weakest coins based on the orderflow data, volume profiles, and the 7 metrics we analyzed. 🏆 Top 3 Strongest Coins These coins show the best combination of structural support, underlying buying pressure, and relative strength compared to the rest of the market. 1. BNB (Binance Coin) Why it’s the strongest: BNB is the clear standout. While most of the market is trapped under their Point of Control (POC) or clinging to the bottom of their patterns, BNB is trading above its main POC and resting comfortably on a solid green demand zone. Key Factors: It has the most bullish CVD (actually curling upwards), Open Interest is slightly rising instead of falling, and the Whale Ratio is overwhelmingly green, showing aggressive accumulation. It even triggered some short liquidations recently, showing buyers are actively pushing back. 2. BTC (Bitcoin) Why it’s strong: As the market leader, BTC is holding its crucial macro structure. The flush of late longs has completely reset the market, leaving a clean slate. Key Factors: It is defending the lower ascending trendline well, supported by a heavy order block below it. The most telling sign is the heavily dominant green Whale Ratio—large players are consistently using this consolidation to buy the dip, setting the stage for the next leg up. 3. SOL (Solana) Why it’s strong: SOL looks technically very clean and stable. It has already absorbed the selling pressure and is resting on its POC with breathing room above its demand zones. Key Factors: The steep drop in the CVD has visibly curved into neutral territory, indicating sellers are exhausted. Open Interest is stabilizing nicely, and there is consistent, steady accumulation visible in the Whale Ratio. It is perfectly coiled for a breakout. ⚠️ Top 3 Weakest Coins These coins are struggling the most structurally. They are pinned below heavy resistance, lack momentum, and would likely suffer the most if the overall market experiences a further drop. 1. DOT (Polkadot) Why it’s the weakest: DOT’s price action is incredibly heavy. It is pinned at the very bottom of its support structure and is trading far below its main Point of Control, meaning almost all recent buyers are underwater. Key Factors: It has a deep, negative CVD with zero upward momentum, and Open Interest has completely melted away. Note: The only saving grace here is a surprisingly strong green Whale Ratio, meaning large entities are buying this extreme weakness, but technically, it looks terrible right now. 2. AVAX (Avalanche) Why it’s weak: AVAX lost its primary support level (the main POC) and is now trading below it, turning that historical support into heavy overhead resistance. Key Factors: The CVD took a massive dive and is struggling to form a base. The heatmap shows a lot of supply sitting above the current price, meaning any attempted rally will immediately be met with selling pressure from traders trying to break even. 3. XRP (Ripple) Why it’s weak: XRP is being squeezed to the absolute limit, but the pressure is mostly coming from the top down. Key Factors: A thick red supply zone is pressing directly on the price like a lid. Unlike other coins where the CVD has flattened, XRP’s CVD is still drawing a strict, descending line. Furthermore, Open Interest continues to bleed out, and there is no strong conviction from whales to step in and defend the price. Honorable Mention (The Wildcard): XLM (Stellar) While XLM’s price action looks structurally weak (similar to DOT), its Whale Ratio is screaming with green accumulation bars. It is the most extreme divergence on the board. Whales are aggressively front-running a potential bottom here, making it a high-risk, high-reward chart to watch. All Orderflow Charts submitted by /u/JohnWickTurk [link] [comments]",0.0,neutral,0.0,Signals are mixed or informational (score 0.000).,llama3.2,v1.0.0,2026-03-27T08:12:04Z
reddit,https://www.reddit.com/r/CryptoMarkets/comments/1s4wgby/crypto_market_orderflow_analysis_the_calm_before/,2026-03-26,2026-03-27T08:12:04Z,Crypto Market Orderflow Analysis: The Calm Before the Storm,"This is an impressive set of orderflow and market data charts. What immediately stands out is that the entire crypto market is currently showing an almost identical macro pattern . All these coins have gone through a significant correction and are now in a consolidation phase. They are all forming a large converging structure (often a descending wedge or symmetrical triangle) and are approaching the “apex” (the tip of the triangle). This indicates an impending, massive volatility breakout for the entire market. Here is the analysis per coin, based on the unique details in their respective charts: 1. ADA (Cardano) Price, Volume Profile, Heatmap: The price is consolidating in a descending wedge and trading exactly on the Point of Control (POC – highest volume node). The heatmap on the right shows that liquidity (open orders) is tightly concentrated around the current price. Liquidations (Coin & Global): After a period of massive long liquidations (red bars), the market is now practically silent. The weak hands have been flushed out. Power Trades: Very flat both locally and globally; large players are not forcing market orders right now. Supply & Demand Zones: The price is tightly squeezed: hovering just above a thin green demand zone and just below a thick red supply zone. CVD & Momentum: The Cumulative Volume Delta (CVD) dropped significantly but is now starting to flatten out sideways, indicating decreasing selling pressure. Open Interest & Funding: Open Interest (OI) crashed hard after the top and is now consolidating at a low level. The funding rate is neutral to slightly positive. Whale Ratio: Neutral to slightly positive (showing slightly more green than red bars in this recent consolidation). 2. AVAX (Avalanche) Price, Volume Profile, Heatmap: Shows a downward trendline. The price is situated below the main POC, which indicates technical weakness. The heatmap shows heavy resistance sitting above the price. Liquidations (Coin & Global): A clear washout of longs has occurred; currently, there is minimal liquidation activity. Power Trades: We saw strong red outflows in the past, but currently, activity has completely dried up. Supply & Demand Zones: The price is struggling to hold onto the bottom green demand zone. The heavy red supply zones are located far above it. CVD & Momentum: The CVD took a deep dive and is only just now trying to form a bottom. Momentum is weak. Open Interest & Funding: OI is low after a significant drop; funding is volatile but swinging around the zero line. Whale Ratio: Mixed, with occasional slight peaks in accumulation (green). 3. BNB (Binance Coin) Price, Volume Profile, Heatmap: Forming a symmetrical triangle and trading above the POC. This looks structurally stronger than most others. The heatmap is dispersed. Liquidations (Coin & Global): BNB has actually shown slightly more short liquidations recently (green bars), pointing to relative strength compared to the rest of the market. Power Trades: Past red spikes have stopped; currently showing a mixed to neutral picture on the global feed. Supply & Demand Zones: Finding direct support on a solid green demand zone. CVD & Momentum: The CVD is one of the few showing a slight upward curl at the very end. Open Interest & Funding: OI didn’t crash as hard as the others and is even rising slightly during this consolidation. Whale Ratio: Very strong green; whales appear to be accumulating BNB more aggressively at these levels than other coins. 4. BTC (Bitcoin) Price, Volume Profile, Heatmap: The market leader is in a large wedge, testing the bottom of the ascending trendline just below the thick POC. The heatmap shows heavy order blocks directly below the price. Liquidations (Coin & Global): A massive flush of longs is behind us; historically speaking, it is extremely quiet right now. Power Trades: Completely dried up after previous heavy selling (red). The market is waiting. Supply & Demand Zones: Clinging to the green demand zone, but there is a substantial, broad red supply band above 68k. CVD & Momentum: The CVD is in a steady downtrend and is only marginally starting to flatten out. Open Interest & Funding: OI has been slashed since the top; speculation has left the market. Funding has normalized. Whale Ratio: Dominant green; large players are consistently buying the dip. 5. DOT (Polkadot) Price, Volume Profile, Heatmap: Heavy pressure on the bottom of the trendline, far below the main POC. The heatmap shows little support beneath it. Liquidations (Coin & Global): Coin liquidations have dropped to near zero, suggesting seller exhaustion. Power Trades: Mostly red (sells) leading up to this bottom, now silent. Supply & Demand Zones: Leaning heavily on the absolute lowest drawn green demand zone; lots of red overhead supply above it. CVD & Momentum: Very deep and negative CVD; momentum is completely lacking. Open Interest & Funding: OI melted away drastically and remains flat. Whale Ratio: A striking divergence: despite the weak price action, the whale ratio is very consistently green (accumulation). 6. ETH (Ethereum) Price, Volume Profile, Heatmap: A symmetrical triangle, with the price consolidating exactly on or just below the POC. The heatmap shows heavy resistance directly above the current price. Liquidations (Coin & Global): Earlier massive long liquidations have completely reset this market as well. Power Trades: Identical to BTC: total silence following a red outflow. Supply & Demand Zones: Trapped in a ‘gap’ between a clear red supply zone (resistance) and a green demand zone (support). CVD & Momentum: After a sharp drop, the CVD has now transitioned into a flat line. Open Interest & Funding: OI is moving tightly sideways; funding is back to baseline. Whale Ratio: Predominantly green, pointing to sustained buying interest from whales on this support line. 7. LINK (Chainlink) Price, Volume Profile, Heatmap: Testing the lower ascending trendline and trading just below the heavy POC line. Liquidations (Coin & Global): Very little activity following the initial major dip. Power Trades: Still showing a few recent red (sell) spikes, indicating lingering local selling pressure that has already vanished in other coins. Supply & Demand Zones: Hanging dangerously just above a thin demand line; multiple red supply levels sit above it. CVD & Momentum: The CVD is still dropping slightly and hasn’t flattened out as much as BTC/ETH. Open Interest & Funding: OI is consolidating at a low simmer. Whale Ratio: A slight majority of green bars, but less convincing than BTC or BNB. 8. SOL (Solana) Price, Volume Profile, Heatmap: Forming a tight wedge and currently trading almost exactly on its POC. Liquidations (Coin & Global): Showing slightly more short liquidations in this consolidation phase than the average on this list. Power Trades: Relatively quiet, save for a single, very small green spike. Supply & Demand Zones: The price has some breathing room and sits comfortably above the first green demand zone. CVD & Momentum: The steep drop in the CVD is now clearly curving into neutral territory. Open Interest & Funding: OI dropped but is now stabilizing nicely. Whale Ratio: Consistent, albeit smaller, green whale purchases. 9. XLM (Stellar) Price, Volume Profile, Heatmap: A broad descending wedge, with the price situated well below the main POC. The heatmap shows liquidity around the bottom of the wedge. Liquidations (Coin & Global): A very quiet market with virtually no significant liquidations visible. Power Trades: Practically non-existent; no aggressive market participants are active. Supply & Demand Zones: The price is resting on the extreme lowest green demand zone. If this breaks, there is very little support left. CVD & Momentum: The CVD is negative but drawing a flat line. Open Interest & Funding: OI is extremely low; oddly enough, funding is creeping up slightly. Whale Ratio: Very striking: extremely strong green. Whales are clearly and aggressively accumulating at these bottom prices. 10. XRP (Ripple) Price, Volume Profile, Heatmap: An extremely tight wedge, trading exactly at the apex and on the POC. The heatmap shows concentrated orders. Liquidations (Coin & Global): Small, frequent washouts on both sides; no more major peaks. Power Trades: Earlier heavy selling (red) has stopped; the indicator is now neutral. Supply & Demand Zones: A thick red supply zone is pressing down like a lid directly above the price. CVD & Momentum: The CVD line is still heading down in a tight, descending line with no signs of flattening yet. Open Interest & Funding: OI is slowly sinking further; interest is waning. Whale Ratio: Mixed to slightly green; no strong conviction visible from large accounts. Here is the ranking of the top 3 strongest and top 3 weakest coins based on the orderflow data, volume profiles, and the 7 metrics we analyzed. 🏆 Top 3 Strongest Coins These coins show the best combination of structural support, underlying buying pressure, and relative strength compared to the rest of the market. 1. BNB (Binance Coin) Why it’s the strongest: BNB is the clear standout. While most of the market is trapped under their Point of Control (POC) or clinging to the bottom of their patterns, BNB is trading above its main POC and resting comfortably on a solid green demand zone. Key Factors: It has the most bullish CVD (actually curling upwards), Open Interest is slightly rising instead of falling, and the Whale Ratio is overwhelmingly green, showing aggressive accumulation. It even triggered some short liquidations recently, showing buyers are actively pushing back. 2. BTC (Bitcoin) Why it’s strong: As the market leader, BTC is holding its crucial macro structure. The flush of late longs has completely reset the market, leaving a clean slate. Key Factors: It is defending the lower ascending trendline well, supported by a heavy order block below it. The most telling sign is the heavily dominant green Whale Ratio—large players are consistently using this consolidation to buy the dip, setting the stage for the next leg up. 3. SOL (Solana) Why it’s strong: SOL looks technically very clean and stable. It has already absorbed the selling pressure and is resting on its POC with breathing room above its demand zones. Key Factors: The steep drop in the CVD has visibly curved into neutral territory, indicating sellers are exhausted. Open Interest is stabilizing nicely, and there is consistent, steady accumulation visible in the Whale Ratio. It is perfectly coiled for a breakout. ⚠️ Top 3 Weakest Coins These coins are struggling the most structurally. They are pinned below heavy resistance, lack momentum, and would likely suffer the most if the overall market experiences a further drop. 1. DOT (Polkadot) Why it’s the weakest: DOT’s price action is incredibly heavy. It is pinned at the very bottom of its support structure and is trading far below its main Point of Control, meaning almost all recent buyers are underwater. Key Factors: It has a deep, negative CVD with zero upward momentum, and Open Interest has completely melted away. Note: The only saving grace here is a surprisingly strong green Whale Ratio, meaning large entities are buying this extreme weakness, but technically, it looks terrible right now. 2. AVAX (Avalanche) Why it’s weak: AVAX lost its primary support level (the main POC) and is now trading below it, turning that historical support into heavy overhead resistance. Key Factors: The CVD took a massive dive and is struggling to form a base. The heatmap shows a lot of supply sitting above the current price, meaning any attempted rally will immediately be met with selling pressure from traders trying to break even. 3. XRP (Ripple) Why it’s weak: XRP is being squeezed to the absolute limit, but the pressure is mostly coming from the top down. Key Factors: A thick red supply zone is pressing directly on the price like a lid. Unlike other coins where the CVD has flattened, XRP’s CVD is still drawing a strict, descending line. Furthermore, Open Interest continues to bleed out, and there is no strong conviction from whales to step in and defend the price. Honorable Mention (The Wildcard): XLM (Stellar) While XLM’s price action looks structurally weak (similar to DOT), its Whale Ratio is screaming with green accumulation bars. It is the most extreme divergence on the board. Whales are aggressively front-running a potential bottom here, making it a high-risk, high-reward chart to watch. All Orderflow Charts submitted by /u/JohnWickTurk [link] [comments]",Ethereum,"Crypto Market Orderflow Analysis: The Calm Before the Storm. This is an impressive set of orderflow and market data charts. What immediately stands out is that the entire crypto market is currently showing an almost identical macro pattern . All these coins have gone through a significant correction and are now in a consolidation phase. They are all forming a large converging structure (often a descending wedge or symmetrical triangle) and are approaching the “apex” (the tip of the triangle). This indicates an impending, massive volatility breakout for the entire market. Here is the analysis per coin, based on the unique details in their respective charts: 1. ADA (Cardano) Price, Volume Profile, Heatmap: The price is consolidating in a descending wedge and trading exactly on the Point of Control (POC – highest volume node). The heatmap on the right shows that liquidity (open orders) is tightly concentrated around the current price. Liquidations (Coin & Global): After a period of massive long liquidations (red bars), the market is now practically silent. The weak hands have been flushed out. Power Trades: Very flat both locally and globally; large players are not forcing market orders right now. Supply & Demand Zones: The price is tightly squeezed: hovering just above a thin green demand zone and just below a thick red supply zone. CVD & Momentum: The Cumulative Volume Delta (CVD) dropped significantly but is now starting to flatten out sideways, indicating decreasing selling pressure. Open Interest & Funding: Open Interest (OI) crashed hard after the top and is now consolidating at a low level. The funding rate is neutral to slightly positive. Whale Ratio: Neutral to slightly positive (showing slightly more green than red bars in this recent consolidation). 2. AVAX (Avalanche) Price, Volume Profile, Heatmap: Shows a downward trendline. The price is situated below the main POC, which indicates technical weakness. The heatmap shows heavy resistance sitting above the price. Liquidations (Coin & Global): A clear washout of longs has occurred; currently, there is minimal liquidation activity. Power Trades: We saw strong red outflows in the past, but currently, activity has completely dried up. Supply & Demand Zones: The price is struggling to hold onto the bottom green demand zone. The heavy red supply zones are located far above it. CVD & Momentum: The CVD took a deep dive and is only just now trying to form a bottom. Momentum is weak. Open Interest & Funding: OI is low after a significant drop; funding is volatile but swinging around the zero line. Whale Ratio: Mixed, with occasional slight peaks in accumulation (green). 3. BNB (Binance Coin) Price, Volume Profile, Heatmap: Forming a symmetrical triangle and trading above the POC. This looks structurally stronger than most others. The heatmap is dispersed. Liquidations (Coin & Global): BNB has actually shown slightly more short liquidations recently (green bars), pointing to relative strength compared to the rest of the market. Power Trades: Past red spikes have stopped; currently showing a mixed to neutral picture on the global feed. Supply & Demand Zones: Finding direct support on a solid green demand zone. CVD & Momentum: The CVD is one of the few showing a slight upward curl at the very end. Open Interest & Funding: OI didn’t crash as hard as the others and is even rising slightly during this consolidation. Whale Ratio: Very strong green; whales appear to be accumulating BNB more aggressively at these levels than other coins. 4. BTC (Bitcoin) Price, Volume Profile, Heatmap: The market leader is in a large wedge, testing the bottom of the ascending trendline just below the thick POC. The heatmap shows heavy order blocks directly below the price. Liquidations (Coin & Global): A massive flush of longs is behind us; historically speaking, it is extremely quiet right now. Power Trades: Completely dried up after previous heavy selling (red). The market is waiting. Supply & Demand Zones: Clinging to the green demand zone, but there is a substantial, broad red supply band above 68k. CVD & Momentum: The CVD is in a steady downtrend and is only marginally starting to flatten out. Open Interest & Funding: OI has been slashed since the top; speculation has left the market. Funding has normalized. Whale Ratio: Dominant green; large players are consistently buying the dip. 5. DOT (Polkadot) Price, Volume Profile, Heatmap: Heavy pressure on the bottom of the trendline, far below the main POC. The heatmap shows little support beneath it. Liquidations (Coin & Global): Coin liquidations have dropped to near zero, suggesting seller exhaustion. Power Trades: Mostly red (sells) leading up to this bottom, now silent. Supply & Demand Zones: Leaning heavily on the absolute lowest drawn green demand zone; lots of red overhead supply above it. CVD & Momentum: Very deep and negative CVD; momentum is completely lacking. Open Interest & Funding: OI melted away drastically and remains flat. Whale Ratio: A striking divergence: despite the weak price action, the whale ratio is very consistently green (accumulation). 6. ETH (Ethereum) Price, Volume Profile, Heatmap: A symmetrical triangle, with the price consolidating exactly on or just below the POC. The heatmap shows heavy resistance directly above the current price. Liquidations (Coin & Global): Earlier massive long liquidations have completely reset this market as well. Power Trades: Identical to BTC: total silence following a red outflow. Supply & Demand Zones: Trapped in a ‘gap’ between a clear red supply zone (resistance) and a green demand zone (support). CVD & Momentum: After a sharp drop, the CVD has now transitioned into a flat line. Open Interest & Funding: OI is moving tightly sideways; funding is back to baseline. Whale Ratio: Predominantly green, pointing to sustained buying interest from whales on this support line. 7. LINK (Chainlink) Price, Volume Profile, Heatmap: Testing the lower ascending trendline and trading just below the heavy POC line. Liquidations (Coin & Global): Very little activity following the initial major dip. Power Trades: Still showing a few recent red (sell) spikes, indicating lingering local selling pressure that has already vanished in other coins. Supply & Demand Zones: Hanging dangerously just above a thin demand line; multiple red supply levels sit above it. CVD & Momentum: The CVD is still dropping slightly and hasn’t flattened out as much as BTC/ETH. Open Interest & Funding: OI is consolidating at a low simmer. Whale Ratio: A slight majority of green bars, but less convincing than BTC or BNB. 8. SOL (Solana) Price, Volume Profile, Heatmap: Forming a tight wedge and currently trading almost exactly on its POC. Liquidations (Coin & Global): Showing slightly more short liquidations in this consolidation phase than the average on this list. Power Trades: Relatively quiet, save for a single, very small green spike. Supply & Demand Zones: The price has some breathing room and sits comfortably above the first green demand zone. CVD & Momentum: The steep drop in the CVD is now clearly curving into neutral territory. Open Interest & Funding: OI dropped but is now stabilizing nicely. Whale Ratio: Consistent, albeit smaller, green whale purchases. 9. XLM (Stellar) Price, Volume Profile, Heatmap: A broad descending wedge, with the price situated well below the main POC. The heatmap shows liquidity around the bottom of the wedge. Liquidations (Coin & Global): A very quiet market with virtually no significant liquidations visible. Power Trades: Practically non-existent; no aggressive market participants are active. Supply & Demand Zones: The price is resting on the extreme lowest green demand zone. If this breaks, there is very little support left. CVD & Momentum: The CVD is negative but drawing a flat line. Open Interest & Funding: OI is extremely low; oddly enough, funding is creeping up slightly. Whale Ratio: Very striking: extremely strong green. Whales are clearly and aggressively accumulating at these bottom prices. 10. XRP (Ripple) Price, Volume Profile, Heatmap: An extremely tight wedge, trading exactly at the apex and on the POC. The heatmap shows concentrated orders. Liquidations (Coin & Global): Small, frequent washouts on both sides; no more major peaks. Power Trades: Earlier heavy selling (red) has stopped; the indicator is now neutral. Supply & Demand Zones: A thick red supply zone is pressing down like a lid directly above the price. CVD & Momentum: The CVD line is still heading down in a tight, descending line with no signs of flattening yet. Open Interest & Funding: OI is slowly sinking further; interest is waning. Whale Ratio: Mixed to slightly green; no strong conviction visible from large accounts. Here is the ranking of the top 3 strongest and top 3 weakest coins based on the orderflow data, volume profiles, and the 7 metrics we analyzed. 🏆 Top 3 Strongest Coins These coins show the best combination of structural support, underlying buying pressure, and relative strength compared to the rest of the market. 1. BNB (Binance Coin) Why it’s the strongest: BNB is the clear standout. While most of the market is trapped under their Point of Control (POC) or clinging to the bottom of their patterns, BNB is trading above its main POC and resting comfortably on a solid green demand zone. Key Factors: It has the most bullish CVD (actually curling upwards), Open Interest is slightly rising instead of falling, and the Whale Ratio is overwhelmingly green, showing aggressive accumulation. It even triggered some short liquidations recently, showing buyers are actively pushing back. 2. BTC (Bitcoin) Why it’s strong: As the market leader, BTC is holding its crucial macro structure. The flush of late longs has completely reset the market, leaving a clean slate. Key Factors: It is defending the lower ascending trendline well, supported by a heavy order block below it. The most telling sign is the heavily dominant green Whale Ratio—large players are consistently using this consolidation to buy the dip, setting the stage for the next leg up. 3. SOL (Solana) Why it’s strong: SOL looks technically very clean and stable. It has already absorbed the selling pressure and is resting on its POC with breathing room above its demand zones. Key Factors: The steep drop in the CVD has visibly curved into neutral territory, indicating sellers are exhausted. Open Interest is stabilizing nicely, and there is consistent, steady accumulation visible in the Whale Ratio. It is perfectly coiled for a breakout. ⚠️ Top 3 Weakest Coins These coins are struggling the most structurally. They are pinned below heavy resistance, lack momentum, and would likely suffer the most if the overall market experiences a further drop. 1. DOT (Polkadot) Why it’s the weakest: DOT’s price action is incredibly heavy. It is pinned at the very bottom of its support structure and is trading far below its main Point of Control, meaning almost all recent buyers are underwater. Key Factors: It has a deep, negative CVD with zero upward momentum, and Open Interest has completely melted away. Note: The only saving grace here is a surprisingly strong green Whale Ratio, meaning large entities are buying this extreme weakness, but technically, it looks terrible right now. 2. AVAX (Avalanche) Why it’s weak: AVAX lost its primary support level (the main POC) and is now trading below it, turning that historical support into heavy overhead resistance. Key Factors: The CVD took a massive dive and is struggling to form a base. The heatmap shows a lot of supply sitting above the current price, meaning any attempted rally will immediately be met with selling pressure from traders trying to break even. 3. XRP (Ripple) Why it’s weak: XRP is being squeezed to the absolute limit, but the pressure is mostly coming from the top down. Key Factors: A thick red supply zone is pressing directly on the price like a lid. Unlike other coins where the CVD has flattened, XRP’s CVD is still drawing a strict, descending line. Furthermore, Open Interest continues to bleed out, and there is no strong conviction from whales to step in and defend the price. Honorable Mention (The Wildcard): XLM (Stellar) While XLM’s price action looks structurally weak (similar to DOT), its Whale Ratio is screaming with green accumulation bars. It is the most extreme divergence on the board. Whales are aggressively front-running a potential bottom here, making it a high-risk, high-reward chart to watch. All Orderflow Charts submitted by /u/JohnWickTurk [link] [comments]. This is an impressive set of orderflow and market data charts. What immediately stands out is that the entire crypto market is currently showing an almost identical macro pattern . All these coins have gone through a significant correction and are now in a consolidation phase. They are all forming a large converging structure (often a descending wedge or symmetrical triangle) and are approaching the “apex” (the tip of the triangle). This indicates an impending, massive volatility breakout for the entire market. Here is the analysis per coin, based on the unique details in their respective charts: 1. ADA (Cardano) Price, Volume Profile, Heatmap: The price is consolidating in a descending wedge and trading exactly on the Point of Control (POC – highest volume node). The heatmap on the right shows that liquidity (open orders) is tightly concentrated around the current price. Liquidations (Coin & Global): After a period of massive long liquidations (red bars), the market is now practically silent. The weak hands have been flushed out. Power Trades: Very flat both locally and globally; large players are not forcing market orders right now. Supply & Demand Zones: The price is tightly squeezed: hovering just above a thin green demand zone and just below a thick red supply zone. CVD & Momentum: The Cumulative Volume Delta (CVD) dropped significantly but is now starting to flatten out sideways, indicating decreasing selling pressure. Open Interest & Funding: Open Interest (OI) crashed hard after the top and is now consolidating at a low level. The funding rate is neutral to slightly positive. Whale Ratio: Neutral to slightly positive (showing slightly more green than red bars in this recent consolidation). 2. AVAX (Avalanche) Price, Volume Profile, Heatmap: Shows a downward trendline. The price is situated below the main POC, which indicates technical weakness. The heatmap shows heavy resistance sitting above the price. Liquidations (Coin & Global): A clear washout of longs has occurred; currently, there is minimal liquidation activity. Power Trades: We saw strong red outflows in the past, but currently, activity has completely dried up. Supply & Demand Zones: The price is struggling to hold onto the bottom green demand zone. The heavy red supply zones are located far above it. CVD & Momentum: The CVD took a deep dive and is only just now trying to form a bottom. Momentum is weak. Open Interest & Funding: OI is low after a significant drop; funding is volatile but swinging around the zero line. Whale Ratio: Mixed, with occasional slight peaks in accumulation (green). 3. BNB (Binance Coin) Price, Volume Profile, Heatmap: Forming a symmetrical triangle and trading above the POC. This looks structurally stronger than most others. The heatmap is dispersed. Liquidations (Coin & Global): BNB has actually shown slightly more short liquidations recently (green bars), pointing to relative strength compared to the rest of the market. Power Trades: Past red spikes have stopped; currently showing a mixed to neutral picture on the global feed. Supply & Demand Zones: Finding direct support on a solid green demand zone. CVD & Momentum: The CVD is one of the few showing a slight upward curl at the very end. Open Interest & Funding: OI didn’t crash as hard as the others and is even rising slightly during this consolidation. Whale Ratio: Very strong green; whales appear to be accumulating BNB more aggressively at these levels than other coins. 4. BTC (Bitcoin) Price, Volume Profile, Heatmap: The market leader is in a large wedge, testing the bottom of the ascending trendline just below the thick POC. The heatmap shows heavy order blocks directly below the price. Liquidations (Coin & Global): A massive flush of longs is behind us; historically speaking, it is extremely quiet right now. Power Trades: Completely dried up after previous heavy selling (red). The market is waiting. Supply & Demand Zones: Clinging to the green demand zone, but there is a substantial, broad red supply band above 68k. CVD & Momentum: The CVD is in a steady downtrend and is only marginally starting to flatten out. Open Interest & Funding: OI has been slashed since the top; speculation has left the market. Funding has normalized. Whale Ratio: Dominant green; large players are consistently buying the dip. 5. DOT (Polkadot) Price, Volume Profile, Heatmap: Heavy pressure on the bottom of the trendline, far below the main POC. The heatmap shows little support beneath it. Liquidations (Coin & Global): Coin liquidations have dropped to near zero, suggesting seller exhaustion. Power Trades: Mostly red (sells) leading up to this bottom, now silent. Supply & Demand Zones: Leaning heavily on the absolute lowest drawn green demand zone; lots of red overhead supply above it. CVD & Momentum: Very deep and negative CVD; momentum is completely lacking. Open Interest & Funding: OI melted away drastically and remains flat. Whale Ratio: A striking divergence: despite the weak price action, the whale ratio is very consistently green (accumulation). 6. ETH (Ethereum) Price, Volume Profile, Heatmap: A symmetrical triangle, with the price consolidating exactly on or just below the POC. The heatmap shows heavy resistance directly above the current price. Liquidations (Coin & Global): Earlier massive long liquidations have completely reset this market as well. Power Trades: Identical to BTC: total silence following a red outflow. Supply & Demand Zones: Trapped in a ‘gap’ between a clear red supply zone (resistance) and a green demand zone (support). CVD & Momentum: After a sharp drop, the CVD has now transitioned into a flat line. Open Interest & Funding: OI is moving tightly sideways; funding is back to baseline. Whale Ratio: Predominantly green, pointing to sustained buying interest from whales on this support line. 7. LINK (Chainlink) Price, Volume Profile, Heatmap: Testing the lower ascending trendline and trading just below the heavy POC line. Liquidations (Coin & Global): Very little activity following the initial major dip. Power Trades: Still showing a few recent red (sell) spikes, indicating lingering local selling pressure that has already vanished in other coins. Supply & Demand Zones: Hanging dangerously just above a thin demand line; multiple red supply levels sit above it. CVD & Momentum: The CVD is still dropping slightly and hasn’t flattened out as much as BTC/ETH. Open Interest & Funding: OI is consolidating at a low simmer. Whale Ratio: A slight majority of green bars, but less convincing than BTC or BNB. 8. SOL (Solana) Price, Volume Profile, Heatmap: Forming a tight wedge and currently trading almost exactly on its POC. Liquidations (Coin & Global): Showing slightly more short liquidations in this consolidation phase than the average on this list. Power Trades: Relatively quiet, save for a single, very small green spike. Supply & Demand Zones: The price has some breathing room and sits comfortably above the first green demand zone. CVD & Momentum: The steep drop in the CVD is now clearly curving into neutral territory. Open Interest & Funding: OI dropped but is now stabilizing nicely. Whale Ratio: Consistent, albeit smaller, green whale purchases. 9. XLM (Stellar) Price, Volume Profile, Heatmap: A broad descending wedge, with the price situated well below the main POC. The heatmap shows liquidity around the bottom of the wedge. Liquidations (Coin & Global): A very quiet market with virtually no significant liquidations visible. Power Trades: Practically non-existent; no aggressive market participants are active. Supply & Demand Zones: The price is resting on the extreme lowest green demand zone. If this breaks, there is very little support left. CVD & Momentum: The CVD is negative but drawing a flat line. Open Interest & Funding: OI is extremely low; oddly enough, funding is creeping up slightly. Whale Ratio: Very striking: extremely strong green. Whales are clearly and aggressively accumulating at these bottom prices. 10. XRP (Ripple) Price, Volume Profile, Heatmap: An extremely tight wedge, trading exactly at the apex and on the POC. The heatmap shows concentrated orders. Liquidations (Coin & Global): Small, frequent washouts on both sides; no more major peaks. Power Trades: Earlier heavy selling (red) has stopped; the indicator is now neutral. Supply & Demand Zones: A thick red supply zone is pressing down like a lid directly above the price. CVD & Momentum: The CVD line is still heading down in a tight, descending line with no signs of flattening yet. Open Interest & Funding: OI is slowly sinking further; interest is waning. Whale Ratio: Mixed to slightly green; no strong conviction visible from large accounts. Here is the ranking of the top 3 strongest and top 3 weakest coins based on the orderflow data, volume profiles, and the 7 metrics we analyzed. 🏆 Top 3 Strongest Coins These coins show the best combination of structural support, underlying buying pressure, and relative strength compared to the rest of the market. 1. BNB (Binance Coin) Why it’s the strongest: BNB is the clear standout. While most of the market is trapped under their Point of Control (POC) or clinging to the bottom of their patterns, BNB is trading above its main POC and resting comfortably on a solid green demand zone. Key Factors: It has the most bullish CVD (actually curling upwards), Open Interest is slightly rising instead of falling, and the Whale Ratio is overwhelmingly green, showing aggressive accumulation. It even triggered some short liquidations recently, showing buyers are actively pushing back. 2. BTC (Bitcoin) Why it’s strong: As the market leader, BTC is holding its crucial macro structure. The flush of late longs has completely reset the market, leaving a clean slate. Key Factors: It is defending the lower ascending trendline well, supported by a heavy order block below it. The most telling sign is the heavily dominant green Whale Ratio—large players are consistently using this consolidation to buy the dip, setting the stage for the next leg up. 3. SOL (Solana) Why it’s strong: SOL looks technically very clean and stable. It has already absorbed the selling pressure and is resting on its POC with breathing room above its demand zones. Key Factors: The steep drop in the CVD has visibly curved into neutral territory, indicating sellers are exhausted. Open Interest is stabilizing nicely, and there is consistent, steady accumulation visible in the Whale Ratio. It is perfectly coiled for a breakout. ⚠️ Top 3 Weakest Coins These coins are struggling the most structurally. They are pinned below heavy resistance, lack momentum, and would likely suffer the most if the overall market experiences a further drop. 1. DOT (Polkadot) Why it’s the weakest: DOT’s price action is incredibly heavy. It is pinned at the very bottom of its support structure and is trading far below its main Point of Control, meaning almost all recent buyers are underwater. Key Factors: It has a deep, negative CVD with zero upward momentum, and Open Interest has completely melted away. Note: The only saving grace here is a surprisingly strong green Whale Ratio, meaning large entities are buying this extreme weakness, but technically, it looks terrible right now. 2. AVAX (Avalanche) Why it’s weak: AVAX lost its primary support level (the main POC) and is now trading below it, turning that historical support into heavy overhead resistance. Key Factors: The CVD took a massive dive and is struggling to form a base. The heatmap shows a lot of supply sitting above the current price, meaning any attempted rally will immediately be met with selling pressure from traders trying to break even. 3. XRP (Ripple) Why it’s weak: XRP is being squeezed to the absolute limit, but the pressure is mostly coming from the top down. Key Factors: A thick red supply zone is pressing directly on the price like a lid. Unlike other coins where the CVD has flattened, XRP’s CVD is still drawing a strict, descending line. Furthermore, Open Interest continues to bleed out, and there is no strong conviction from whales to step in and defend the price. Honorable Mention (The Wildcard): XLM (Stellar) While XLM’s price action looks structurally weak (similar to DOT), its Whale Ratio is screaming with green accumulation bars. It is the most extreme divergence on the board. Whales are aggressively front-running a potential bottom here, making it a high-risk, high-reward chart to watch. All Orderflow Charts submitted by /u/JohnWickTurk [link] [comments]",0.0,neutral,0.0,Signals are mixed or informational (score 0.000).,llama3.2,v1.0.0,2026-03-27T08:12:04Z
reddit,https://www.reddit.com/r/CryptoMarkets/comments/1s4wgby/crypto_market_orderflow_analysis_the_calm_before/,2026-03-26,2026-03-27T08:12:04Z,Crypto Market Orderflow Analysis: The Calm Before the Storm,"This is an impressive set of orderflow and market data charts. What immediately stands out is that the entire crypto market is currently showing an almost identical macro pattern . All these coins have gone through a significant correction and are now in a consolidation phase. They are all forming a large converging structure (often a descending wedge or symmetrical triangle) and are approaching the “apex” (the tip of the triangle). This indicates an impending, massive volatility breakout for the entire market. Here is the analysis per coin, based on the unique details in their respective charts: 1. ADA (Cardano) Price, Volume Profile, Heatmap: The price is consolidating in a descending wedge and trading exactly on the Point of Control (POC – highest volume node). The heatmap on the right shows that liquidity (open orders) is tightly concentrated around the current price. Liquidations (Coin & Global): After a period of massive long liquidations (red bars), the market is now practically silent. The weak hands have been flushed out. Power Trades: Very flat both locally and globally; large players are not forcing market orders right now. Supply & Demand Zones: The price is tightly squeezed: hovering just above a thin green demand zone and just below a thick red supply zone. CVD & Momentum: The Cumulative Volume Delta (CVD) dropped significantly but is now starting to flatten out sideways, indicating decreasing selling pressure. Open Interest & Funding: Open Interest (OI) crashed hard after the top and is now consolidating at a low level. The funding rate is neutral to slightly positive. Whale Ratio: Neutral to slightly positive (showing slightly more green than red bars in this recent consolidation). 2. AVAX (Avalanche) Price, Volume Profile, Heatmap: Shows a downward trendline. The price is situated below the main POC, which indicates technical weakness. The heatmap shows heavy resistance sitting above the price. Liquidations (Coin & Global): A clear washout of longs has occurred; currently, there is minimal liquidation activity. Power Trades: We saw strong red outflows in the past, but currently, activity has completely dried up. Supply & Demand Zones: The price is struggling to hold onto the bottom green demand zone. The heavy red supply zones are located far above it. CVD & Momentum: The CVD took a deep dive and is only just now trying to form a bottom. Momentum is weak. Open Interest & Funding: OI is low after a significant drop; funding is volatile but swinging around the zero line. Whale Ratio: Mixed, with occasional slight peaks in accumulation (green). 3. BNB (Binance Coin) Price, Volume Profile, Heatmap: Forming a symmetrical triangle and trading above the POC. This looks structurally stronger than most others. The heatmap is dispersed. Liquidations (Coin & Global): BNB has actually shown slightly more short liquidations recently (green bars), pointing to relative strength compared to the rest of the market. Power Trades: Past red spikes have stopped; currently showing a mixed to neutral picture on the global feed. Supply & Demand Zones: Finding direct support on a solid green demand zone. CVD & Momentum: The CVD is one of the few showing a slight upward curl at the very end. Open Interest & Funding: OI didn’t crash as hard as the others and is even rising slightly during this consolidation. Whale Ratio: Very strong green; whales appear to be accumulating BNB more aggressively at these levels than other coins. 4. BTC (Bitcoin) Price, Volume Profile, Heatmap: The market leader is in a large wedge, testing the bottom of the ascending trendline just below the thick POC. The heatmap shows heavy order blocks directly below the price. Liquidations (Coin & Global): A massive flush of longs is behind us; historically speaking, it is extremely quiet right now. Power Trades: Completely dried up after previous heavy selling (red). The market is waiting. Supply & Demand Zones: Clinging to the green demand zone, but there is a substantial, broad red supply band above 68k. CVD & Momentum: The CVD is in a steady downtrend and is only marginally starting to flatten out. Open Interest & Funding: OI has been slashed since the top; speculation has left the market. Funding has normalized. Whale Ratio: Dominant green; large players are consistently buying the dip. 5. DOT (Polkadot) Price, Volume Profile, Heatmap: Heavy pressure on the bottom of the trendline, far below the main POC. The heatmap shows little support beneath it. Liquidations (Coin & Global): Coin liquidations have dropped to near zero, suggesting seller exhaustion. Power Trades: Mostly red (sells) leading up to this bottom, now silent. Supply & Demand Zones: Leaning heavily on the absolute lowest drawn green demand zone; lots of red overhead supply above it. CVD & Momentum: Very deep and negative CVD; momentum is completely lacking. Open Interest & Funding: OI melted away drastically and remains flat. Whale Ratio: A striking divergence: despite the weak price action, the whale ratio is very consistently green (accumulation). 6. ETH (Ethereum) Price, Volume Profile, Heatmap: A symmetrical triangle, with the price consolidating exactly on or just below the POC. The heatmap shows heavy resistance directly above the current price. Liquidations (Coin & Global): Earlier massive long liquidations have completely reset this market as well. Power Trades: Identical to BTC: total silence following a red outflow. Supply & Demand Zones: Trapped in a ‘gap’ between a clear red supply zone (resistance) and a green demand zone (support). CVD & Momentum: After a sharp drop, the CVD has now transitioned into a flat line. Open Interest & Funding: OI is moving tightly sideways; funding is back to baseline. Whale Ratio: Predominantly green, pointing to sustained buying interest from whales on this support line. 7. LINK (Chainlink) Price, Volume Profile, Heatmap: Testing the lower ascending trendline and trading just below the heavy POC line. Liquidations (Coin & Global): Very little activity following the initial major dip. Power Trades: Still showing a few recent red (sell) spikes, indicating lingering local selling pressure that has already vanished in other coins. Supply & Demand Zones: Hanging dangerously just above a thin demand line; multiple red supply levels sit above it. CVD & Momentum: The CVD is still dropping slightly and hasn’t flattened out as much as BTC/ETH. Open Interest & Funding: OI is consolidating at a low simmer. Whale Ratio: A slight majority of green bars, but less convincing than BTC or BNB. 8. SOL (Solana) Price, Volume Profile, Heatmap: Forming a tight wedge and currently trading almost exactly on its POC. Liquidations (Coin & Global): Showing slightly more short liquidations in this consolidation phase than the average on this list. Power Trades: Relatively quiet, save for a single, very small green spike. Supply & Demand Zones: The price has some breathing room and sits comfortably above the first green demand zone. CVD & Momentum: The steep drop in the CVD is now clearly curving into neutral territory. Open Interest & Funding: OI dropped but is now stabilizing nicely. Whale Ratio: Consistent, albeit smaller, green whale purchases. 9. XLM (Stellar) Price, Volume Profile, Heatmap: A broad descending wedge, with the price situated well below the main POC. The heatmap shows liquidity around the bottom of the wedge. Liquidations (Coin & Global): A very quiet market with virtually no significant liquidations visible. Power Trades: Practically non-existent; no aggressive market participants are active. Supply & Demand Zones: The price is resting on the extreme lowest green demand zone. If this breaks, there is very little support left. CVD & Momentum: The CVD is negative but drawing a flat line. Open Interest & Funding: OI is extremely low; oddly enough, funding is creeping up slightly. Whale Ratio: Very striking: extremely strong green. Whales are clearly and aggressively accumulating at these bottom prices. 10. XRP (Ripple) Price, Volume Profile, Heatmap: An extremely tight wedge, trading exactly at the apex and on the POC. The heatmap shows concentrated orders. Liquidations (Coin & Global): Small, frequent washouts on both sides; no more major peaks. Power Trades: Earlier heavy selling (red) has stopped; the indicator is now neutral. Supply & Demand Zones: A thick red supply zone is pressing down like a lid directly above the price. CVD & Momentum: The CVD line is still heading down in a tight, descending line with no signs of flattening yet. Open Interest & Funding: OI is slowly sinking further; interest is waning. Whale Ratio: Mixed to slightly green; no strong conviction visible from large accounts. Here is the ranking of the top 3 strongest and top 3 weakest coins based on the orderflow data, volume profiles, and the 7 metrics we analyzed. 🏆 Top 3 Strongest Coins These coins show the best combination of structural support, underlying buying pressure, and relative strength compared to the rest of the market. 1. BNB (Binance Coin) Why it’s the strongest: BNB is the clear standout. While most of the market is trapped under their Point of Control (POC) or clinging to the bottom of their patterns, BNB is trading above its main POC and resting comfortably on a solid green demand zone. Key Factors: It has the most bullish CVD (actually curling upwards), Open Interest is slightly rising instead of falling, and the Whale Ratio is overwhelmingly green, showing aggressive accumulation. It even triggered some short liquidations recently, showing buyers are actively pushing back. 2. BTC (Bitcoin) Why it’s strong: As the market leader, BTC is holding its crucial macro structure. The flush of late longs has completely reset the market, leaving a clean slate. Key Factors: It is defending the lower ascending trendline well, supported by a heavy order block below it. The most telling sign is the heavily dominant green Whale Ratio—large players are consistently using this consolidation to buy the dip, setting the stage for the next leg up. 3. SOL (Solana) Why it’s strong: SOL looks technically very clean and stable. It has already absorbed the selling pressure and is resting on its POC with breathing room above its demand zones. Key Factors: The steep drop in the CVD has visibly curved into neutral territory, indicating sellers are exhausted. Open Interest is stabilizing nicely, and there is consistent, steady accumulation visible in the Whale Ratio. It is perfectly coiled for a breakout. ⚠️ Top 3 Weakest Coins These coins are struggling the most structurally. They are pinned below heavy resistance, lack momentum, and would likely suffer the most if the overall market experiences a further drop. 1. DOT (Polkadot) Why it’s the weakest: DOT’s price action is incredibly heavy. It is pinned at the very bottom of its support structure and is trading far below its main Point of Control, meaning almost all recent buyers are underwater. Key Factors: It has a deep, negative CVD with zero upward momentum, and Open Interest has completely melted away. Note: The only saving grace here is a surprisingly strong green Whale Ratio, meaning large entities are buying this extreme weakness, but technically, it looks terrible right now. 2. AVAX (Avalanche) Why it’s weak: AVAX lost its primary support level (the main POC) and is now trading below it, turning that historical support into heavy overhead resistance. Key Factors: The CVD took a massive dive and is struggling to form a base. The heatmap shows a lot of supply sitting above the current price, meaning any attempted rally will immediately be met with selling pressure from traders trying to break even. 3. XRP (Ripple) Why it’s weak: XRP is being squeezed to the absolute limit, but the pressure is mostly coming from the top down. Key Factors: A thick red supply zone is pressing directly on the price like a lid. Unlike other coins where the CVD has flattened, XRP’s CVD is still drawing a strict, descending line. Furthermore, Open Interest continues to bleed out, and there is no strong conviction from whales to step in and defend the price. Honorable Mention (The Wildcard): XLM (Stellar) While XLM’s price action looks structurally weak (similar to DOT), its Whale Ratio is screaming with green accumulation bars. It is the most extreme divergence on the board. Whales are aggressively front-running a potential bottom here, making it a high-risk, high-reward chart to watch. All Orderflow Charts submitted by /u/JohnWickTurk [link] [comments]",Solana,"Crypto Market Orderflow Analysis: The Calm Before the Storm. This is an impressive set of orderflow and market data charts. What immediately stands out is that the entire crypto market is currently showing an almost identical macro pattern . All these coins have gone through a significant correction and are now in a consolidation phase. They are all forming a large converging structure (often a descending wedge or symmetrical triangle) and are approaching the “apex” (the tip of the triangle). This indicates an impending, massive volatility breakout for the entire market. Here is the analysis per coin, based on the unique details in their respective charts: 1. ADA (Cardano) Price, Volume Profile, Heatmap: The price is consolidating in a descending wedge and trading exactly on the Point of Control (POC – highest volume node). The heatmap on the right shows that liquidity (open orders) is tightly concentrated around the current price. Liquidations (Coin & Global): After a period of massive long liquidations (red bars), the market is now practically silent. The weak hands have been flushed out. Power Trades: Very flat both locally and globally; large players are not forcing market orders right now. Supply & Demand Zones: The price is tightly squeezed: hovering just above a thin green demand zone and just below a thick red supply zone. CVD & Momentum: The Cumulative Volume Delta (CVD) dropped significantly but is now starting to flatten out sideways, indicating decreasing selling pressure. Open Interest & Funding: Open Interest (OI) crashed hard after the top and is now consolidating at a low level. The funding rate is neutral to slightly positive. Whale Ratio: Neutral to slightly positive (showing slightly more green than red bars in this recent consolidation). 2. AVAX (Avalanche) Price, Volume Profile, Heatmap: Shows a downward trendline. The price is situated below the main POC, which indicates technical weakness. The heatmap shows heavy resistance sitting above the price. Liquidations (Coin & Global): A clear washout of longs has occurred; currently, there is minimal liquidation activity. Power Trades: We saw strong red outflows in the past, but currently, activity has completely dried up. Supply & Demand Zones: The price is struggling to hold onto the bottom green demand zone. The heavy red supply zones are located far above it. CVD & Momentum: The CVD took a deep dive and is only just now trying to form a bottom. Momentum is weak. Open Interest & Funding: OI is low after a significant drop; funding is volatile but swinging around the zero line. Whale Ratio: Mixed, with occasional slight peaks in accumulation (green). 3. BNB (Binance Coin) Price, Volume Profile, Heatmap: Forming a symmetrical triangle and trading above the POC. This looks structurally stronger than most others. The heatmap is dispersed. Liquidations (Coin & Global): BNB has actually shown slightly more short liquidations recently (green bars), pointing to relative strength compared to the rest of the market. Power Trades: Past red spikes have stopped; currently showing a mixed to neutral picture on the global feed. Supply & Demand Zones: Finding direct support on a solid green demand zone. CVD & Momentum: The CVD is one of the few showing a slight upward curl at the very end. Open Interest & Funding: OI didn’t crash as hard as the others and is even rising slightly during this consolidation. Whale Ratio: Very strong green; whales appear to be accumulating BNB more aggressively at these levels than other coins. 4. BTC (Bitcoin) Price, Volume Profile, Heatmap: The market leader is in a large wedge, testing the bottom of the ascending trendline just below the thick POC. The heatmap shows heavy order blocks directly below the price. Liquidations (Coin & Global): A massive flush of longs is behind us; historically speaking, it is extremely quiet right now. Power Trades: Completely dried up after previous heavy selling (red). The market is waiting. Supply & Demand Zones: Clinging to the green demand zone, but there is a substantial, broad red supply band above 68k. CVD & Momentum: The CVD is in a steady downtrend and is only marginally starting to flatten out. Open Interest & Funding: OI has been slashed since the top; speculation has left the market. Funding has normalized. Whale Ratio: Dominant green; large players are consistently buying the dip. 5. DOT (Polkadot) Price, Volume Profile, Heatmap: Heavy pressure on the bottom of the trendline, far below the main POC. The heatmap shows little support beneath it. Liquidations (Coin & Global): Coin liquidations have dropped to near zero, suggesting seller exhaustion. Power Trades: Mostly red (sells) leading up to this bottom, now silent. Supply & Demand Zones: Leaning heavily on the absolute lowest drawn green demand zone; lots of red overhead supply above it. CVD & Momentum: Very deep and negative CVD; momentum is completely lacking. Open Interest & Funding: OI melted away drastically and remains flat. Whale Ratio: A striking divergence: despite the weak price action, the whale ratio is very consistently green (accumulation). 6. ETH (Ethereum) Price, Volume Profile, Heatmap: A symmetrical triangle, with the price consolidating exactly on or just below the POC. The heatmap shows heavy resistance directly above the current price. Liquidations (Coin & Global): Earlier massive long liquidations have completely reset this market as well. Power Trades: Identical to BTC: total silence following a red outflow. Supply & Demand Zones: Trapped in a ‘gap’ between a clear red supply zone (resistance) and a green demand zone (support). CVD & Momentum: After a sharp drop, the CVD has now transitioned into a flat line. Open Interest & Funding: OI is moving tightly sideways; funding is back to baseline. Whale Ratio: Predominantly green, pointing to sustained buying interest from whales on this support line. 7. LINK (Chainlink) Price, Volume Profile, Heatmap: Testing the lower ascending trendline and trading just below the heavy POC line. Liquidations (Coin & Global): Very little activity following the initial major dip. Power Trades: Still showing a few recent red (sell) spikes, indicating lingering local selling pressure that has already vanished in other coins. Supply & Demand Zones: Hanging dangerously just above a thin demand line; multiple red supply levels sit above it. CVD & Momentum: The CVD is still dropping slightly and hasn’t flattened out as much as BTC/ETH. Open Interest & Funding: OI is consolidating at a low simmer. Whale Ratio: A slight majority of green bars, but less convincing than BTC or BNB. 8. SOL (Solana) Price, Volume Profile, Heatmap: Forming a tight wedge and currently trading almost exactly on its POC. Liquidations (Coin & Global): Showing slightly more short liquidations in this consolidation phase than the average on this list. Power Trades: Relatively quiet, save for a single, very small green spike. Supply & Demand Zones: The price has some breathing room and sits comfortably above the first green demand zone. CVD & Momentum: The steep drop in the CVD is now clearly curving into neutral territory. Open Interest & Funding: OI dropped but is now stabilizing nicely. Whale Ratio: Consistent, albeit smaller, green whale purchases. 9. XLM (Stellar) Price, Volume Profile, Heatmap: A broad descending wedge, with the price situated well below the main POC. The heatmap shows liquidity around the bottom of the wedge. Liquidations (Coin & Global): A very quiet market with virtually no significant liquidations visible. Power Trades: Practically non-existent; no aggressive market participants are active. Supply & Demand Zones: The price is resting on the extreme lowest green demand zone. If this breaks, there is very little support left. CVD & Momentum: The CVD is negative but drawing a flat line. Open Interest & Funding: OI is extremely low; oddly enough, funding is creeping up slightly. Whale Ratio: Very striking: extremely strong green. Whales are clearly and aggressively accumulating at these bottom prices. 10. XRP (Ripple) Price, Volume Profile, Heatmap: An extremely tight wedge, trading exactly at the apex and on the POC. The heatmap shows concentrated orders. Liquidations (Coin & Global): Small, frequent washouts on both sides; no more major peaks. Power Trades: Earlier heavy selling (red) has stopped; the indicator is now neutral. Supply & Demand Zones: A thick red supply zone is pressing down like a lid directly above the price. CVD & Momentum: The CVD line is still heading down in a tight, descending line with no signs of flattening yet. Open Interest & Funding: OI is slowly sinking further; interest is waning. Whale Ratio: Mixed to slightly green; no strong conviction visible from large accounts. Here is the ranking of the top 3 strongest and top 3 weakest coins based on the orderflow data, volume profiles, and the 7 metrics we analyzed. 🏆 Top 3 Strongest Coins These coins show the best combination of structural support, underlying buying pressure, and relative strength compared to the rest of the market. 1. BNB (Binance Coin) Why it’s the strongest: BNB is the clear standout. While most of the market is trapped under their Point of Control (POC) or clinging to the bottom of their patterns, BNB is trading above its main POC and resting comfortably on a solid green demand zone. Key Factors: It has the most bullish CVD (actually curling upwards), Open Interest is slightly rising instead of falling, and the Whale Ratio is overwhelmingly green, showing aggressive accumulation. It even triggered some short liquidations recently, showing buyers are actively pushing back. 2. BTC (Bitcoin) Why it’s strong: As the market leader, BTC is holding its crucial macro structure. The flush of late longs has completely reset the market, leaving a clean slate. Key Factors: It is defending the lower ascending trendline well, supported by a heavy order block below it. The most telling sign is the heavily dominant green Whale Ratio—large players are consistently using this consolidation to buy the dip, setting the stage for the next leg up. 3. SOL (Solana) Why it’s strong: SOL looks technically very clean and stable. It has already absorbed the selling pressure and is resting on its POC with breathing room above its demand zones. Key Factors: The steep drop in the CVD has visibly curved into neutral territory, indicating sellers are exhausted. Open Interest is stabilizing nicely, and there is consistent, steady accumulation visible in the Whale Ratio. It is perfectly coiled for a breakout. ⚠️ Top 3 Weakest Coins These coins are struggling the most structurally. They are pinned below heavy resistance, lack momentum, and would likely suffer the most if the overall market experiences a further drop. 1. DOT (Polkadot) Why it’s the weakest: DOT’s price action is incredibly heavy. It is pinned at the very bottom of its support structure and is trading far below its main Point of Control, meaning almost all recent buyers are underwater. Key Factors: It has a deep, negative CVD with zero upward momentum, and Open Interest has completely melted away. Note: The only saving grace here is a surprisingly strong green Whale Ratio, meaning large entities are buying this extreme weakness, but technically, it looks terrible right now. 2. AVAX (Avalanche) Why it’s weak: AVAX lost its primary support level (the main POC) and is now trading below it, turning that historical support into heavy overhead resistance. Key Factors: The CVD took a massive dive and is struggling to form a base. The heatmap shows a lot of supply sitting above the current price, meaning any attempted rally will immediately be met with selling pressure from traders trying to break even. 3. XRP (Ripple) Why it’s weak: XRP is being squeezed to the absolute limit, but the pressure is mostly coming from the top down. Key Factors: A thick red supply zone is pressing directly on the price like a lid. Unlike other coins where the CVD has flattened, XRP’s CVD is still drawing a strict, descending line. Furthermore, Open Interest continues to bleed out, and there is no strong conviction from whales to step in and defend the price. Honorable Mention (The Wildcard): XLM (Stellar) While XLM’s price action looks structurally weak (similar to DOT), its Whale Ratio is screaming with green accumulation bars. It is the most extreme divergence on the board. Whales are aggressively front-running a potential bottom here, making it a high-risk, high-reward chart to watch. All Orderflow Charts submitted by /u/JohnWickTurk [link] [comments]. This is an impressive set of orderflow and market data charts. What immediately stands out is that the entire crypto market is currently showing an almost identical macro pattern . All these coins have gone through a significant correction and are now in a consolidation phase. They are all forming a large converging structure (often a descending wedge or symmetrical triangle) and are approaching the “apex” (the tip of the triangle). This indicates an impending, massive volatility breakout for the entire market. Here is the analysis per coin, based on the unique details in their respective charts: 1. ADA (Cardano) Price, Volume Profile, Heatmap: The price is consolidating in a descending wedge and trading exactly on the Point of Control (POC – highest volume node). The heatmap on the right shows that liquidity (open orders) is tightly concentrated around the current price. Liquidations (Coin & Global): After a period of massive long liquidations (red bars), the market is now practically silent. The weak hands have been flushed out. Power Trades: Very flat both locally and globally; large players are not forcing market orders right now. Supply & Demand Zones: The price is tightly squeezed: hovering just above a thin green demand zone and just below a thick red supply zone. CVD & Momentum: The Cumulative Volume Delta (CVD) dropped significantly but is now starting to flatten out sideways, indicating decreasing selling pressure. Open Interest & Funding: Open Interest (OI) crashed hard after the top and is now consolidating at a low level. The funding rate is neutral to slightly positive. Whale Ratio: Neutral to slightly positive (showing slightly more green than red bars in this recent consolidation). 2. AVAX (Avalanche) Price, Volume Profile, Heatmap: Shows a downward trendline. The price is situated below the main POC, which indicates technical weakness. The heatmap shows heavy resistance sitting above the price. Liquidations (Coin & Global): A clear washout of longs has occurred; currently, there is minimal liquidation activity. Power Trades: We saw strong red outflows in the past, but currently, activity has completely dried up. Supply & Demand Zones: The price is struggling to hold onto the bottom green demand zone. The heavy red supply zones are located far above it. CVD & Momentum: The CVD took a deep dive and is only just now trying to form a bottom. Momentum is weak. Open Interest & Funding: OI is low after a significant drop; funding is volatile but swinging around the zero line. Whale Ratio: Mixed, with occasional slight peaks in accumulation (green). 3. BNB (Binance Coin) Price, Volume Profile, Heatmap: Forming a symmetrical triangle and trading above the POC. This looks structurally stronger than most others. The heatmap is dispersed. Liquidations (Coin & Global): BNB has actually shown slightly more short liquidations recently (green bars), pointing to relative strength compared to the rest of the market. Power Trades: Past red spikes have stopped; currently showing a mixed to neutral picture on the global feed. Supply & Demand Zones: Finding direct support on a solid green demand zone. CVD & Momentum: The CVD is one of the few showing a slight upward curl at the very end. Open Interest & Funding: OI didn’t crash as hard as the others and is even rising slightly during this consolidation. Whale Ratio: Very strong green; whales appear to be accumulating BNB more aggressively at these levels than other coins. 4. BTC (Bitcoin) Price, Volume Profile, Heatmap: The market leader is in a large wedge, testing the bottom of the ascending trendline just below the thick POC. The heatmap shows heavy order blocks directly below the price. Liquidations (Coin & Global): A massive flush of longs is behind us; historically speaking, it is extremely quiet right now. Power Trades: Completely dried up after previous heavy selling (red). The market is waiting. Supply & Demand Zones: Clinging to the green demand zone, but there is a substantial, broad red supply band above 68k. CVD & Momentum: The CVD is in a steady downtrend and is only marginally starting to flatten out. Open Interest & Funding: OI has been slashed since the top; speculation has left the market. Funding has normalized. Whale Ratio: Dominant green; large players are consistently buying the dip. 5. DOT (Polkadot) Price, Volume Profile, Heatmap: Heavy pressure on the bottom of the trendline, far below the main POC. The heatmap shows little support beneath it. Liquidations (Coin & Global): Coin liquidations have dropped to near zero, suggesting seller exhaustion. Power Trades: Mostly red (sells) leading up to this bottom, now silent. Supply & Demand Zones: Leaning heavily on the absolute lowest drawn green demand zone; lots of red overhead supply above it. CVD & Momentum: Very deep and negative CVD; momentum is completely lacking. Open Interest & Funding: OI melted away drastically and remains flat. Whale Ratio: A striking divergence: despite the weak price action, the whale ratio is very consistently green (accumulation). 6. ETH (Ethereum) Price, Volume Profile, Heatmap: A symmetrical triangle, with the price consolidating exactly on or just below the POC. The heatmap shows heavy resistance directly above the current price. Liquidations (Coin & Global): Earlier massive long liquidations have completely reset this market as well. Power Trades: Identical to BTC: total silence following a red outflow. Supply & Demand Zones: Trapped in a ‘gap’ between a clear red supply zone (resistance) and a green demand zone (support). CVD & Momentum: After a sharp drop, the CVD has now transitioned into a flat line. Open Interest & Funding: OI is moving tightly sideways; funding is back to baseline. Whale Ratio: Predominantly green, pointing to sustained buying interest from whales on this support line. 7. LINK (Chainlink) Price, Volume Profile, Heatmap: Testing the lower ascending trendline and trading just below the heavy POC line. Liquidations (Coin & Global): Very little activity following the initial major dip. Power Trades: Still showing a few recent red (sell) spikes, indicating lingering local selling pressure that has already vanished in other coins. Supply & Demand Zones: Hanging dangerously just above a thin demand line; multiple red supply levels sit above it. CVD & Momentum: The CVD is still dropping slightly and hasn’t flattened out as much as BTC/ETH. Open Interest & Funding: OI is consolidating at a low simmer. Whale Ratio: A slight majority of green bars, but less convincing than BTC or BNB. 8. SOL (Solana) Price, Volume Profile, Heatmap: Forming a tight wedge and currently trading almost exactly on its POC. Liquidations (Coin & Global): Showing slightly more short liquidations in this consolidation phase than the average on this list. Power Trades: Relatively quiet, save for a single, very small green spike. Supply & Demand Zones: The price has some breathing room and sits comfortably above the first green demand zone. CVD & Momentum: The steep drop in the CVD is now clearly curving into neutral territory. Open Interest & Funding: OI dropped but is now stabilizing nicely. Whale Ratio: Consistent, albeit smaller, green whale purchases. 9. XLM (Stellar) Price, Volume Profile, Heatmap: A broad descending wedge, with the price situated well below the main POC. The heatmap shows liquidity around the bottom of the wedge. Liquidations (Coin & Global): A very quiet market with virtually no significant liquidations visible. Power Trades: Practically non-existent; no aggressive market participants are active. Supply & Demand Zones: The price is resting on the extreme lowest green demand zone. If this breaks, there is very little support left. CVD & Momentum: The CVD is negative but drawing a flat line. Open Interest & Funding: OI is extremely low; oddly enough, funding is creeping up slightly. Whale Ratio: Very striking: extremely strong green. Whales are clearly and aggressively accumulating at these bottom prices. 10. XRP (Ripple) Price, Volume Profile, Heatmap: An extremely tight wedge, trading exactly at the apex and on the POC. The heatmap shows concentrated orders. Liquidations (Coin & Global): Small, frequent washouts on both sides; no more major peaks. Power Trades: Earlier heavy selling (red) has stopped; the indicator is now neutral. Supply & Demand Zones: A thick red supply zone is pressing down like a lid directly above the price. CVD & Momentum: The CVD line is still heading down in a tight, descending line with no signs of flattening yet. Open Interest & Funding: OI is slowly sinking further; interest is waning. Whale Ratio: Mixed to slightly green; no strong conviction visible from large accounts. Here is the ranking of the top 3 strongest and top 3 weakest coins based on the orderflow data, volume profiles, and the 7 metrics we analyzed. 🏆 Top 3 Strongest Coins These coins show the best combination of structural support, underlying buying pressure, and relative strength compared to the rest of the market. 1. BNB (Binance Coin) Why it’s the strongest: BNB is the clear standout. While most of the market is trapped under their Point of Control (POC) or clinging to the bottom of their patterns, BNB is trading above its main POC and resting comfortably on a solid green demand zone. Key Factors: It has the most bullish CVD (actually curling upwards), Open Interest is slightly rising instead of falling, and the Whale Ratio is overwhelmingly green, showing aggressive accumulation. It even triggered some short liquidations recently, showing buyers are actively pushing back. 2. BTC (Bitcoin) Why it’s strong: As the market leader, BTC is holding its crucial macro structure. The flush of late longs has completely reset the market, leaving a clean slate. Key Factors: It is defending the lower ascending trendline well, supported by a heavy order block below it. The most telling sign is the heavily dominant green Whale Ratio—large players are consistently using this consolidation to buy the dip, setting the stage for the next leg up. 3. SOL (Solana) Why it’s strong: SOL looks technically very clean and stable. It has already absorbed the selling pressure and is resting on its POC with breathing room above its demand zones. Key Factors: The steep drop in the CVD has visibly curved into neutral territory, indicating sellers are exhausted. Open Interest is stabilizing nicely, and there is consistent, steady accumulation visible in the Whale Ratio. It is perfectly coiled for a breakout. ⚠️ Top 3 Weakest Coins These coins are struggling the most structurally. They are pinned below heavy resistance, lack momentum, and would likely suffer the most if the overall market experiences a further drop. 1. DOT (Polkadot) Why it’s the weakest: DOT’s price action is incredibly heavy. It is pinned at the very bottom of its support structure and is trading far below its main Point of Control, meaning almost all recent buyers are underwater. Key Factors: It has a deep, negative CVD with zero upward momentum, and Open Interest has completely melted away. Note: The only saving grace here is a surprisingly strong green Whale Ratio, meaning large entities are buying this extreme weakness, but technically, it looks terrible right now. 2. AVAX (Avalanche) Why it’s weak: AVAX lost its primary support level (the main POC) and is now trading below it, turning that historical support into heavy overhead resistance. Key Factors: The CVD took a massive dive and is struggling to form a base. The heatmap shows a lot of supply sitting above the current price, meaning any attempted rally will immediately be met with selling pressure from traders trying to break even. 3. XRP (Ripple) Why it’s weak: XRP is being squeezed to the absolute limit, but the pressure is mostly coming from the top down. Key Factors: A thick red supply zone is pressing directly on the price like a lid. Unlike other coins where the CVD has flattened, XRP’s CVD is still drawing a strict, descending line. Furthermore, Open Interest continues to bleed out, and there is no strong conviction from whales to step in and defend the price. Honorable Mention (The Wildcard): XLM (Stellar) While XLM’s price action looks structurally weak (similar to DOT), its Whale Ratio is screaming with green accumulation bars. It is the most extreme divergence on the board. Whales are aggressively front-running a potential bottom here, making it a high-risk, high-reward chart to watch. All Orderflow Charts submitted by /u/JohnWickTurk [link] [comments]",0.0,neutral,0.0,Signals are mixed or informational (score 0.000).,llama3.2,v1.0.0,2026-03-27T08:12:04Z
reddit,https://www.reddit.com/r/CryptoMarkets/comments/1s4wgby/crypto_market_orderflow_analysis_the_calm_before/,2026-03-26,2026-03-27T08:12:04Z,Crypto Market Orderflow Analysis: The Calm Before the Storm,"This is an impressive set of orderflow and market data charts. What immediately stands out is that the entire crypto market is currently showing an almost identical macro pattern . All these coins have gone through a significant correction and are now in a consolidation phase. They are all forming a large converging structure (often a descending wedge or symmetrical triangle) and are approaching the “apex” (the tip of the triangle). This indicates an impending, massive volatility breakout for the entire market. Here is the analysis per coin, based on the unique details in their respective charts: 1. ADA (Cardano) Price, Volume Profile, Heatmap: The price is consolidating in a descending wedge and trading exactly on the Point of Control (POC – highest volume node). The heatmap on the right shows that liquidity (open orders) is tightly concentrated around the current price. Liquidations (Coin & Global): After a period of massive long liquidations (red bars), the market is now practically silent. The weak hands have been flushed out. Power Trades: Very flat both locally and globally; large players are not forcing market orders right now. Supply & Demand Zones: The price is tightly squeezed: hovering just above a thin green demand zone and just below a thick red supply zone. CVD & Momentum: The Cumulative Volume Delta (CVD) dropped significantly but is now starting to flatten out sideways, indicating decreasing selling pressure. Open Interest & Funding: Open Interest (OI) crashed hard after the top and is now consolidating at a low level. The funding rate is neutral to slightly positive. Whale Ratio: Neutral to slightly positive (showing slightly more green than red bars in this recent consolidation). 2. AVAX (Avalanche) Price, Volume Profile, Heatmap: Shows a downward trendline. The price is situated below the main POC, which indicates technical weakness. The heatmap shows heavy resistance sitting above the price. Liquidations (Coin & Global): A clear washout of longs has occurred; currently, there is minimal liquidation activity. Power Trades: We saw strong red outflows in the past, but currently, activity has completely dried up. Supply & Demand Zones: The price is struggling to hold onto the bottom green demand zone. The heavy red supply zones are located far above it. CVD & Momentum: The CVD took a deep dive and is only just now trying to form a bottom. Momentum is weak. Open Interest & Funding: OI is low after a significant drop; funding is volatile but swinging around the zero line. Whale Ratio: Mixed, with occasional slight peaks in accumulation (green). 3. BNB (Binance Coin) Price, Volume Profile, Heatmap: Forming a symmetrical triangle and trading above the POC. This looks structurally stronger than most others. The heatmap is dispersed. Liquidations (Coin & Global): BNB has actually shown slightly more short liquidations recently (green bars), pointing to relative strength compared to the rest of the market. Power Trades: Past red spikes have stopped; currently showing a mixed to neutral picture on the global feed. Supply & Demand Zones: Finding direct support on a solid green demand zone. CVD & Momentum: The CVD is one of the few showing a slight upward curl at the very end. Open Interest & Funding: OI didn’t crash as hard as the others and is even rising slightly during this consolidation. Whale Ratio: Very strong green; whales appear to be accumulating BNB more aggressively at these levels than other coins. 4. BTC (Bitcoin) Price, Volume Profile, Heatmap: The market leader is in a large wedge, testing the bottom of the ascending trendline just below the thick POC. The heatmap shows heavy order blocks directly below the price. Liquidations (Coin & Global): A massive flush of longs is behind us; historically speaking, it is extremely quiet right now. Power Trades: Completely dried up after previous heavy selling (red). The market is waiting. Supply & Demand Zones: Clinging to the green demand zone, but there is a substantial, broad red supply band above 68k. CVD & Momentum: The CVD is in a steady downtrend and is only marginally starting to flatten out. Open Interest & Funding: OI has been slashed since the top; speculation has left the market. Funding has normalized. Whale Ratio: Dominant green; large players are consistently buying the dip. 5. DOT (Polkadot) Price, Volume Profile, Heatmap: Heavy pressure on the bottom of the trendline, far below the main POC. The heatmap shows little support beneath it. Liquidations (Coin & Global): Coin liquidations have dropped to near zero, suggesting seller exhaustion. Power Trades: Mostly red (sells) leading up to this bottom, now silent. Supply & Demand Zones: Leaning heavily on the absolute lowest drawn green demand zone; lots of red overhead supply above it. CVD & Momentum: Very deep and negative CVD; momentum is completely lacking. Open Interest & Funding: OI melted away drastically and remains flat. Whale Ratio: A striking divergence: despite the weak price action, the whale ratio is very consistently green (accumulation). 6. ETH (Ethereum) Price, Volume Profile, Heatmap: A symmetrical triangle, with the price consolidating exactly on or just below the POC. The heatmap shows heavy resistance directly above the current price. Liquidations (Coin & Global): Earlier massive long liquidations have completely reset this market as well. Power Trades: Identical to BTC: total silence following a red outflow. Supply & Demand Zones: Trapped in a ‘gap’ between a clear red supply zone (resistance) and a green demand zone (support). CVD & Momentum: After a sharp drop, the CVD has now transitioned into a flat line. Open Interest & Funding: OI is moving tightly sideways; funding is back to baseline. Whale Ratio: Predominantly green, pointing to sustained buying interest from whales on this support line. 7. LINK (Chainlink) Price, Volume Profile, Heatmap: Testing the lower ascending trendline and trading just below the heavy POC line. Liquidations (Coin & Global): Very little activity following the initial major dip. Power Trades: Still showing a few recent red (sell) spikes, indicating lingering local selling pressure that has already vanished in other coins. Supply & Demand Zones: Hanging dangerously just above a thin demand line; multiple red supply levels sit above it. CVD & Momentum: The CVD is still dropping slightly and hasn’t flattened out as much as BTC/ETH. Open Interest & Funding: OI is consolidating at a low simmer. Whale Ratio: A slight majority of green bars, but less convincing than BTC or BNB. 8. SOL (Solana) Price, Volume Profile, Heatmap: Forming a tight wedge and currently trading almost exactly on its POC. Liquidations (Coin & Global): Showing slightly more short liquidations in this consolidation phase than the average on this list. Power Trades: Relatively quiet, save for a single, very small green spike. Supply & Demand Zones: The price has some breathing room and sits comfortably above the first green demand zone. CVD & Momentum: The steep drop in the CVD is now clearly curving into neutral territory. Open Interest & Funding: OI dropped but is now stabilizing nicely. Whale Ratio: Consistent, albeit smaller, green whale purchases. 9. XLM (Stellar) Price, Volume Profile, Heatmap: A broad descending wedge, with the price situated well below the main POC. The heatmap shows liquidity around the bottom of the wedge. Liquidations (Coin & Global): A very quiet market with virtually no significant liquidations visible. Power Trades: Practically non-existent; no aggressive market participants are active. Supply & Demand Zones: The price is resting on the extreme lowest green demand zone. If this breaks, there is very little support left. CVD & Momentum: The CVD is negative but drawing a flat line. Open Interest & Funding: OI is extremely low; oddly enough, funding is creeping up slightly. Whale Ratio: Very striking: extremely strong green. Whales are clearly and aggressively accumulating at these bottom prices. 10. XRP (Ripple) Price, Volume Profile, Heatmap: An extremely tight wedge, trading exactly at the apex and on the POC. The heatmap shows concentrated orders. Liquidations (Coin & Global): Small, frequent washouts on both sides; no more major peaks. Power Trades: Earlier heavy selling (red) has stopped; the indicator is now neutral. Supply & Demand Zones: A thick red supply zone is pressing down like a lid directly above the price. CVD & Momentum: The CVD line is still heading down in a tight, descending line with no signs of flattening yet. Open Interest & Funding: OI is slowly sinking further; interest is waning. Whale Ratio: Mixed to slightly green; no strong conviction visible from large accounts. Here is the ranking of the top 3 strongest and top 3 weakest coins based on the orderflow data, volume profiles, and the 7 metrics we analyzed. 🏆 Top 3 Strongest Coins These coins show the best combination of structural support, underlying buying pressure, and relative strength compared to the rest of the market. 1. BNB (Binance Coin) Why it’s the strongest: BNB is the clear standout. While most of the market is trapped under their Point of Control (POC) or clinging to the bottom of their patterns, BNB is trading above its main POC and resting comfortably on a solid green demand zone. Key Factors: It has the most bullish CVD (actually curling upwards), Open Interest is slightly rising instead of falling, and the Whale Ratio is overwhelmingly green, showing aggressive accumulation. It even triggered some short liquidations recently, showing buyers are actively pushing back. 2. BTC (Bitcoin) Why it’s strong: As the market leader, BTC is holding its crucial macro structure. The flush of late longs has completely reset the market, leaving a clean slate. Key Factors: It is defending the lower ascending trendline well, supported by a heavy order block below it. The most telling sign is the heavily dominant green Whale Ratio—large players are consistently using this consolidation to buy the dip, setting the stage for the next leg up. 3. SOL (Solana) Why it’s strong: SOL looks technically very clean and stable. It has already absorbed the selling pressure and is resting on its POC with breathing room above its demand zones. Key Factors: The steep drop in the CVD has visibly curved into neutral territory, indicating sellers are exhausted. Open Interest is stabilizing nicely, and there is consistent, steady accumulation visible in the Whale Ratio. It is perfectly coiled for a breakout. ⚠️ Top 3 Weakest Coins These coins are struggling the most structurally. They are pinned below heavy resistance, lack momentum, and would likely suffer the most if the overall market experiences a further drop. 1. DOT (Polkadot) Why it’s the weakest: DOT’s price action is incredibly heavy. It is pinned at the very bottom of its support structure and is trading far below its main Point of Control, meaning almost all recent buyers are underwater. Key Factors: It has a deep, negative CVD with zero upward momentum, and Open Interest has completely melted away. Note: The only saving grace here is a surprisingly strong green Whale Ratio, meaning large entities are buying this extreme weakness, but technically, it looks terrible right now. 2. AVAX (Avalanche) Why it’s weak: AVAX lost its primary support level (the main POC) and is now trading below it, turning that historical support into heavy overhead resistance. Key Factors: The CVD took a massive dive and is struggling to form a base. The heatmap shows a lot of supply sitting above the current price, meaning any attempted rally will immediately be met with selling pressure from traders trying to break even. 3. XRP (Ripple) Why it’s weak: XRP is being squeezed to the absolute limit, but the pressure is mostly coming from the top down. Key Factors: A thick red supply zone is pressing directly on the price like a lid. Unlike other coins where the CVD has flattened, XRP’s CVD is still drawing a strict, descending line. Furthermore, Open Interest continues to bleed out, and there is no strong conviction from whales to step in and defend the price. Honorable Mention (The Wildcard): XLM (Stellar) While XLM’s price action looks structurally weak (similar to DOT), its Whale Ratio is screaming with green accumulation bars. It is the most extreme divergence on the board. Whales are aggressively front-running a potential bottom here, making it a high-risk, high-reward chart to watch. All Orderflow Charts submitted by /u/JohnWickTurk [link] [comments]",BNB,"Crypto Market Orderflow Analysis: The Calm Before the Storm. This is an impressive set of orderflow and market data charts. What immediately stands out is that the entire crypto market is currently showing an almost identical macro pattern . All these coins have gone through a significant correction and are now in a consolidation phase. They are all forming a large converging structure (often a descending wedge or symmetrical triangle) and are approaching the “apex” (the tip of the triangle). This indicates an impending, massive volatility breakout for the entire market. Here is the analysis per coin, based on the unique details in their respective charts: 1. ADA (Cardano) Price, Volume Profile, Heatmap: The price is consolidating in a descending wedge and trading exactly on the Point of Control (POC – highest volume node). The heatmap on the right shows that liquidity (open orders) is tightly concentrated around the current price. Liquidations (Coin & Global): After a period of massive long liquidations (red bars), the market is now practically silent. The weak hands have been flushed out. Power Trades: Very flat both locally and globally; large players are not forcing market orders right now. Supply & Demand Zones: The price is tightly squeezed: hovering just above a thin green demand zone and just below a thick red supply zone. CVD & Momentum: The Cumulative Volume Delta (CVD) dropped significantly but is now starting to flatten out sideways, indicating decreasing selling pressure. Open Interest & Funding: Open Interest (OI) crashed hard after the top and is now consolidating at a low level. The funding rate is neutral to slightly positive. Whale Ratio: Neutral to slightly positive (showing slightly more green than red bars in this recent consolidation). 2. AVAX (Avalanche) Price, Volume Profile, Heatmap: Shows a downward trendline. The price is situated below the main POC, which indicates technical weakness. The heatmap shows heavy resistance sitting above the price. Liquidations (Coin & Global): A clear washout of longs has occurred; currently, there is minimal liquidation activity. Power Trades: We saw strong red outflows in the past, but currently, activity has completely dried up. Supply & Demand Zones: The price is struggling to hold onto the bottom green demand zone. The heavy red supply zones are located far above it. CVD & Momentum: The CVD took a deep dive and is only just now trying to form a bottom. Momentum is weak. Open Interest & Funding: OI is low after a significant drop; funding is volatile but swinging around the zero line. Whale Ratio: Mixed, with occasional slight peaks in accumulation (green). 3. BNB (Binance Coin) Price, Volume Profile, Heatmap: Forming a symmetrical triangle and trading above the POC. This looks structurally stronger than most others. The heatmap is dispersed. Liquidations (Coin & Global): BNB has actually shown slightly more short liquidations recently (green bars), pointing to relative strength compared to the rest of the market. Power Trades: Past red spikes have stopped; currently showing a mixed to neutral picture on the global feed. Supply & Demand Zones: Finding direct support on a solid green demand zone. CVD & Momentum: The CVD is one of the few showing a slight upward curl at the very end. Open Interest & Funding: OI didn’t crash as hard as the others and is even rising slightly during this consolidation. Whale Ratio: Very strong green; whales appear to be accumulating BNB more aggressively at these levels than other coins. 4. BTC (Bitcoin) Price, Volume Profile, Heatmap: The market leader is in a large wedge, testing the bottom of the ascending trendline just below the thick POC. The heatmap shows heavy order blocks directly below the price. Liquidations (Coin & Global): A massive flush of longs is behind us; historically speaking, it is extremely quiet right now. Power Trades: Completely dried up after previous heavy selling (red). The market is waiting. Supply & Demand Zones: Clinging to the green demand zone, but there is a substantial, broad red supply band above 68k. CVD & Momentum: The CVD is in a steady downtrend and is only marginally starting to flatten out. Open Interest & Funding: OI has been slashed since the top; speculation has left the market. Funding has normalized. Whale Ratio: Dominant green; large players are consistently buying the dip. 5. DOT (Polkadot) Price, Volume Profile, Heatmap: Heavy pressure on the bottom of the trendline, far below the main POC. The heatmap shows little support beneath it. Liquidations (Coin & Global): Coin liquidations have dropped to near zero, suggesting seller exhaustion. Power Trades: Mostly red (sells) leading up to this bottom, now silent. Supply & Demand Zones: Leaning heavily on the absolute lowest drawn green demand zone; lots of red overhead supply above it. CVD & Momentum: Very deep and negative CVD; momentum is completely lacking. Open Interest & Funding: OI melted away drastically and remains flat. Whale Ratio: A striking divergence: despite the weak price action, the whale ratio is very consistently green (accumulation). 6. ETH (Ethereum) Price, Volume Profile, Heatmap: A symmetrical triangle, with the price consolidating exactly on or just below the POC. The heatmap shows heavy resistance directly above the current price. Liquidations (Coin & Global): Earlier massive long liquidations have completely reset this market as well. Power Trades: Identical to BTC: total silence following a red outflow. Supply & Demand Zones: Trapped in a ‘gap’ between a clear red supply zone (resistance) and a green demand zone (support). CVD & Momentum: After a sharp drop, the CVD has now transitioned into a flat line. Open Interest & Funding: OI is moving tightly sideways; funding is back to baseline. Whale Ratio: Predominantly green, pointing to sustained buying interest from whales on this support line. 7. LINK (Chainlink) Price, Volume Profile, Heatmap: Testing the lower ascending trendline and trading just below the heavy POC line. Liquidations (Coin & Global): Very little activity following the initial major dip. Power Trades: Still showing a few recent red (sell) spikes, indicating lingering local selling pressure that has already vanished in other coins. Supply & Demand Zones: Hanging dangerously just above a thin demand line; multiple red supply levels sit above it. CVD & Momentum: The CVD is still dropping slightly and hasn’t flattened out as much as BTC/ETH. Open Interest & Funding: OI is consolidating at a low simmer. Whale Ratio: A slight majority of green bars, but less convincing than BTC or BNB. 8. SOL (Solana) Price, Volume Profile, Heatmap: Forming a tight wedge and currently trading almost exactly on its POC. Liquidations (Coin & Global): Showing slightly more short liquidations in this consolidation phase than the average on this list. Power Trades: Relatively quiet, save for a single, very small green spike. Supply & Demand Zones: The price has some breathing room and sits comfortably above the first green demand zone. CVD & Momentum: The steep drop in the CVD is now clearly curving into neutral territory. Open Interest & Funding: OI dropped but is now stabilizing nicely. Whale Ratio: Consistent, albeit smaller, green whale purchases. 9. XLM (Stellar) Price, Volume Profile, Heatmap: A broad descending wedge, with the price situated well below the main POC. The heatmap shows liquidity around the bottom of the wedge. Liquidations (Coin & Global): A very quiet market with virtually no significant liquidations visible. Power Trades: Practically non-existent; no aggressive market participants are active. Supply & Demand Zones: The price is resting on the extreme lowest green demand zone. If this breaks, there is very little support left. CVD & Momentum: The CVD is negative but drawing a flat line. Open Interest & Funding: OI is extremely low; oddly enough, funding is creeping up slightly. Whale Ratio: Very striking: extremely strong green. Whales are clearly and aggressively accumulating at these bottom prices. 10. XRP (Ripple) Price, Volume Profile, Heatmap: An extremely tight wedge, trading exactly at the apex and on the POC. The heatmap shows concentrated orders. Liquidations (Coin & Global): Small, frequent washouts on both sides; no more major peaks. Power Trades: Earlier heavy selling (red) has stopped; the indicator is now neutral. Supply & Demand Zones: A thick red supply zone is pressing down like a lid directly above the price. CVD & Momentum: The CVD line is still heading down in a tight, descending line with no signs of flattening yet. Open Interest & Funding: OI is slowly sinking further; interest is waning. Whale Ratio: Mixed to slightly green; no strong conviction visible from large accounts. Here is the ranking of the top 3 strongest and top 3 weakest coins based on the orderflow data, volume profiles, and the 7 metrics we analyzed. 🏆 Top 3 Strongest Coins These coins show the best combination of structural support, underlying buying pressure, and relative strength compared to the rest of the market. 1. BNB (Binance Coin) Why it’s the strongest: BNB is the clear standout. While most of the market is trapped under their Point of Control (POC) or clinging to the bottom of their patterns, BNB is trading above its main POC and resting comfortably on a solid green demand zone. Key Factors: It has the most bullish CVD (actually curling upwards), Open Interest is slightly rising instead of falling, and the Whale Ratio is overwhelmingly green, showing aggressive accumulation. It even triggered some short liquidations recently, showing buyers are actively pushing back. 2. BTC (Bitcoin) Why it’s strong: As the market leader, BTC is holding its crucial macro structure. The flush of late longs has completely reset the market, leaving a clean slate. Key Factors: It is defending the lower ascending trendline well, supported by a heavy order block below it. The most telling sign is the heavily dominant green Whale Ratio—large players are consistently using this consolidation to buy the dip, setting the stage for the next leg up. 3. SOL (Solana) Why it’s strong: SOL looks technically very clean and stable. It has already absorbed the selling pressure and is resting on its POC with breathing room above its demand zones. Key Factors: The steep drop in the CVD has visibly curved into neutral territory, indicating sellers are exhausted. Open Interest is stabilizing nicely, and there is consistent, steady accumulation visible in the Whale Ratio. It is perfectly coiled for a breakout. ⚠️ Top 3 Weakest Coins These coins are struggling the most structurally. They are pinned below heavy resistance, lack momentum, and would likely suffer the most if the overall market experiences a further drop. 1. DOT (Polkadot) Why it’s the weakest: DOT’s price action is incredibly heavy. It is pinned at the very bottom of its support structure and is trading far below its main Point of Control, meaning almost all recent buyers are underwater. Key Factors: It has a deep, negative CVD with zero upward momentum, and Open Interest has completely melted away. Note: The only saving grace here is a surprisingly strong green Whale Ratio, meaning large entities are buying this extreme weakness, but technically, it looks terrible right now. 2. AVAX (Avalanche) Why it’s weak: AVAX lost its primary support level (the main POC) and is now trading below it, turning that historical support into heavy overhead resistance. Key Factors: The CVD took a massive dive and is struggling to form a base. The heatmap shows a lot of supply sitting above the current price, meaning any attempted rally will immediately be met with selling pressure from traders trying to break even. 3. XRP (Ripple) Why it’s weak: XRP is being squeezed to the absolute limit, but the pressure is mostly coming from the top down. Key Factors: A thick red supply zone is pressing directly on the price like a lid. Unlike other coins where the CVD has flattened, XRP’s CVD is still drawing a strict, descending line. Furthermore, Open Interest continues to bleed out, and there is no strong conviction from whales to step in and defend the price. Honorable Mention (The Wildcard): XLM (Stellar) While XLM’s price action looks structurally weak (similar to DOT), its Whale Ratio is screaming with green accumulation bars. It is the most extreme divergence on the board. Whales are aggressively front-running a potential bottom here, making it a high-risk, high-reward chart to watch. All Orderflow Charts submitted by /u/JohnWickTurk [link] [comments]. This is an impressive set of orderflow and market data charts. What immediately stands out is that the entire crypto market is currently showing an almost identical macro pattern . All these coins have gone through a significant correction and are now in a consolidation phase. They are all forming a large converging structure (often a descending wedge or symmetrical triangle) and are approaching the “apex” (the tip of the triangle). This indicates an impending, massive volatility breakout for the entire market. Here is the analysis per coin, based on the unique details in their respective charts: 1. ADA (Cardano) Price, Volume Profile, Heatmap: The price is consolidating in a descending wedge and trading exactly on the Point of Control (POC – highest volume node). The heatmap on the right shows that liquidity (open orders) is tightly concentrated around the current price. Liquidations (Coin & Global): After a period of massive long liquidations (red bars), the market is now practically silent. The weak hands have been flushed out. Power Trades: Very flat both locally and globally; large players are not forcing market orders right now. Supply & Demand Zones: The price is tightly squeezed: hovering just above a thin green demand zone and just below a thick red supply zone. CVD & Momentum: The Cumulative Volume Delta (CVD) dropped significantly but is now starting to flatten out sideways, indicating decreasing selling pressure. Open Interest & Funding: Open Interest (OI) crashed hard after the top and is now consolidating at a low level. The funding rate is neutral to slightly positive. Whale Ratio: Neutral to slightly positive (showing slightly more green than red bars in this recent consolidation). 2. AVAX (Avalanche) Price, Volume Profile, Heatmap: Shows a downward trendline. The price is situated below the main POC, which indicates technical weakness. The heatmap shows heavy resistance sitting above the price. Liquidations (Coin & Global): A clear washout of longs has occurred; currently, there is minimal liquidation activity. Power Trades: We saw strong red outflows in the past, but currently, activity has completely dried up. Supply & Demand Zones: The price is struggling to hold onto the bottom green demand zone. The heavy red supply zones are located far above it. CVD & Momentum: The CVD took a deep dive and is only just now trying to form a bottom. Momentum is weak. Open Interest & Funding: OI is low after a significant drop; funding is volatile but swinging around the zero line. Whale Ratio: Mixed, with occasional slight peaks in accumulation (green). 3. BNB (Binance Coin) Price, Volume Profile, Heatmap: Forming a symmetrical triangle and trading above the POC. This looks structurally stronger than most others. The heatmap is dispersed. Liquidations (Coin & Global): BNB has actually shown slightly more short liquidations recently (green bars), pointing to relative strength compared to the rest of the market. Power Trades: Past red spikes have stopped; currently showing a mixed to neutral picture on the global feed. Supply & Demand Zones: Finding direct support on a solid green demand zone. CVD & Momentum: The CVD is one of the few showing a slight upward curl at the very end. Open Interest & Funding: OI didn’t crash as hard as the others and is even rising slightly during this consolidation. Whale Ratio: Very strong green; whales appear to be accumulating BNB more aggressively at these levels than other coins. 4. BTC (Bitcoin) Price, Volume Profile, Heatmap: The market leader is in a large wedge, testing the bottom of the ascending trendline just below the thick POC. The heatmap shows heavy order blocks directly below the price. Liquidations (Coin & Global): A massive flush of longs is behind us; historically speaking, it is extremely quiet right now. Power Trades: Completely dried up after previous heavy selling (red). The market is waiting. Supply & Demand Zones: Clinging to the green demand zone, but there is a substantial, broad red supply band above 68k. CVD & Momentum: The CVD is in a steady downtrend and is only marginally starting to flatten out. Open Interest & Funding: OI has been slashed since the top; speculation has left the market. Funding has normalized. Whale Ratio: Dominant green; large players are consistently buying the dip. 5. DOT (Polkadot) Price, Volume Profile, Heatmap: Heavy pressure on the bottom of the trendline, far below the main POC. The heatmap shows little support beneath it. Liquidations (Coin & Global): Coin liquidations have dropped to near zero, suggesting seller exhaustion. Power Trades: Mostly red (sells) leading up to this bottom, now silent. Supply & Demand Zones: Leaning heavily on the absolute lowest drawn green demand zone; lots of red overhead supply above it. CVD & Momentum: Very deep and negative CVD; momentum is completely lacking. Open Interest & Funding: OI melted away drastically and remains flat. Whale Ratio: A striking divergence: despite the weak price action, the whale ratio is very consistently green (accumulation). 6. ETH (Ethereum) Price, Volume Profile, Heatmap: A symmetrical triangle, with the price consolidating exactly on or just below the POC. The heatmap shows heavy resistance directly above the current price. Liquidations (Coin & Global): Earlier massive long liquidations have completely reset this market as well. Power Trades: Identical to BTC: total silence following a red outflow. Supply & Demand Zones: Trapped in a ‘gap’ between a clear red supply zone (resistance) and a green demand zone (support). CVD & Momentum: After a sharp drop, the CVD has now transitioned into a flat line. Open Interest & Funding: OI is moving tightly sideways; funding is back to baseline. Whale Ratio: Predominantly green, pointing to sustained buying interest from whales on this support line. 7. LINK (Chainlink) Price, Volume Profile, Heatmap: Testing the lower ascending trendline and trading just below the heavy POC line. Liquidations (Coin & Global): Very little activity following the initial major dip. Power Trades: Still showing a few recent red (sell) spikes, indicating lingering local selling pressure that has already vanished in other coins. Supply & Demand Zones: Hanging dangerously just above a thin demand line; multiple red supply levels sit above it. CVD & Momentum: The CVD is still dropping slightly and hasn’t flattened out as much as BTC/ETH. Open Interest & Funding: OI is consolidating at a low simmer. Whale Ratio: A slight majority of green bars, but less convincing than BTC or BNB. 8. SOL (Solana) Price, Volume Profile, Heatmap: Forming a tight wedge and currently trading almost exactly on its POC. Liquidations (Coin & Global): Showing slightly more short liquidations in this consolidation phase than the average on this list. Power Trades: Relatively quiet, save for a single, very small green spike. Supply & Demand Zones: The price has some breathing room and sits comfortably above the first green demand zone. CVD & Momentum: The steep drop in the CVD is now clearly curving into neutral territory. Open Interest & Funding: OI dropped but is now stabilizing nicely. Whale Ratio: Consistent, albeit smaller, green whale purchases. 9. XLM (Stellar) Price, Volume Profile, Heatmap: A broad descending wedge, with the price situated well below the main POC. The heatmap shows liquidity around the bottom of the wedge. Liquidations (Coin & Global): A very quiet market with virtually no significant liquidations visible. Power Trades: Practically non-existent; no aggressive market participants are active. Supply & Demand Zones: The price is resting on the extreme lowest green demand zone. If this breaks, there is very little support left. CVD & Momentum: The CVD is negative but drawing a flat line. Open Interest & Funding: OI is extremely low; oddly enough, funding is creeping up slightly. Whale Ratio: Very striking: extremely strong green. Whales are clearly and aggressively accumulating at these bottom prices. 10. XRP (Ripple) Price, Volume Profile, Heatmap: An extremely tight wedge, trading exactly at the apex and on the POC. The heatmap shows concentrated orders. Liquidations (Coin & Global): Small, frequent washouts on both sides; no more major peaks. Power Trades: Earlier heavy selling (red) has stopped; the indicator is now neutral. Supply & Demand Zones: A thick red supply zone is pressing down like a lid directly above the price. CVD & Momentum: The CVD line is still heading down in a tight, descending line with no signs of flattening yet. Open Interest & Funding: OI is slowly sinking further; interest is waning. Whale Ratio: Mixed to slightly green; no strong conviction visible from large accounts. Here is the ranking of the top 3 strongest and top 3 weakest coins based on the orderflow data, volume profiles, and the 7 metrics we analyzed. 🏆 Top 3 Strongest Coins These coins show the best combination of structural support, underlying buying pressure, and relative strength compared to the rest of the market. 1. BNB (Binance Coin) Why it’s the strongest: BNB is the clear standout. While most of the market is trapped under their Point of Control (POC) or clinging to the bottom of their patterns, BNB is trading above its main POC and resting comfortably on a solid green demand zone. Key Factors: It has the most bullish CVD (actually curling upwards), Open Interest is slightly rising instead of falling, and the Whale Ratio is overwhelmingly green, showing aggressive accumulation. It even triggered some short liquidations recently, showing buyers are actively pushing back. 2. BTC (Bitcoin) Why it’s strong: As the market leader, BTC is holding its crucial macro structure. The flush of late longs has completely reset the market, leaving a clean slate. Key Factors: It is defending the lower ascending trendline well, supported by a heavy order block below it. The most telling sign is the heavily dominant green Whale Ratio—large players are consistently using this consolidation to buy the dip, setting the stage for the next leg up. 3. SOL (Solana) Why it’s strong: SOL looks technically very clean and stable. It has already absorbed the selling pressure and is resting on its POC with breathing room above its demand zones. Key Factors: The steep drop in the CVD has visibly curved into neutral territory, indicating sellers are exhausted. Open Interest is stabilizing nicely, and there is consistent, steady accumulation visible in the Whale Ratio. It is perfectly coiled for a breakout. ⚠️ Top 3 Weakest Coins These coins are struggling the most structurally. They are pinned below heavy resistance, lack momentum, and would likely suffer the most if the overall market experiences a further drop. 1. DOT (Polkadot) Why it’s the weakest: DOT’s price action is incredibly heavy. It is pinned at the very bottom of its support structure and is trading far below its main Point of Control, meaning almost all recent buyers are underwater. Key Factors: It has a deep, negative CVD with zero upward momentum, and Open Interest has completely melted away. Note: The only saving grace here is a surprisingly strong green Whale Ratio, meaning large entities are buying this extreme weakness, but technically, it looks terrible right now. 2. AVAX (Avalanche) Why it’s weak: AVAX lost its primary support level (the main POC) and is now trading below it, turning that historical support into heavy overhead resistance. Key Factors: The CVD took a massive dive and is struggling to form a base. The heatmap shows a lot of supply sitting above the current price, meaning any attempted rally will immediately be met with selling pressure from traders trying to break even. 3. XRP (Ripple) Why it’s weak: XRP is being squeezed to the absolute limit, but the pressure is mostly coming from the top down. Key Factors: A thick red supply zone is pressing directly on the price like a lid. Unlike other coins where the CVD has flattened, XRP’s CVD is still drawing a strict, descending line. Furthermore, Open Interest continues to bleed out, and there is no strong conviction from whales to step in and defend the price. Honorable Mention (The Wildcard): XLM (Stellar) While XLM’s price action looks structurally weak (similar to DOT), its Whale Ratio is screaming with green accumulation bars. It is the most extreme divergence on the board. Whales are aggressively front-running a potential bottom here, making it a high-risk, high-reward chart to watch. All Orderflow Charts submitted by /u/JohnWickTurk [link] [comments]",0.0,neutral,0.0,Signals are mixed or informational (score 0.000).,llama3.2,v1.0.0,2026-03-27T08:12:04Z
reddit,https://www.reddit.com/r/CryptoMarkets/comments/1s4wgby/crypto_market_orderflow_analysis_the_calm_before/,2026-03-26,2026-03-27T08:12:04Z,Crypto Market Orderflow Analysis: The Calm Before the Storm,"This is an impressive set of orderflow and market data charts. What immediately stands out is that the entire crypto market is currently showing an almost identical macro pattern . All these coins have gone through a significant correction and are now in a consolidation phase. They are all forming a large converging structure (often a descending wedge or symmetrical triangle) and are approaching the “apex” (the tip of the triangle). This indicates an impending, massive volatility breakout for the entire market. Here is the analysis per coin, based on the unique details in their respective charts: 1. ADA (Cardano) Price, Volume Profile, Heatmap: The price is consolidating in a descending wedge and trading exactly on the Point of Control (POC – highest volume node). The heatmap on the right shows that liquidity (open orders) is tightly concentrated around the current price. Liquidations (Coin & Global): After a period of massive long liquidations (red bars), the market is now practically silent. The weak hands have been flushed out. Power Trades: Very flat both locally and globally; large players are not forcing market orders right now. Supply & Demand Zones: The price is tightly squeezed: hovering just above a thin green demand zone and just below a thick red supply zone. CVD & Momentum: The Cumulative Volume Delta (CVD) dropped significantly but is now starting to flatten out sideways, indicating decreasing selling pressure. Open Interest & Funding: Open Interest (OI) crashed hard after the top and is now consolidating at a low level. The funding rate is neutral to slightly positive. Whale Ratio: Neutral to slightly positive (showing slightly more green than red bars in this recent consolidation). 2. AVAX (Avalanche) Price, Volume Profile, Heatmap: Shows a downward trendline. The price is situated below the main POC, which indicates technical weakness. The heatmap shows heavy resistance sitting above the price. Liquidations (Coin & Global): A clear washout of longs has occurred; currently, there is minimal liquidation activity. Power Trades: We saw strong red outflows in the past, but currently, activity has completely dried up. Supply & Demand Zones: The price is struggling to hold onto the bottom green demand zone. The heavy red supply zones are located far above it. CVD & Momentum: The CVD took a deep dive and is only just now trying to form a bottom. Momentum is weak. Open Interest & Funding: OI is low after a significant drop; funding is volatile but swinging around the zero line. Whale Ratio: Mixed, with occasional slight peaks in accumulation (green). 3. BNB (Binance Coin) Price, Volume Profile, Heatmap: Forming a symmetrical triangle and trading above the POC. This looks structurally stronger than most others. The heatmap is dispersed. Liquidations (Coin & Global): BNB has actually shown slightly more short liquidations recently (green bars), pointing to relative strength compared to the rest of the market. Power Trades: Past red spikes have stopped; currently showing a mixed to neutral picture on the global feed. Supply & Demand Zones: Finding direct support on a solid green demand zone. CVD & Momentum: The CVD is one of the few showing a slight upward curl at the very end. Open Interest & Funding: OI didn’t crash as hard as the others and is even rising slightly during this consolidation. Whale Ratio: Very strong green; whales appear to be accumulating BNB more aggressively at these levels than other coins. 4. BTC (Bitcoin) Price, Volume Profile, Heatmap: The market leader is in a large wedge, testing the bottom of the ascending trendline just below the thick POC. The heatmap shows heavy order blocks directly below the price. Liquidations (Coin & Global): A massive flush of longs is behind us; historically speaking, it is extremely quiet right now. Power Trades: Completely dried up after previous heavy selling (red). The market is waiting. Supply & Demand Zones: Clinging to the green demand zone, but there is a substantial, broad red supply band above 68k. CVD & Momentum: The CVD is in a steady downtrend and is only marginally starting to flatten out. Open Interest & Funding: OI has been slashed since the top; speculation has left the market. Funding has normalized. Whale Ratio: Dominant green; large players are consistently buying the dip. 5. DOT (Polkadot) Price, Volume Profile, Heatmap: Heavy pressure on the bottom of the trendline, far below the main POC. The heatmap shows little support beneath it. Liquidations (Coin & Global): Coin liquidations have dropped to near zero, suggesting seller exhaustion. Power Trades: Mostly red (sells) leading up to this bottom, now silent. Supply & Demand Zones: Leaning heavily on the absolute lowest drawn green demand zone; lots of red overhead supply above it. CVD & Momentum: Very deep and negative CVD; momentum is completely lacking. Open Interest & Funding: OI melted away drastically and remains flat. Whale Ratio: A striking divergence: despite the weak price action, the whale ratio is very consistently green (accumulation). 6. ETH (Ethereum) Price, Volume Profile, Heatmap: A symmetrical triangle, with the price consolidating exactly on or just below the POC. The heatmap shows heavy resistance directly above the current price. Liquidations (Coin & Global): Earlier massive long liquidations have completely reset this market as well. Power Trades: Identical to BTC: total silence following a red outflow. Supply & Demand Zones: Trapped in a ‘gap’ between a clear red supply zone (resistance) and a green demand zone (support). CVD & Momentum: After a sharp drop, the CVD has now transitioned into a flat line. Open Interest & Funding: OI is moving tightly sideways; funding is back to baseline. Whale Ratio: Predominantly green, pointing to sustained buying interest from whales on this support line. 7. LINK (Chainlink) Price, Volume Profile, Heatmap: Testing the lower ascending trendline and trading just below the heavy POC line. Liquidations (Coin & Global): Very little activity following the initial major dip. Power Trades: Still showing a few recent red (sell) spikes, indicating lingering local selling pressure that has already vanished in other coins. Supply & Demand Zones: Hanging dangerously just above a thin demand line; multiple red supply levels sit above it. CVD & Momentum: The CVD is still dropping slightly and hasn’t flattened out as much as BTC/ETH. Open Interest & Funding: OI is consolidating at a low simmer. Whale Ratio: A slight majority of green bars, but less convincing than BTC or BNB. 8. SOL (Solana) Price, Volume Profile, Heatmap: Forming a tight wedge and currently trading almost exactly on its POC. Liquidations (Coin & Global): Showing slightly more short liquidations in this consolidation phase than the average on this list. Power Trades: Relatively quiet, save for a single, very small green spike. Supply & Demand Zones: The price has some breathing room and sits comfortably above the first green demand zone. CVD & Momentum: The steep drop in the CVD is now clearly curving into neutral territory. Open Interest & Funding: OI dropped but is now stabilizing nicely. Whale Ratio: Consistent, albeit smaller, green whale purchases. 9. XLM (Stellar) Price, Volume Profile, Heatmap: A broad descending wedge, with the price situated well below the main POC. The heatmap shows liquidity around the bottom of the wedge. Liquidations (Coin & Global): A very quiet market with virtually no significant liquidations visible. Power Trades: Practically non-existent; no aggressive market participants are active. Supply & Demand Zones: The price is resting on the extreme lowest green demand zone. If this breaks, there is very little support left. CVD & Momentum: The CVD is negative but drawing a flat line. Open Interest & Funding: OI is extremely low; oddly enough, funding is creeping up slightly. Whale Ratio: Very striking: extremely strong green. Whales are clearly and aggressively accumulating at these bottom prices. 10. XRP (Ripple) Price, Volume Profile, Heatmap: An extremely tight wedge, trading exactly at the apex and on the POC. The heatmap shows concentrated orders. Liquidations (Coin & Global): Small, frequent washouts on both sides; no more major peaks. Power Trades: Earlier heavy selling (red) has stopped; the indicator is now neutral. Supply & Demand Zones: A thick red supply zone is pressing down like a lid directly above the price. CVD & Momentum: The CVD line is still heading down in a tight, descending line with no signs of flattening yet. Open Interest & Funding: OI is slowly sinking further; interest is waning. Whale Ratio: Mixed to slightly green; no strong conviction visible from large accounts. Here is the ranking of the top 3 strongest and top 3 weakest coins based on the orderflow data, volume profiles, and the 7 metrics we analyzed. 🏆 Top 3 Strongest Coins These coins show the best combination of structural support, underlying buying pressure, and relative strength compared to the rest of the market. 1. BNB (Binance Coin) Why it’s the strongest: BNB is the clear standout. While most of the market is trapped under their Point of Control (POC) or clinging to the bottom of their patterns, BNB is trading above its main POC and resting comfortably on a solid green demand zone. Key Factors: It has the most bullish CVD (actually curling upwards), Open Interest is slightly rising instead of falling, and the Whale Ratio is overwhelmingly green, showing aggressive accumulation. It even triggered some short liquidations recently, showing buyers are actively pushing back. 2. BTC (Bitcoin) Why it’s strong: As the market leader, BTC is holding its crucial macro structure. The flush of late longs has completely reset the market, leaving a clean slate. Key Factors: It is defending the lower ascending trendline well, supported by a heavy order block below it. The most telling sign is the heavily dominant green Whale Ratio—large players are consistently using this consolidation to buy the dip, setting the stage for the next leg up. 3. SOL (Solana) Why it’s strong: SOL looks technically very clean and stable. It has already absorbed the selling pressure and is resting on its POC with breathing room above its demand zones. Key Factors: The steep drop in the CVD has visibly curved into neutral territory, indicating sellers are exhausted. Open Interest is stabilizing nicely, and there is consistent, steady accumulation visible in the Whale Ratio. It is perfectly coiled for a breakout. ⚠️ Top 3 Weakest Coins These coins are struggling the most structurally. They are pinned below heavy resistance, lack momentum, and would likely suffer the most if the overall market experiences a further drop. 1. DOT (Polkadot) Why it’s the weakest: DOT’s price action is incredibly heavy. It is pinned at the very bottom of its support structure and is trading far below its main Point of Control, meaning almost all recent buyers are underwater. Key Factors: It has a deep, negative CVD with zero upward momentum, and Open Interest has completely melted away. Note: The only saving grace here is a surprisingly strong green Whale Ratio, meaning large entities are buying this extreme weakness, but technically, it looks terrible right now. 2. AVAX (Avalanche) Why it’s weak: AVAX lost its primary support level (the main POC) and is now trading below it, turning that historical support into heavy overhead resistance. Key Factors: The CVD took a massive dive and is struggling to form a base. The heatmap shows a lot of supply sitting above the current price, meaning any attempted rally will immediately be met with selling pressure from traders trying to break even. 3. XRP (Ripple) Why it’s weak: XRP is being squeezed to the absolute limit, but the pressure is mostly coming from the top down. Key Factors: A thick red supply zone is pressing directly on the price like a lid. Unlike other coins where the CVD has flattened, XRP’s CVD is still drawing a strict, descending line. Furthermore, Open Interest continues to bleed out, and there is no strong conviction from whales to step in and defend the price. Honorable Mention (The Wildcard): XLM (Stellar) While XLM’s price action looks structurally weak (similar to DOT), its Whale Ratio is screaming with green accumulation bars. It is the most extreme divergence on the board. Whales are aggressively front-running a potential bottom here, making it a high-risk, high-reward chart to watch. All Orderflow Charts submitted by /u/JohnWickTurk [link] [comments]",XRP,"Crypto Market Orderflow Analysis: The Calm Before the Storm. This is an impressive set of orderflow and market data charts. What immediately stands out is that the entire crypto market is currently showing an almost identical macro pattern . All these coins have gone through a significant correction and are now in a consolidation phase. They are all forming a large converging structure (often a descending wedge or symmetrical triangle) and are approaching the “apex” (the tip of the triangle). This indicates an impending, massive volatility breakout for the entire market. Here is the analysis per coin, based on the unique details in their respective charts: 1. ADA (Cardano) Price, Volume Profile, Heatmap: The price is consolidating in a descending wedge and trading exactly on the Point of Control (POC – highest volume node). The heatmap on the right shows that liquidity (open orders) is tightly concentrated around the current price. Liquidations (Coin & Global): After a period of massive long liquidations (red bars), the market is now practically silent. The weak hands have been flushed out. Power Trades: Very flat both locally and globally; large players are not forcing market orders right now. Supply & Demand Zones: The price is tightly squeezed: hovering just above a thin green demand zone and just below a thick red supply zone. CVD & Momentum: The Cumulative Volume Delta (CVD) dropped significantly but is now starting to flatten out sideways, indicating decreasing selling pressure. Open Interest & Funding: Open Interest (OI) crashed hard after the top and is now consolidating at a low level. The funding rate is neutral to slightly positive. Whale Ratio: Neutral to slightly positive (showing slightly more green than red bars in this recent consolidation). 2. AVAX (Avalanche) Price, Volume Profile, Heatmap: Shows a downward trendline. The price is situated below the main POC, which indicates technical weakness. The heatmap shows heavy resistance sitting above the price. Liquidations (Coin & Global): A clear washout of longs has occurred; currently, there is minimal liquidation activity. Power Trades: We saw strong red outflows in the past, but currently, activity has completely dried up. Supply & Demand Zones: The price is struggling to hold onto the bottom green demand zone. The heavy red supply zones are located far above it. CVD & Momentum: The CVD took a deep dive and is only just now trying to form a bottom. Momentum is weak. Open Interest & Funding: OI is low after a significant drop; funding is volatile but swinging around the zero line. Whale Ratio: Mixed, with occasional slight peaks in accumulation (green). 3. BNB (Binance Coin) Price, Volume Profile, Heatmap: Forming a symmetrical triangle and trading above the POC. This looks structurally stronger than most others. The heatmap is dispersed. Liquidations (Coin & Global): BNB has actually shown slightly more short liquidations recently (green bars), pointing to relative strength compared to the rest of the market. Power Trades: Past red spikes have stopped; currently showing a mixed to neutral picture on the global feed. Supply & Demand Zones: Finding direct support on a solid green demand zone. CVD & Momentum: The CVD is one of the few showing a slight upward curl at the very end. Open Interest & Funding: OI didn’t crash as hard as the others and is even rising slightly during this consolidation. Whale Ratio: Very strong green; whales appear to be accumulating BNB more aggressively at these levels than other coins. 4. BTC (Bitcoin) Price, Volume Profile, Heatmap: The market leader is in a large wedge, testing the bottom of the ascending trendline just below the thick POC. The heatmap shows heavy order blocks directly below the price. Liquidations (Coin & Global): A massive flush of longs is behind us; historically speaking, it is extremely quiet right now. Power Trades: Completely dried up after previous heavy selling (red). The market is waiting. Supply & Demand Zones: Clinging to the green demand zone, but there is a substantial, broad red supply band above 68k. CVD & Momentum: The CVD is in a steady downtrend and is only marginally starting to flatten out. Open Interest & Funding: OI has been slashed since the top; speculation has left the market. Funding has normalized. Whale Ratio: Dominant green; large players are consistently buying the dip. 5. DOT (Polkadot) Price, Volume Profile, Heatmap: Heavy pressure on the bottom of the trendline, far below the main POC. The heatmap shows little support beneath it. Liquidations (Coin & Global): Coin liquidations have dropped to near zero, suggesting seller exhaustion. Power Trades: Mostly red (sells) leading up to this bottom, now silent. Supply & Demand Zones: Leaning heavily on the absolute lowest drawn green demand zone; lots of red overhead supply above it. CVD & Momentum: Very deep and negative CVD; momentum is completely lacking. Open Interest & Funding: OI melted away drastically and remains flat. Whale Ratio: A striking divergence: despite the weak price action, the whale ratio is very consistently green (accumulation). 6. ETH (Ethereum) Price, Volume Profile, Heatmap: A symmetrical triangle, with the price consolidating exactly on or just below the POC. The heatmap shows heavy resistance directly above the current price. Liquidations (Coin & Global): Earlier massive long liquidations have completely reset this market as well. Power Trades: Identical to BTC: total silence following a red outflow. Supply & Demand Zones: Trapped in a ‘gap’ between a clear red supply zone (resistance) and a green demand zone (support). CVD & Momentum: After a sharp drop, the CVD has now transitioned into a flat line. Open Interest & Funding: OI is moving tightly sideways; funding is back to baseline. Whale Ratio: Predominantly green, pointing to sustained buying interest from whales on this support line. 7. LINK (Chainlink) Price, Volume Profile, Heatmap: Testing the lower ascending trendline and trading just below the heavy POC line. Liquidations (Coin & Global): Very little activity following the initial major dip. Power Trades: Still showing a few recent red (sell) spikes, indicating lingering local selling pressure that has already vanished in other coins. Supply & Demand Zones: Hanging dangerously just above a thin demand line; multiple red supply levels sit above it. CVD & Momentum: The CVD is still dropping slightly and hasn’t flattened out as much as BTC/ETH. Open Interest & Funding: OI is consolidating at a low simmer. Whale Ratio: A slight majority of green bars, but less convincing than BTC or BNB. 8. SOL (Solana) Price, Volume Profile, Heatmap: Forming a tight wedge and currently trading almost exactly on its POC. Liquidations (Coin & Global): Showing slightly more short liquidations in this consolidation phase than the average on this list. Power Trades: Relatively quiet, save for a single, very small green spike. Supply & Demand Zones: The price has some breathing room and sits comfortably above the first green demand zone. CVD & Momentum: The steep drop in the CVD is now clearly curving into neutral territory. Open Interest & Funding: OI dropped but is now stabilizing nicely. Whale Ratio: Consistent, albeit smaller, green whale purchases. 9. XLM (Stellar) Price, Volume Profile, Heatmap: A broad descending wedge, with the price situated well below the main POC. The heatmap shows liquidity around the bottom of the wedge. Liquidations (Coin & Global): A very quiet market with virtually no significant liquidations visible. Power Trades: Practically non-existent; no aggressive market participants are active. Supply & Demand Zones: The price is resting on the extreme lowest green demand zone. If this breaks, there is very little support left. CVD & Momentum: The CVD is negative but drawing a flat line. Open Interest & Funding: OI is extremely low; oddly enough, funding is creeping up slightly. Whale Ratio: Very striking: extremely strong green. Whales are clearly and aggressively accumulating at these bottom prices. 10. XRP (Ripple) Price, Volume Profile, Heatmap: An extremely tight wedge, trading exactly at the apex and on the POC. The heatmap shows concentrated orders. Liquidations (Coin & Global): Small, frequent washouts on both sides; no more major peaks. Power Trades: Earlier heavy selling (red) has stopped; the indicator is now neutral. Supply & Demand Zones: A thick red supply zone is pressing down like a lid directly above the price. CVD & Momentum: The CVD line is still heading down in a tight, descending line with no signs of flattening yet. Open Interest & Funding: OI is slowly sinking further; interest is waning. Whale Ratio: Mixed to slightly green; no strong conviction visible from large accounts. Here is the ranking of the top 3 strongest and top 3 weakest coins based on the orderflow data, volume profiles, and the 7 metrics we analyzed. 🏆 Top 3 Strongest Coins These coins show the best combination of structural support, underlying buying pressure, and relative strength compared to the rest of the market. 1. BNB (Binance Coin) Why it’s the strongest: BNB is the clear standout. While most of the market is trapped under their Point of Control (POC) or clinging to the bottom of their patterns, BNB is trading above its main POC and resting comfortably on a solid green demand zone. Key Factors: It has the most bullish CVD (actually curling upwards), Open Interest is slightly rising instead of falling, and the Whale Ratio is overwhelmingly green, showing aggressive accumulation. It even triggered some short liquidations recently, showing buyers are actively pushing back. 2. BTC (Bitcoin) Why it’s strong: As the market leader, BTC is holding its crucial macro structure. The flush of late longs has completely reset the market, leaving a clean slate. Key Factors: It is defending the lower ascending trendline well, supported by a heavy order block below it. The most telling sign is the heavily dominant green Whale Ratio—large players are consistently using this consolidation to buy the dip, setting the stage for the next leg up. 3. SOL (Solana) Why it’s strong: SOL looks technically very clean and stable. It has already absorbed the selling pressure and is resting on its POC with breathing room above its demand zones. Key Factors: The steep drop in the CVD has visibly curved into neutral territory, indicating sellers are exhausted. Open Interest is stabilizing nicely, and there is consistent, steady accumulation visible in the Whale Ratio. It is perfectly coiled for a breakout. ⚠️ Top 3 Weakest Coins These coins are struggling the most structurally. They are pinned below heavy resistance, lack momentum, and would likely suffer the most if the overall market experiences a further drop. 1. DOT (Polkadot) Why it’s the weakest: DOT’s price action is incredibly heavy. It is pinned at the very bottom of its support structure and is trading far below its main Point of Control, meaning almost all recent buyers are underwater. Key Factors: It has a deep, negative CVD with zero upward momentum, and Open Interest has completely melted away. Note: The only saving grace here is a surprisingly strong green Whale Ratio, meaning large entities are buying this extreme weakness, but technically, it looks terrible right now. 2. AVAX (Avalanche) Why it’s weak: AVAX lost its primary support level (the main POC) and is now trading below it, turning that historical support into heavy overhead resistance. Key Factors: The CVD took a massive dive and is struggling to form a base. The heatmap shows a lot of supply sitting above the current price, meaning any attempted rally will immediately be met with selling pressure from traders trying to break even. 3. XRP (Ripple) Why it’s weak: XRP is being squeezed to the absolute limit, but the pressure is mostly coming from the top down. Key Factors: A thick red supply zone is pressing directly on the price like a lid. Unlike other coins where the CVD has flattened, XRP’s CVD is still drawing a strict, descending line. Furthermore, Open Interest continues to bleed out, and there is no strong conviction from whales to step in and defend the price. Honorable Mention (The Wildcard): XLM (Stellar) While XLM’s price action looks structurally weak (similar to DOT), its Whale Ratio is screaming with green accumulation bars. It is the most extreme divergence on the board. Whales are aggressively front-running a potential bottom here, making it a high-risk, high-reward chart to watch. All Orderflow Charts submitted by /u/JohnWickTurk [link] [comments]. This is an impressive set of orderflow and market data charts. What immediately stands out is that the entire crypto market is currently showing an almost identical macro pattern . All these coins have gone through a significant correction and are now in a consolidation phase. They are all forming a large converging structure (often a descending wedge or symmetrical triangle) and are approaching the “apex” (the tip of the triangle). This indicates an impending, massive volatility breakout for the entire market. Here is the analysis per coin, based on the unique details in their respective charts: 1. ADA (Cardano) Price, Volume Profile, Heatmap: The price is consolidating in a descending wedge and trading exactly on the Point of Control (POC – highest volume node). The heatmap on the right shows that liquidity (open orders) is tightly concentrated around the current price. Liquidations (Coin & Global): After a period of massive long liquidations (red bars), the market is now practically silent. The weak hands have been flushed out. Power Trades: Very flat both locally and globally; large players are not forcing market orders right now. Supply & Demand Zones: The price is tightly squeezed: hovering just above a thin green demand zone and just below a thick red supply zone. CVD & Momentum: The Cumulative Volume Delta (CVD) dropped significantly but is now starting to flatten out sideways, indicating decreasing selling pressure. Open Interest & Funding: Open Interest (OI) crashed hard after the top and is now consolidating at a low level. The funding rate is neutral to slightly positive. Whale Ratio: Neutral to slightly positive (showing slightly more green than red bars in this recent consolidation). 2. AVAX (Avalanche) Price, Volume Profile, Heatmap: Shows a downward trendline. The price is situated below the main POC, which indicates technical weakness. The heatmap shows heavy resistance sitting above the price. Liquidations (Coin & Global): A clear washout of longs has occurred; currently, there is minimal liquidation activity. Power Trades: We saw strong red outflows in the past, but currently, activity has completely dried up. Supply & Demand Zones: The price is struggling to hold onto the bottom green demand zone. The heavy red supply zones are located far above it. CVD & Momentum: The CVD took a deep dive and is only just now trying to form a bottom. Momentum is weak. Open Interest & Funding: OI is low after a significant drop; funding is volatile but swinging around the zero line. Whale Ratio: Mixed, with occasional slight peaks in accumulation (green). 3. BNB (Binance Coin) Price, Volume Profile, Heatmap: Forming a symmetrical triangle and trading above the POC. This looks structurally stronger than most others. The heatmap is dispersed. Liquidations (Coin & Global): BNB has actually shown slightly more short liquidations recently (green bars), pointing to relative strength compared to the rest of the market. Power Trades: Past red spikes have stopped; currently showing a mixed to neutral picture on the global feed. Supply & Demand Zones: Finding direct support on a solid green demand zone. CVD & Momentum: The CVD is one of the few showing a slight upward curl at the very end. Open Interest & Funding: OI didn’t crash as hard as the others and is even rising slightly during this consolidation. Whale Ratio: Very strong green; whales appear to be accumulating BNB more aggressively at these levels than other coins. 4. BTC (Bitcoin) Price, Volume Profile, Heatmap: The market leader is in a large wedge, testing the bottom of the ascending trendline just below the thick POC. The heatmap shows heavy order blocks directly below the price. Liquidations (Coin & Global): A massive flush of longs is behind us; historically speaking, it is extremely quiet right now. Power Trades: Completely dried up after previous heavy selling (red). The market is waiting. Supply & Demand Zones: Clinging to the green demand zone, but there is a substantial, broad red supply band above 68k. CVD & Momentum: The CVD is in a steady downtrend and is only marginally starting to flatten out. Open Interest & Funding: OI has been slashed since the top; speculation has left the market. Funding has normalized. Whale Ratio: Dominant green; large players are consistently buying the dip. 5. DOT (Polkadot) Price, Volume Profile, Heatmap: Heavy pressure on the bottom of the trendline, far below the main POC. The heatmap shows little support beneath it. Liquidations (Coin & Global): Coin liquidations have dropped to near zero, suggesting seller exhaustion. Power Trades: Mostly red (sells) leading up to this bottom, now silent. Supply & Demand Zones: Leaning heavily on the absolute lowest drawn green demand zone; lots of red overhead supply above it. CVD & Momentum: Very deep and negative CVD; momentum is completely lacking. Open Interest & Funding: OI melted away drastically and remains flat. Whale Ratio: A striking divergence: despite the weak price action, the whale ratio is very consistently green (accumulation). 6. ETH (Ethereum) Price, Volume Profile, Heatmap: A symmetrical triangle, with the price consolidating exactly on or just below the POC. The heatmap shows heavy resistance directly above the current price. Liquidations (Coin & Global): Earlier massive long liquidations have completely reset this market as well. Power Trades: Identical to BTC: total silence following a red outflow. Supply & Demand Zones: Trapped in a ‘gap’ between a clear red supply zone (resistance) and a green demand zone (support). CVD & Momentum: After a sharp drop, the CVD has now transitioned into a flat line. Open Interest & Funding: OI is moving tightly sideways; funding is back to baseline. Whale Ratio: Predominantly green, pointing to sustained buying interest from whales on this support line. 7. LINK (Chainlink) Price, Volume Profile, Heatmap: Testing the lower ascending trendline and trading just below the heavy POC line. Liquidations (Coin & Global): Very little activity following the initial major dip. Power Trades: Still showing a few recent red (sell) spikes, indicating lingering local selling pressure that has already vanished in other coins. Supply & Demand Zones: Hanging dangerously just above a thin demand line; multiple red supply levels sit above it. CVD & Momentum: The CVD is still dropping slightly and hasn’t flattened out as much as BTC/ETH. Open Interest & Funding: OI is consolidating at a low simmer. Whale Ratio: A slight majority of green bars, but less convincing than BTC or BNB. 8. SOL (Solana) Price, Volume Profile, Heatmap: Forming a tight wedge and currently trading almost exactly on its POC. Liquidations (Coin & Global): Showing slightly more short liquidations in this consolidation phase than the average on this list. Power Trades: Relatively quiet, save for a single, very small green spike. Supply & Demand Zones: The price has some breathing room and sits comfortably above the first green demand zone. CVD & Momentum: The steep drop in the CVD is now clearly curving into neutral territory. Open Interest & Funding: OI dropped but is now stabilizing nicely. Whale Ratio: Consistent, albeit smaller, green whale purchases. 9. XLM (Stellar) Price, Volume Profile, Heatmap: A broad descending wedge, with the price situated well below the main POC. The heatmap shows liquidity around the bottom of the wedge. Liquidations (Coin & Global): A very quiet market with virtually no significant liquidations visible. Power Trades: Practically non-existent; no aggressive market participants are active. Supply & Demand Zones: The price is resting on the extreme lowest green demand zone. If this breaks, there is very little support left. CVD & Momentum: The CVD is negative but drawing a flat line. Open Interest & Funding: OI is extremely low; oddly enough, funding is creeping up slightly. Whale Ratio: Very striking: extremely strong green. Whales are clearly and aggressively accumulating at these bottom prices. 10. XRP (Ripple) Price, Volume Profile, Heatmap: An extremely tight wedge, trading exactly at the apex and on the POC. The heatmap shows concentrated orders. Liquidations (Coin & Global): Small, frequent washouts on both sides; no more major peaks. Power Trades: Earlier heavy selling (red) has stopped; the indicator is now neutral. Supply & Demand Zones: A thick red supply zone is pressing down like a lid directly above the price. CVD & Momentum: The CVD line is still heading down in a tight, descending line with no signs of flattening yet. Open Interest & Funding: OI is slowly sinking further; interest is waning. Whale Ratio: Mixed to slightly green; no strong conviction visible from large accounts. Here is the ranking of the top 3 strongest and top 3 weakest coins based on the orderflow data, volume profiles, and the 7 metrics we analyzed. 🏆 Top 3 Strongest Coins These coins show the best combination of structural support, underlying buying pressure, and relative strength compared to the rest of the market. 1. BNB (Binance Coin) Why it’s the strongest: BNB is the clear standout. While most of the market is trapped under their Point of Control (POC) or clinging to the bottom of their patterns, BNB is trading above its main POC and resting comfortably on a solid green demand zone. Key Factors: It has the most bullish CVD (actually curling upwards), Open Interest is slightly rising instead of falling, and the Whale Ratio is overwhelmingly green, showing aggressive accumulation. It even triggered some short liquidations recently, showing buyers are actively pushing back. 2. BTC (Bitcoin) Why it’s strong: As the market leader, BTC is holding its crucial macro structure. The flush of late longs has completely reset the market, leaving a clean slate. Key Factors: It is defending the lower ascending trendline well, supported by a heavy order block below it. The most telling sign is the heavily dominant green Whale Ratio—large players are consistently using this consolidation to buy the dip, setting the stage for the next leg up. 3. SOL (Solana) Why it’s strong: SOL looks technically very clean and stable. It has already absorbed the selling pressure and is resting on its POC with breathing room above its demand zones. Key Factors: The steep drop in the CVD has visibly curved into neutral territory, indicating sellers are exhausted. Open Interest is stabilizing nicely, and there is consistent, steady accumulation visible in the Whale Ratio. It is perfectly coiled for a breakout. ⚠️ Top 3 Weakest Coins These coins are struggling the most structurally. They are pinned below heavy resistance, lack momentum, and would likely suffer the most if the overall market experiences a further drop. 1. DOT (Polkadot) Why it’s the weakest: DOT’s price action is incredibly heavy. It is pinned at the very bottom of its support structure and is trading far below its main Point of Control, meaning almost all recent buyers are underwater. Key Factors: It has a deep, negative CVD with zero upward momentum, and Open Interest has completely melted away. Note: The only saving grace here is a surprisingly strong green Whale Ratio, meaning large entities are buying this extreme weakness, but technically, it looks terrible right now. 2. AVAX (Avalanche) Why it’s weak: AVAX lost its primary support level (the main POC) and is now trading below it, turning that historical support into heavy overhead resistance. Key Factors: The CVD took a massive dive and is struggling to form a base. The heatmap shows a lot of supply sitting above the current price, meaning any attempted rally will immediately be met with selling pressure from traders trying to break even. 3. XRP (Ripple) Why it’s weak: XRP is being squeezed to the absolute limit, but the pressure is mostly coming from the top down. Key Factors: A thick red supply zone is pressing directly on the price like a lid. Unlike other coins where the CVD has flattened, XRP’s CVD is still drawing a strict, descending line. Furthermore, Open Interest continues to bleed out, and there is no strong conviction from whales to step in and defend the price. Honorable Mention (The Wildcard): XLM (Stellar) While XLM’s price action looks structurally weak (similar to DOT), its Whale Ratio is screaming with green accumulation bars. It is the most extreme divergence on the board. Whales are aggressively front-running a potential bottom here, making it a high-risk, high-reward chart to watch. All Orderflow Charts submitted by /u/JohnWickTurk [link] [comments]",0.0,neutral,0.0,Signals are mixed or informational (score 0.000).,llama3.2,v1.0.0,2026-03-27T08:12:04Z
reddit,https://www.reddit.com/r/CryptoMarkets/comments/1s3zkrr/anyone_else_feel_like_crypto_is_holding_up_but/,2026-03-25,2026-03-27T08:12:04Z,"Anyone else feel like crypto is holding up, but still not really bullish?","BTC near 70k should look stronger than this, but the market still feels kind of heavy to me. ETH hasn’t really inspired much confidence, macro still isn’t that friendly, and every bounce still feels a bit too headline-driven. Between the Fed tone, geopolitical stress, and weaker risk appetite, this doesn’t feel like a clean breakout environment yet. I’m not saying the market has to dump from here. I just think people are a bit too quick to call strength when the overall tone still looks cautious. Are you guys treating this as accumulation, or just a temporary pause? submitted by /u/Zestyclose_Mail_4569 [link] [comments]",Bitcoin,"Anyone else feel like crypto is holding up, but still not really bullish?. BTC near 70k should look stronger than this, but the market still feels kind of heavy to me. ETH hasn’t really inspired much confidence, macro still isn’t that friendly, and every bounce still feels a bit too headline-driven. Between the Fed tone, geopolitical stress, and weaker risk appetite, this doesn’t feel like a clean breakout environment yet. I’m not saying the market has to dump from here. I just think people are a bit too quick to call strength when the overall tone still looks cautious. Are you guys treating this as accumulation, or just a temporary pause? submitted by /u/Zestyclose_Mail_4569 [link] [comments]. BTC near 70k should look stronger than this, but the market still feels kind of heavy to me. ETH hasn’t really inspired much confidence, macro still isn’t that friendly, and every bounce still feels a bit too headline-driven. Between the Fed tone, geopolitical stress, and weaker risk appetite, this doesn’t feel like a clean breakout environment yet. I’m not saying the market has to dump from here. I just think people are a bit too quick to call strength when the overall tone still looks cautious. Are you guys treating this as accumulation, or just a temporary pause? submitted by /u/Zestyclose_Mail_4569 [link] [comments]",0.0,neutral,0.0,Signals are mixed or informational (score 0.000).,llama3.2,v1.0.0,2026-03-27T08:12:04Z
reddit,https://www.reddit.com/r/CryptoMarkets/comments/1s3zkrr/anyone_else_feel_like_crypto_is_holding_up_but/,2026-03-25,2026-03-27T08:12:04Z,"Anyone else feel like crypto is holding up, but still not really bullish?","BTC near 70k should look stronger than this, but the market still feels kind of heavy to me. ETH hasn’t really inspired much confidence, macro still isn’t that friendly, and every bounce still feels a bit too headline-driven. Between the Fed tone, geopolitical stress, and weaker risk appetite, this doesn’t feel like a clean breakout environment yet. I’m not saying the market has to dump from here. I just think people are a bit too quick to call strength when the overall tone still looks cautious. Are you guys treating this as accumulation, or just a temporary pause? submitted by /u/Zestyclose_Mail_4569 [link] [comments]",Ethereum,"Anyone else feel like crypto is holding up, but still not really bullish?. BTC near 70k should look stronger than this, but the market still feels kind of heavy to me. ETH hasn’t really inspired much confidence, macro still isn’t that friendly, and every bounce still feels a bit too headline-driven. Between the Fed tone, geopolitical stress, and weaker risk appetite, this doesn’t feel like a clean breakout environment yet. I’m not saying the market has to dump from here. I just think people are a bit too quick to call strength when the overall tone still looks cautious. Are you guys treating this as accumulation, or just a temporary pause? submitted by /u/Zestyclose_Mail_4569 [link] [comments]. BTC near 70k should look stronger than this, but the market still feels kind of heavy to me. ETH hasn’t really inspired much confidence, macro still isn’t that friendly, and every bounce still feels a bit too headline-driven. Between the Fed tone, geopolitical stress, and weaker risk appetite, this doesn’t feel like a clean breakout environment yet. I’m not saying the market has to dump from here. I just think people are a bit too quick to call strength when the overall tone still looks cautious. Are you guys treating this as accumulation, or just a temporary pause? submitted by /u/Zestyclose_Mail_4569 [link] [comments]",0.0,neutral,0.0,Signals are mixed or informational (score 0.000).,llama3.2,v1.0.0,2026-03-27T08:12:04Z
reddit,https://www.reddit.com/r/CryptoMarkets/comments/1s4fy5m/would_this_be_enough_to_prove_the_source_of_funds/,2026-03-26,2026-03-27T08:12:04Z,Would this be enough to prove the source of funds on Kraken?,"I’m thinking of selling a fairly large amount (around 80k USDT) through Kraken and transferring it to my bank. The funds are basically from a loan I gave a friend, and he repaid me in USDT. The flow was Coinbase → my self-custody wallet → Kraken. I’m a new Kraken user, so I’m wondering if screenshots from the block explorer + my wallet, along with a simple explanation that it was a private transaction, would be enough for SoF. I’d rather not bother my friend for extra proof if possible. I’ve heard that CEXs can be pretty strict, so I’d appreciate any advice. submitted by /u/batman2234ben [link] [comments]",TetherUSDt,"Would this be enough to prove the source of funds on Kraken?. I’m thinking of selling a fairly large amount (around 80k USDT) through Kraken and transferring it to my bank. The funds are basically from a loan I gave a friend, and he repaid me in USDT. The flow was Coinbase → my self-custody wallet → Kraken. I’m a new Kraken user, so I’m wondering if screenshots from the block explorer + my wallet, along with a simple explanation that it was a private transaction, would be enough for SoF. I’d rather not bother my friend for extra proof if possible. I’ve heard that CEXs can be pretty strict, so I’d appreciate any advice. submitted by /u/batman2234ben [link] [comments]. I’m thinking of selling a fairly large amount (around 80k USDT) through Kraken and transferring it to my bank. The funds are basically from a loan I gave a friend, and he repaid me in USDT. The flow was Coinbase → my self-custody wallet → Kraken. I’m a new Kraken user, so I’m wondering if screenshots from the block explorer + my wallet, along with a simple explanation that it was a private transaction, would be enough for SoF. I’d rather not bother my friend for extra proof if possible. I’ve heard that CEXs can be pretty strict, so I’d appreciate any advice. submitted by /u/batman2234ben [link] [comments]",0.0,neutral,0.0,Signals are mixed or informational (score 0.000).,llama3.2,v1.0.0,2026-03-27T08:12:04Z
reddit,https://www.reddit.com/r/CryptoMarkets/comments/1s4kzvo/iran_might_control_up_to_8_of_bitcoin_mining/,2026-03-26,2026-03-27T08:12:04Z,Iran might control up to 8% of Bitcoin mining,"I came across something interesting about Bitcoin and wanted to get other opinions. Iran is estimated to have around 6–8% of global hashrate, which already makes it a pretty big player. But what caught my attention is that some reports claim 70% of that mining is linked to military-connected entities. If that’s even close to accurate, that’s a meaningful chunk of the network in a pretty sensitive region geopolitically. Not saying it breaks Bitcoin or anything, just makes me think about how “decentralized” it really is in practice vs theory. Most of the time we only talk about price, but this seems just as important. Am I overthinking this, or is this something people should pay more attention to? submitted by /u/V0idScribe [link] [comments]",Bitcoin,"Iran might control up to 8% of Bitcoin mining. I came across something interesting about Bitcoin and wanted to get other opinions. Iran is estimated to have around 6–8% of global hashrate, which already makes it a pretty big player. But what caught my attention is that some reports claim 70% of that mining is linked to military-connected entities. If that’s even close to accurate, that’s a meaningful chunk of the network in a pretty sensitive region geopolitically. Not saying it breaks Bitcoin or anything, just makes me think about how “decentralized” it really is in practice vs theory. Most of the time we only talk about price, but this seems just as important. Am I overthinking this, or is this something people should pay more attention to? submitted by /u/V0idScribe [link] [comments]. I came across something interesting about Bitcoin and wanted to get other opinions. Iran is estimated to have around 6–8% of global hashrate, which already makes it a pretty big player. But what caught my attention is that some reports claim 70% of that mining is linked to military-connected entities. If that’s even close to accurate, that’s a meaningful chunk of the network in a pretty sensitive region geopolitically. Not saying it breaks Bitcoin or anything, just makes me think about how “decentralized” it really is in practice vs theory. Most of the time we only talk about price, but this seems just as important. Am I overthinking this, or is this something people should pay more attention to? submitted by /u/V0idScribe [link] [comments]",0.0,neutral,0.0,Signals are mixed or informational (score 0.000).,llama3.2,v1.0.0,2026-03-27T08:12:04Z
reddit,https://www.reddit.com/r/CryptoMarkets/comments/1s4kwad/everyone_is_blaming_miners_for_the_btc_drop_the/,2026-03-26,2026-03-27T08:12:04Z,Everyone is blaming miners for the BTC drop — the on-chain data tells a different story,"I kept seeing people point at miners as the reason btc is struggling. so i actually looked at the data. miner supply ratio? declining since early 2025. miner selling power? also declining. miners are actually distributing LESS than they were before the halving. the whole ""post-halving miner capitulation"" narrative doesn't hold up when you look at the numbers. the real issue is on the buy side. the market shifted from supply-driven to demand-driven sometime in early 2025 and most people haven't updated their framework yet. even with miners selling less, there's not enough buying interest coming in to absorb the existing float. no meaningful whale accumulation showing up on-chain. etf inflows not stepping in at scale. the float just sits there with nobody willing to take it aggressively. demand voids like this can last longer than people expect. they usually end when one of three things happens — a macro catalyst, visible whale accumulation on-chain, or etf inflows coming back strong. so genuine question for anyone watching this closely — what specific signal would actually convince you the demand void is over? etf inflows crossing a certain threshold? whale wallets accumulating at a specific level? or does it need a full macro shift first? submitted by /u/TokenPulsar [link] [comments]",Bitcoin,"Everyone is blaming miners for the BTC drop — the on-chain data tells a different story. I kept seeing people point at miners as the reason btc is struggling. so i actually looked at the data. miner supply ratio? declining since early 2025. miner selling power? also declining. miners are actually distributing LESS than they were before the halving. the whole ""post-halving miner capitulation"" narrative doesn't hold up when you look at the numbers. the real issue is on the buy side. the market shifted from supply-driven to demand-driven sometime in early 2025 and most people haven't updated their framework yet. even with miners selling less, there's not enough buying interest coming in to absorb the existing float. no meaningful whale accumulation showing up on-chain. etf inflows not stepping in at scale. the float just sits there with nobody willing to take it aggressively. demand voids like this can last longer than people expect. they usually end when one of three things happens — a macro catalyst, visible whale accumulation on-chain, or etf inflows coming back strong. so genuine question for anyone watching this closely — what specific signal would actually convince you the demand void is over? etf inflows crossing a certain threshold? whale wallets accumulating at a specific level? or does it need a full macro shift first? submitted by /u/TokenPulsar [link] [comments]. I kept seeing people point at miners as the reason btc is struggling. so i actually looked at the data. miner supply ratio? declining since early 2025. miner selling power? also declining. miners are actually distributing LESS than they were before the halving. the whole ""post-halving miner capitulation"" narrative doesn't hold up when you look at the numbers. the real issue is on the buy side. the market shifted from supply-driven to demand-driven sometime in early 2025 and most people haven't updated their framework yet. even with miners selling less, there's not enough buying interest coming in to absorb the existing float. no meaningful whale accumulation showing up on-chain. etf inflows not stepping in at scale. the float just sits there with nobody willing to take it aggressively. demand voids like this can last longer than people expect. they usually end when one of three things happens — a macro catalyst, visible whale accumulation on-chain, or etf inflows coming back strong. so genuine question for anyone watching this closely — what specific signal would actually convince you the demand void is over? etf inflows crossing a certain threshold? whale wallets accumulating at a specific level? or does it need a full macro shift first? submitted by /u/TokenPulsar [link] [comments]",0.0,neutral,0.0,Signals are mixed or informational (score 0.000).,llama3.2,v1.0.0,2026-03-27T08:12:04Z
reddit,https://www.reddit.com/r/CryptoMarkets/comments/1s4vuiu/can_bittensor_taoreplace_bitcoin_btc/,2026-03-26,2026-03-27T08:12:04Z,Can Bittensor (TAO)replace Bitcoin (BTC)?,"TAO isn’t here to compete with crypto… it’s here to redefine it. Everyone keeps comparing Bittensor to Bitcoin — but that’s the wrong mindset. Bitcoin was built to store value. TAO is built to create value. Let that sink in. Bitcoin sits as digital gold — static, powerful, but passive. Bittensor is an active intelligence network where value comes from real AI contribution, not just holding and waiting. This is the shift most people are missing: BTC = Proof of Work TAO = Proof of Intelligence We are moving from energy-based validation → intelligence-based validation And in a world that’s rapidly being driven by AI, which one do you think scales harder? Institutions aren’t blind. Smart capital isn’t emotional. They follow where the future utility is. Right now: AI is the biggest narrative globally Decentralization is the backbone of crypto TAO is the only project truly merging both at protocol level This isn’t just another cycle pump. This is a category shift. Most people will ignore it early. Some will doubt it midway. Very few will understand it before it’s obvious. And by the time it becomes obvious… the narrative will already be written. TAO isn’t chasing the throne. It’s building a new kingdom. submitted by /u/Bond-James- [link] [comments]",Bitcoin,"Can Bittensor (TAO)replace Bitcoin (BTC)?. TAO isn’t here to compete with crypto… it’s here to redefine it. Everyone keeps comparing Bittensor to Bitcoin — but that’s the wrong mindset. Bitcoin was built to store value. TAO is built to create value. Let that sink in. Bitcoin sits as digital gold — static, powerful, but passive. Bittensor is an active intelligence network where value comes from real AI contribution, not just holding and waiting. This is the shift most people are missing: BTC = Proof of Work TAO = Proof of Intelligence We are moving from energy-based validation → intelligence-based validation And in a world that’s rapidly being driven by AI, which one do you think scales harder? Institutions aren’t blind. Smart capital isn’t emotional. They follow where the future utility is. Right now: AI is the biggest narrative globally Decentralization is the backbone of crypto TAO is the only project truly merging both at protocol level This isn’t just another cycle pump. This is a category shift. Most people will ignore it early. Some will doubt it midway. Very few will understand it before it’s obvious. And by the time it becomes obvious… the narrative will already be written. TAO isn’t chasing the throne. It’s building a new kingdom. submitted by /u/Bond-James- [link] [comments]. TAO isn’t here to compete with crypto… it’s here to redefine it. Everyone keeps comparing Bittensor to Bitcoin — but that’s the wrong mindset. Bitcoin was built to store value. TAO is built to create value. Let that sink in. Bitcoin sits as digital gold — static, powerful, but passive. Bittensor is an active intelligence network where value comes from real AI contribution, not just holding and waiting. This is the shift most people are missing: BTC = Proof of Work TAO = Proof of Intelligence We are moving from energy-based validation → intelligence-based validation And in a world that’s rapidly being driven by AI, which one do you think scales harder? Institutions aren’t blind. Smart capital isn’t emotional. They follow where the future utility is. Right now: AI is the biggest narrative globally Decentralization is the backbone of crypto TAO is the only project truly merging both at protocol level This isn’t just another cycle pump. This is a category shift. Most people will ignore it early. Some will doubt it midway. Very few will understand it before it’s obvious. And by the time it becomes obvious… the narrative will already be written. TAO isn’t chasing the throne. It’s building a new kingdom. submitted by /u/Bond-James- [link] [comments]",0.0,neutral,0.0,Signals are mixed or informational (score 0.000).,llama3.2,v1.0.0,2026-03-27T08:12:04Z
reddit,https://www.reddit.com/r/CryptoMarkets/comments/1s4e4nw/fear_greed_just_hit_10/,2026-03-26,2026-03-27T08:12:04Z,Fear & Greed just hit 10.,"We're 46 days into extreme fear, the longest streak since FTX blew up. Retail is dumping, ETF outflows for five days straight, and the timeline is full of ""$10k BTC"" takes. Meanwhile whale wallets holding 1,000+ BTC just hit an all-time high of 2,140 addresses. Make of that what you will. submitted by /u/Novel-Lifeguard6491 [link] [comments]",Bitcoin,"Fear & Greed just hit 10.. We're 46 days into extreme fear, the longest streak since FTX blew up. Retail is dumping, ETF outflows for five days straight, and the timeline is full of ""$10k BTC"" takes. Meanwhile whale wallets holding 1,000+ BTC just hit an all-time high of 2,140 addresses. Make of that what you will. submitted by /u/Novel-Lifeguard6491 [link] [comments]. We're 46 days into extreme fear, the longest streak since FTX blew up. Retail is dumping, ETF outflows for five days straight, and the timeline is full of ""$10k BTC"" takes. Meanwhile whale wallets holding 1,000+ BTC just hit an all-time high of 2,140 addresses. Make of that what you will. submitted by /u/Novel-Lifeguard6491 [link] [comments]",0.0,neutral,0.0,Signals are mixed or informational (score 0.000).,llama3.2,v1.0.0,2026-03-27T08:12:04Z
reddit,https://www.reddit.com/r/Crypto_com/comments/1s345q4/the_eth_app_campaign_is_live/,2026-03-24,2026-03-27T08:12:04Z,The ETH App Campaign is live!,submitted by /u/MarkY_Crypto [link] [comments],Ethereum,The ETH App Campaign is live!. submitted by /u/MarkY_Crypto [link] [comments]. submitted by /u/MarkY_Crypto [link] [comments],0.0,neutral,0.0,Signals are mixed or informational (score 0.000).,llama3.2,v1.0.0,2026-03-27T08:12:04Z
reddit,https://www.reddit.com/r/Crypto_com/comments/1s32lnm/cryptocom_exchange_now_supports_deposits_and/,2026-03-24,2026-03-27T08:12:04Z,Crypto.com Exchange now supports deposits and withdrawals of $USDC via HyperEVM,submitted by /u/MarkY_Crypto [link] [comments],USDC,Crypto.com Exchange now supports deposits and withdrawals of $USDC via HyperEVM. submitted by /u/MarkY_Crypto [link] [comments]. submitted by /u/MarkY_Crypto [link] [comments],0.0,neutral,0.0,Signals are mixed or informational (score 0.000).,llama3.2,v1.0.0,2026-03-27T08:12:04Z
reddit,https://www.reddit.com/r/Crypto_com/comments/1s2zr4t/one_week_left_in_the_xrp_app_campaign/,2026-03-24,2026-03-27T08:12:04Z,One week left in the XRP App Campaign 🏁,submitted by /u/MarkY_Crypto [link] [comments],XRP,One week left in the XRP App Campaign 🏁. submitted by /u/MarkY_Crypto [link] [comments]. submitted by /u/MarkY_Crypto [link] [comments],0.0,neutral,0.0,Signals are mixed or informational (score 0.000).,llama3.2,v1.0.0,2026-03-27T08:12:04Z
reddit,https://www.reddit.com/r/Crypto_com/comments/1s2tbwn/qualifying_stablecoin_1099da/,2026-03-24,2026-03-27T08:12:04Z,Qualifying Stablecoin 1099DA,Anyone have any clue where to get the transactions they processed for qualifying stable coins on the 1099DA? I looked all over and I can’t find anything that matches it. Says I had 13 transactions for $11k. Nothing under usdc history and none of my usd deposits get close to it submitted by /u/Darkwolf22345 [link] [comments],USDC,Qualifying Stablecoin 1099DA. Anyone have any clue where to get the transactions they processed for qualifying stable coins on the 1099DA? I looked all over and I can’t find anything that matches it. Says I had 13 transactions for $11k. Nothing under usdc history and none of my usd deposits get close to it submitted by /u/Darkwolf22345 [link] [comments]. Anyone have any clue where to get the transactions they processed for qualifying stable coins on the 1099DA? I looked all over and I can’t find anything that matches it. Says I had 13 transactions for $11k. Nothing under usdc history and none of my usd deposits get close to it submitted by /u/Darkwolf22345 [link] [comments],0.0,neutral,0.0,Signals are mixed or informational (score 0.000).,llama3.2,v1.0.0,2026-03-27T08:12:04Z
reddit,https://www.reddit.com/r/Crypto_com/comments/1s25qu2/final_call_for_the_btc_app_campaign/,2026-03-23,2026-03-27T08:12:04Z,🔊 Final call for the BTC App Campaign,submitted by /u/MarkY_Crypto [link] [comments],Bitcoin,🔊 Final call for the BTC App Campaign. submitted by /u/MarkY_Crypto [link] [comments]. submitted by /u/MarkY_Crypto [link] [comments],0.0,neutral,0.0,Signals are mixed or informational (score 0.000).,llama3.2,v1.0.0,2026-03-27T08:12:04Z
reddit,https://www.reddit.com/r/binance/comments/1s17t0x/binance_support_thread/,2026-03-22,2026-03-27T08:12:04Z,Binance Support Thread,"Dear Binancians, We use this thread to consolidate any support questions or queries into one place. Please keep in mind that for the safety and the privacy of our users, we do not ask for, or otherwise provide account-specific information on Reddit. Please understand our intention, and cooperate with us by starting a chat with our official support for us to be able to assist you. Please do note any support requests outside of this thread will not be attended to, thanks for understanding. Click here for official Binance support. Make sure you login and provide your email or phone number, select your issue from the options, if your issue wasn’t answered click ‘unresolved’ and type ‘human’ to interact with our live support team, then click ‘okay’ to proceed. Do not hesitate to help your fellow Binancians as long as their inquiry is a general one, however attempting to engage in sensitive matters, or providing wrong information will lead to the comment being removed. ----------------------------------- How to post about your case Please follow this format: Comment on this thread with your case ID (please ensure your case ID is still valid before posting) Provide a description of your issue (we’ve included a few common problems below) If your case gets resolved, please delete your comment. Or, at least update it to say resolved. This will help users that still need help get the attention they need. Thank you! Please note: We can’t help you unless you provide us with a valid case ID. Users with Binance US cases will have to refer to r/BinanceUS To get a case ID you must start a live chat with support. Click here, select ‘unsolved’ and type ‘human’ to join the live CS queue. The case ID will be shown far left of the top bar - alternatively, you can see your case ID in the email or text you receive upon initiating the chat. ----------------------------------- Common problems & solutions 1. Crypto withdrawal suspended ● You receive a message saying ‘withdrawal suspended due to risk control’ and have been trying to unlock your account. ● Don’t worry, your funds are SAFU. Our agents will try their best to help unlock the withdrawal - please coordinate with our team and provide relevant information when prompted to do so. ● Withdrawal Risk can be triggered by a number of reasons. Risk control is extremely important. Please note that we can only help you if we deem your case to be legitimate, if you have attempted to hack an account and request for unsuspension, you will be unsuccessful as we have processes in place to prevent this. Our team works extremely hard to resolve these issues as soon as possible and some cases can take time to resolve but please keep in mind the reason for this is to ensure you, our users, are safe. Cases replied by our mods are already in the escalation process. A longer wait after escalation = our team is working hard at investigating the issue. If there are any updates to the case, our agents will reply to you directly in the chat. Please refrain from leaving multiple messages in this thread if your case has already been escalated. 2. Security issues ● Report hacked accounts and funds. ● Difficulty to reset 2FA and gain access to your account. 3. Fiat deposit & withdrawal ● Fiat (not crypto) is taking longer than expected to arrive in your bank / Binance account. ● Involves intermediaries such as bank transfers or buying crypto with credit/debit cards. ● Note: It can take up to several working days for the money to be credited to your accounts. You can find more FAQ here 4. US persons accessing old Binance.com accounts for offboarding & withdrawal of funds ● Your funds are SAFU. If you experience issues with withdrawing remaining funds, follow the above steps to get to our live chat queue - our agents will try our best to assist you with the offboarding. 5. Trading system and other account issues ● Spot, margin & futures trading ● P2P disputes ● Binance Visa Card transactions ● Unable to complete KYC ● Any other issues Please follow the format stated above, your case cannot be escalated if you do not follow this process and your comment may be removed. Following the format helps us classify and identify the issues, escalate them to our relevant departments and get everyone’s problems resolved. Spamming the feed is unfair to other users and will result in a ban. submitted by /u/AutoModerator [link] [comments]",BNB,"Binance Support Thread. Dear Binancians, We use this thread to consolidate any support questions or queries into one place. Please keep in mind that for the safety and the privacy of our users, we do not ask for, or otherwise provide account-specific information on Reddit. Please understand our intention, and cooperate with us by starting a chat with our official support for us to be able to assist you. Please do note any support requests outside of this thread will not be attended to, thanks for understanding. Click here for official Binance support. Make sure you login and provide your email or phone number, select your issue from the options, if your issue wasn’t answered click ‘unresolved’ and type ‘human’ to interact with our live support team, then click ‘okay’ to proceed. Do not hesitate to help your fellow Binancians as long as their inquiry is a general one, however attempting to engage in sensitive matters, or providing wrong information will lead to the comment being removed. ----------------------------------- How to post about your case Please follow this format: Comment on this thread with your case ID (please ensure your case ID is still valid before posting) Provide a description of your issue (we’ve included a few common problems below) If your case gets resolved, please delete your comment. Or, at least update it to say resolved. This will help users that still need help get the attention they need. Thank you! Please note: We can’t help you unless you provide us with a valid case ID. Users with Binance US cases will have to refer to r/BinanceUS To get a case ID you must start a live chat with support. Click here, select ‘unsolved’ and type ‘human’ to join the live CS queue. The case ID will be shown far left of the top bar - alternatively, you can see your case ID in the email or text you receive upon initiating the chat. ----------------------------------- Common problems & solutions 1. Crypto withdrawal suspended ● You receive a message saying ‘withdrawal suspended due to risk control’ and have been trying to unlock your account. ● Don’t worry, your funds are SAFU. Our agents will try their best to help unlock the withdrawal - please coordinate with our team and provide relevant information when prompted to do so. ● Withdrawal Risk can be triggered by a number of reasons. Risk control is extremely important. Please note that we can only help you if we deem your case to be legitimate, if you have attempted to hack an account and request for unsuspension, you will be unsuccessful as we have processes in place to prevent this. Our team works extremely hard to resolve these issues as soon as possible and some cases can take time to resolve but please keep in mind the reason for this is to ensure you, our users, are safe. Cases replied by our mods are already in the escalation process. A longer wait after escalation = our team is working hard at investigating the issue. If there are any updates to the case, our agents will reply to you directly in the chat. Please refrain from leaving multiple messages in this thread if your case has already been escalated. 2. Security issues ● Report hacked accounts and funds. ● Difficulty to reset 2FA and gain access to your account. 3. Fiat deposit & withdrawal ● Fiat (not crypto) is taking longer than expected to arrive in your bank / Binance account. ● Involves intermediaries such as bank transfers or buying crypto with credit/debit cards. ● Note: It can take up to several working days for the money to be credited to your accounts. You can find more FAQ here 4. US persons accessing old Binance.com accounts for offboarding & withdrawal of funds ● Your funds are SAFU. If you experience issues with withdrawing remaining funds, follow the above steps to get to our live chat queue - our agents will try our best to assist you with the offboarding. 5. Trading system and other account issues ● Spot, margin & futures trading ● P2P disputes ● Binance Visa Card transactions ● Unable to complete KYC ● Any other issues Please follow the format stated above, your case cannot be escalated if you do not follow this process and your comment may be removed. Following the format helps us classify and identify the issues, escalate them to our relevant departments and get everyone’s problems resolved. Spamming the feed is unfair to other users and will result in a ban. submitted by /u/AutoModerator [link] [comments]. Dear Binancians, We use this thread to consolidate any support questions or queries into one place. Please keep in mind that for the safety and the privacy of our users, we do not ask for, or otherwise provide account-specific information on Reddit. Please understand our intention, and cooperate with us by starting a chat with our official support for us to be able to assist you. Please do note any support requests outside of this thread will not be attended to, thanks for understanding. Click here for official Binance support. Make sure you login and provide your email or phone number, select your issue from the options, if your issue wasn’t answered click ‘unresolved’ and type ‘human’ to interact with our live support team, then click ‘okay’ to proceed. Do not hesitate to help your fellow Binancians as long as their inquiry is a general one, however attempting to engage in sensitive matters, or providing wrong information will lead to the comment being removed. ----------------------------------- How to post about your case Please follow this format: Comment on this thread with your case ID (please ensure your case ID is still valid before posting) Provide a description of your issue (we’ve included a few common problems below) If your case gets resolved, please delete your comment. Or, at least update it to say resolved. This will help users that still need help get the attention they need. Thank you! Please note: We can’t help you unless you provide us with a valid case ID. Users with Binance US cases will have to refer to r/BinanceUS To get a case ID you must start a live chat with support. Click here, select ‘unsolved’ and type ‘human’ to join the live CS queue. The case ID will be shown far left of the top bar - alternatively, you can see your case ID in the email or text you receive upon initiating the chat. ----------------------------------- Common problems & solutions 1. Crypto withdrawal suspended ● You receive a message saying ‘withdrawal suspended due to risk control’ and have been trying to unlock your account. ● Don’t worry, your funds are SAFU. Our agents will try their best to help unlock the withdrawal - please coordinate with our team and provide relevant information when prompted to do so. ● Withdrawal Risk can be triggered by a number of reasons. Risk control is extremely important. Please note that we can only help you if we deem your case to be legitimate, if you have attempted to hack an account and request for unsuspension, you will be unsuccessful as we have processes in place to prevent this. Our team works extremely hard to resolve these issues as soon as possible and some cases can take time to resolve but please keep in mind the reason for this is to ensure you, our users, are safe. Cases replied by our mods are already in the escalation process. A longer wait after escalation = our team is working hard at investigating the issue. If there are any updates to the case, our agents will reply to you directly in the chat. Please refrain from leaving multiple messages in this thread if your case has already been escalated. 2. Security issues ● Report hacked accounts and funds. ● Difficulty to reset 2FA and gain access to your account. 3. Fiat deposit & withdrawal ● Fiat (not crypto) is taking longer than expected to arrive in your bank / Binance account. ● Involves intermediaries such as bank transfers or buying crypto with credit/debit cards. ● Note: It can take up to several working days for the money to be credited to your accounts. You can find more FAQ here 4. US persons accessing old Binance.com accounts for offboarding & withdrawal of funds ● Your funds are SAFU. If you experience issues with withdrawing remaining funds, follow the above steps to get to our live chat queue - our agents will try our best to assist you with the offboarding. 5. Trading system and other account issues ● Spot, margin & futures trading ● P2P disputes ● Binance Visa Card transactions ● Unable to complete KYC ● Any other issues Please follow the format stated above, your case cannot be escalated if you do not follow this process and your comment may be removed. Following the format helps us classify and identify the issues, escalate them to our relevant departments and get everyone’s problems resolved. Spamming the feed is unfair to other users and will result in a ban. submitted by /u/AutoModerator [link] [comments]",0.0,neutral,0.0,Signals are mixed or informational (score 0.000).,llama3.2,v1.0.0,2026-03-27T08:12:04Z
reddit,https://www.reddit.com/r/binance/comments/1s4xxn7/baxity_instant_delivery/,2026-03-27,2026-03-27T08:12:04Z,Baxity instant delivery?,"Is Baxity Instant delivery? I seen a 90 usdt gift card but i need to know if its instant delivery or not please, thank you submitted by /u/PromiseShot5825 [link] [comments]",TetherUSDt,"Baxity instant delivery?. Is Baxity Instant delivery? I seen a 90 usdt gift card but i need to know if its instant delivery or not please, thank you submitted by /u/PromiseShot5825 [link] [comments]. Is Baxity Instant delivery? I seen a 90 usdt gift card but i need to know if its instant delivery or not please, thank you submitted by /u/PromiseShot5825 [link] [comments]",0.0,neutral,0.0,Signals are mixed or informational (score 0.000).,llama3.2,v1.0.0,2026-03-27T08:12:04Z
reddit,https://www.reddit.com/r/binance/comments/1s472n1/binance_beginner/,2026-03-26,2026-03-27T08:12:04Z,Binance beginner,"Hi guys, so recently, I've been investing in cryptocurrency, so I started with Binance, I invested a lot, that's my portfolio in the attached picture, currently I have $188.67, my balance keeps fluctuating every $0.54, and I'm trying to figure out what causes it, maybe it's BTC and ETH. I'm from Poland, and due to ridiculous MiCA regulations, such stablecoins like USDT, FDUSD, TUSD, USDP, DAI, AEUR, XUSD, and PAXG are not available in my region, that also includes Dual Investment and Futures, so I'm slowly considering transferring my funds to Kraken/Kraken PRO, because it has more to offer, most importantly more stablecoins (8 available stablecoins for my country). So my question is, is it possible to slow down such sudden fluctuations of my balance and increase my daily income? should I keep my portfolio as it is or add something? I'd be grateful for your honest and genuine help, because I'm new to this. submitted by /u/Agitated_Gazelle_599 [link] [comments]",Bitcoin,"Binance beginner. Hi guys, so recently, I've been investing in cryptocurrency, so I started with Binance, I invested a lot, that's my portfolio in the attached picture, currently I have $188.67, my balance keeps fluctuating every $0.54, and I'm trying to figure out what causes it, maybe it's BTC and ETH. I'm from Poland, and due to ridiculous MiCA regulations, such stablecoins like USDT, FDUSD, TUSD, USDP, DAI, AEUR, XUSD, and PAXG are not available in my region, that also includes Dual Investment and Futures, so I'm slowly considering transferring my funds to Kraken/Kraken PRO, because it has more to offer, most importantly more stablecoins (8 available stablecoins for my country). So my question is, is it possible to slow down such sudden fluctuations of my balance and increase my daily income? should I keep my portfolio as it is or add something? I'd be grateful for your honest and genuine help, because I'm new to this. submitted by /u/Agitated_Gazelle_599 [link] [comments]. Hi guys, so recently, I've been investing in cryptocurrency, so I started with Binance, I invested a lot, that's my portfolio in the attached picture, currently I have $188.67, my balance keeps fluctuating every $0.54, and I'm trying to figure out what causes it, maybe it's BTC and ETH. I'm from Poland, and due to ridiculous MiCA regulations, such stablecoins like USDT, FDUSD, TUSD, USDP, DAI, AEUR, XUSD, and PAXG are not available in my region, that also includes Dual Investment and Futures, so I'm slowly considering transferring my funds to Kraken/Kraken PRO, because it has more to offer, most importantly more stablecoins (8 available stablecoins for my country). So my question is, is it possible to slow down such sudden fluctuations of my balance and increase my daily income? should I keep my portfolio as it is or add something? I'd be grateful for your honest and genuine help, because I'm new to this. submitted by /u/Agitated_Gazelle_599 [link] [comments]",0.0,neutral,0.0,Signals are mixed or informational (score 0.000).,llama3.2,v1.0.0,2026-03-27T08:12:04Z
reddit,https://www.reddit.com/r/binance/comments/1s472n1/binance_beginner/,2026-03-26,2026-03-27T08:12:04Z,Binance beginner,"Hi guys, so recently, I've been investing in cryptocurrency, so I started with Binance, I invested a lot, that's my portfolio in the attached picture, currently I have $188.67, my balance keeps fluctuating every $0.54, and I'm trying to figure out what causes it, maybe it's BTC and ETH. I'm from Poland, and due to ridiculous MiCA regulations, such stablecoins like USDT, FDUSD, TUSD, USDP, DAI, AEUR, XUSD, and PAXG are not available in my region, that also includes Dual Investment and Futures, so I'm slowly considering transferring my funds to Kraken/Kraken PRO, because it has more to offer, most importantly more stablecoins (8 available stablecoins for my country). So my question is, is it possible to slow down such sudden fluctuations of my balance and increase my daily income? should I keep my portfolio as it is or add something? I'd be grateful for your honest and genuine help, because I'm new to this. submitted by /u/Agitated_Gazelle_599 [link] [comments]",Ethereum,"Binance beginner. Hi guys, so recently, I've been investing in cryptocurrency, so I started with Binance, I invested a lot, that's my portfolio in the attached picture, currently I have $188.67, my balance keeps fluctuating every $0.54, and I'm trying to figure out what causes it, maybe it's BTC and ETH. I'm from Poland, and due to ridiculous MiCA regulations, such stablecoins like USDT, FDUSD, TUSD, USDP, DAI, AEUR, XUSD, and PAXG are not available in my region, that also includes Dual Investment and Futures, so I'm slowly considering transferring my funds to Kraken/Kraken PRO, because it has more to offer, most importantly more stablecoins (8 available stablecoins for my country). So my question is, is it possible to slow down such sudden fluctuations of my balance and increase my daily income? should I keep my portfolio as it is or add something? I'd be grateful for your honest and genuine help, because I'm new to this. submitted by /u/Agitated_Gazelle_599 [link] [comments]. Hi guys, so recently, I've been investing in cryptocurrency, so I started with Binance, I invested a lot, that's my portfolio in the attached picture, currently I have $188.67, my balance keeps fluctuating every $0.54, and I'm trying to figure out what causes it, maybe it's BTC and ETH. I'm from Poland, and due to ridiculous MiCA regulations, such stablecoins like USDT, FDUSD, TUSD, USDP, DAI, AEUR, XUSD, and PAXG are not available in my region, that also includes Dual Investment and Futures, so I'm slowly considering transferring my funds to Kraken/Kraken PRO, because it has more to offer, most importantly more stablecoins (8 available stablecoins for my country). So my question is, is it possible to slow down such sudden fluctuations of my balance and increase my daily income? should I keep my portfolio as it is or add something? I'd be grateful for your honest and genuine help, because I'm new to this. submitted by /u/Agitated_Gazelle_599 [link] [comments]",0.0,neutral,0.0,Signals are mixed or informational (score 0.000).,llama3.2,v1.0.0,2026-03-27T08:12:04Z
reddit,https://www.reddit.com/r/binance/comments/1s472n1/binance_beginner/,2026-03-26,2026-03-27T08:12:04Z,Binance beginner,"Hi guys, so recently, I've been investing in cryptocurrency, so I started with Binance, I invested a lot, that's my portfolio in the attached picture, currently I have $188.67, my balance keeps fluctuating every $0.54, and I'm trying to figure out what causes it, maybe it's BTC and ETH. I'm from Poland, and due to ridiculous MiCA regulations, such stablecoins like USDT, FDUSD, TUSD, USDP, DAI, AEUR, XUSD, and PAXG are not available in my region, that also includes Dual Investment and Futures, so I'm slowly considering transferring my funds to Kraken/Kraken PRO, because it has more to offer, most importantly more stablecoins (8 available stablecoins for my country). So my question is, is it possible to slow down such sudden fluctuations of my balance and increase my daily income? should I keep my portfolio as it is or add something? I'd be grateful for your honest and genuine help, because I'm new to this. submitted by /u/Agitated_Gazelle_599 [link] [comments]",TetherUSDt,"Binance beginner. Hi guys, so recently, I've been investing in cryptocurrency, so I started with Binance, I invested a lot, that's my portfolio in the attached picture, currently I have $188.67, my balance keeps fluctuating every $0.54, and I'm trying to figure out what causes it, maybe it's BTC and ETH. I'm from Poland, and due to ridiculous MiCA regulations, such stablecoins like USDT, FDUSD, TUSD, USDP, DAI, AEUR, XUSD, and PAXG are not available in my region, that also includes Dual Investment and Futures, so I'm slowly considering transferring my funds to Kraken/Kraken PRO, because it has more to offer, most importantly more stablecoins (8 available stablecoins for my country). So my question is, is it possible to slow down such sudden fluctuations of my balance and increase my daily income? should I keep my portfolio as it is or add something? I'd be grateful for your honest and genuine help, because I'm new to this. submitted by /u/Agitated_Gazelle_599 [link] [comments]. Hi guys, so recently, I've been investing in cryptocurrency, so I started with Binance, I invested a lot, that's my portfolio in the attached picture, currently I have $188.67, my balance keeps fluctuating every $0.54, and I'm trying to figure out what causes it, maybe it's BTC and ETH. I'm from Poland, and due to ridiculous MiCA regulations, such stablecoins like USDT, FDUSD, TUSD, USDP, DAI, AEUR, XUSD, and PAXG are not available in my region, that also includes Dual Investment and Futures, so I'm slowly considering transferring my funds to Kraken/Kraken PRO, because it has more to offer, most importantly more stablecoins (8 available stablecoins for my country). So my question is, is it possible to slow down such sudden fluctuations of my balance and increase my daily income? should I keep my portfolio as it is or add something? I'd be grateful for your honest and genuine help, because I'm new to this. submitted by /u/Agitated_Gazelle_599 [link] [comments]",0.0,neutral,0.0,Signals are mixed or informational (score 0.000).,llama3.2,v1.0.0,2026-03-27T08:12:04Z
reddit,https://www.reddit.com/r/binance/comments/1s472n1/binance_beginner/,2026-03-26,2026-03-27T08:12:04Z,Binance beginner,"Hi guys, so recently, I've been investing in cryptocurrency, so I started with Binance, I invested a lot, that's my portfolio in the attached picture, currently I have $188.67, my balance keeps fluctuating every $0.54, and I'm trying to figure out what causes it, maybe it's BTC and ETH. I'm from Poland, and due to ridiculous MiCA regulations, such stablecoins like USDT, FDUSD, TUSD, USDP, DAI, AEUR, XUSD, and PAXG are not available in my region, that also includes Dual Investment and Futures, so I'm slowly considering transferring my funds to Kraken/Kraken PRO, because it has more to offer, most importantly more stablecoins (8 available stablecoins for my country). So my question is, is it possible to slow down such sudden fluctuations of my balance and increase my daily income? should I keep my portfolio as it is or add something? I'd be grateful for your honest and genuine help, because I'm new to this. submitted by /u/Agitated_Gazelle_599 [link] [comments]",Dai,"Binance beginner. Hi guys, so recently, I've been investing in cryptocurrency, so I started with Binance, I invested a lot, that's my portfolio in the attached picture, currently I have $188.67, my balance keeps fluctuating every $0.54, and I'm trying to figure out what causes it, maybe it's BTC and ETH. I'm from Poland, and due to ridiculous MiCA regulations, such stablecoins like USDT, FDUSD, TUSD, USDP, DAI, AEUR, XUSD, and PAXG are not available in my region, that also includes Dual Investment and Futures, so I'm slowly considering transferring my funds to Kraken/Kraken PRO, because it has more to offer, most importantly more stablecoins (8 available stablecoins for my country). So my question is, is it possible to slow down such sudden fluctuations of my balance and increase my daily income? should I keep my portfolio as it is or add something? I'd be grateful for your honest and genuine help, because I'm new to this. submitted by /u/Agitated_Gazelle_599 [link] [comments]. Hi guys, so recently, I've been investing in cryptocurrency, so I started with Binance, I invested a lot, that's my portfolio in the attached picture, currently I have $188.67, my balance keeps fluctuating every $0.54, and I'm trying to figure out what causes it, maybe it's BTC and ETH. I'm from Poland, and due to ridiculous MiCA regulations, such stablecoins like USDT, FDUSD, TUSD, USDP, DAI, AEUR, XUSD, and PAXG are not available in my region, that also includes Dual Investment and Futures, so I'm slowly considering transferring my funds to Kraken/Kraken PRO, because it has more to offer, most importantly more stablecoins (8 available stablecoins for my country). So my question is, is it possible to slow down such sudden fluctuations of my balance and increase my daily income? should I keep my portfolio as it is or add something? I'd be grateful for your honest and genuine help, because I'm new to this. submitted by /u/Agitated_Gazelle_599 [link] [comments]",0.0,neutral,0.0,Signals are mixed or informational (score 0.000).,llama3.2,v1.0.0,2026-03-27T08:12:05Z
reddit,https://www.reddit.com/r/binance/comments/1s472n1/binance_beginner/,2026-03-26,2026-03-27T08:12:04Z,Binance beginner,"Hi guys, so recently, I've been investing in cryptocurrency, so I started with Binance, I invested a lot, that's my portfolio in the attached picture, currently I have $188.67, my balance keeps fluctuating every $0.54, and I'm trying to figure out what causes it, maybe it's BTC and ETH. I'm from Poland, and due to ridiculous MiCA regulations, such stablecoins like USDT, FDUSD, TUSD, USDP, DAI, AEUR, XUSD, and PAXG are not available in my region, that also includes Dual Investment and Futures, so I'm slowly considering transferring my funds to Kraken/Kraken PRO, because it has more to offer, most importantly more stablecoins (8 available stablecoins for my country). So my question is, is it possible to slow down such sudden fluctuations of my balance and increase my daily income? should I keep my portfolio as it is or add something? I'd be grateful for your honest and genuine help, because I'm new to this. submitted by /u/Agitated_Gazelle_599 [link] [comments]",BNB,"Binance beginner. Hi guys, so recently, I've been investing in cryptocurrency, so I started with Binance, I invested a lot, that's my portfolio in the attached picture, currently I have $188.67, my balance keeps fluctuating every $0.54, and I'm trying to figure out what causes it, maybe it's BTC and ETH. I'm from Poland, and due to ridiculous MiCA regulations, such stablecoins like USDT, FDUSD, TUSD, USDP, DAI, AEUR, XUSD, and PAXG are not available in my region, that also includes Dual Investment and Futures, so I'm slowly considering transferring my funds to Kraken/Kraken PRO, because it has more to offer, most importantly more stablecoins (8 available stablecoins for my country). So my question is, is it possible to slow down such sudden fluctuations of my balance and increase my daily income? should I keep my portfolio as it is or add something? I'd be grateful for your honest and genuine help, because I'm new to this. submitted by /u/Agitated_Gazelle_599 [link] [comments]. Hi guys, so recently, I've been investing in cryptocurrency, so I started with Binance, I invested a lot, that's my portfolio in the attached picture, currently I have $188.67, my balance keeps fluctuating every $0.54, and I'm trying to figure out what causes it, maybe it's BTC and ETH. I'm from Poland, and due to ridiculous MiCA regulations, such stablecoins like USDT, FDUSD, TUSD, USDP, DAI, AEUR, XUSD, and PAXG are not available in my region, that also includes Dual Investment and Futures, so I'm slowly considering transferring my funds to Kraken/Kraken PRO, because it has more to offer, most importantly more stablecoins (8 available stablecoins for my country). So my question is, is it possible to slow down such sudden fluctuations of my balance and increase my daily income? should I keep my portfolio as it is or add something? I'd be grateful for your honest and genuine help, because I'm new to this. submitted by /u/Agitated_Gazelle_599 [link] [comments]",0.0,neutral,0.0,Signals are mixed or informational (score 0.000).,llama3.2,v1.0.0,2026-03-27T08:12:05Z
reddit,https://www.reddit.com/r/binance/comments/1s4mqos/nuovo_su_binance/,2026-03-26,2026-03-27T08:12:04Z,Nuovo su binance,"Quali sono i vostri ""must-do"" per la sicurezza oltre al 2FA? (Usate chiavi fisiche tipo Yubikey?) Per quanto riguarda le commissioni, conviene davvero tenere sempre un po' di BNB nel wallet per lo sconto del 25%? C'è qualche funzione di Binance Earn che consigliate per un profilo di rischio medio-basso? Grazie a chiunque mi aiuterà a navigare meglio nell'ecosistema! 🚀 submitted by /u/Cool-Consequence-938 [link] [comments]",BNB,"Nuovo su binance. Quali sono i vostri ""must-do"" per la sicurezza oltre al 2FA? (Usate chiavi fisiche tipo Yubikey?) Per quanto riguarda le commissioni, conviene davvero tenere sempre un po' di BNB nel wallet per lo sconto del 25%? C'è qualche funzione di Binance Earn che consigliate per un profilo di rischio medio-basso? Grazie a chiunque mi aiuterà a navigare meglio nell'ecosistema! 🚀 submitted by /u/Cool-Consequence-938 [link] [comments]. Quali sono i vostri ""must-do"" per la sicurezza oltre al 2FA? (Usate chiavi fisiche tipo Yubikey?) Per quanto riguarda le commissioni, conviene davvero tenere sempre un po' di BNB nel wallet per lo sconto del 25%? C'è qualche funzione di Binance Earn che consigliate per un profilo di rischio medio-basso? Grazie a chiunque mi aiuterà a navigare meglio nell'ecosistema! 🚀 submitted by /u/Cool-Consequence-938 [link] [comments]",0.0,neutral,0.0,Signals are mixed or informational (score 0.000).,llama3.2,v1.0.0,2026-03-27T08:12:05Z
reddit,https://www.reddit.com/r/binance/comments/1s3qsyb/fondos_bloqueados_en_comercio_p2p/,2026-03-25,2026-03-27T08:12:04Z,Fondos bloqueados en comercio p2p,Buenas tardes a todos. Llevo tiempo vendiendo usdt y hoy hice un comercio donde los fondos me aparecen bloqueados en mi cuenta bancaria. Alguien tiene información de lo que podría haber pasado? submitted by /u/Ok-Avocado-2979 [link] [comments],TetherUSDt,Fondos bloqueados en comercio p2p. Buenas tardes a todos. Llevo tiempo vendiendo usdt y hoy hice un comercio donde los fondos me aparecen bloqueados en mi cuenta bancaria. Alguien tiene información de lo que podría haber pasado? submitted by /u/Ok-Avocado-2979 [link] [comments]. Buenas tardes a todos. Llevo tiempo vendiendo usdt y hoy hice un comercio donde los fondos me aparecen bloqueados en mi cuenta bancaria. Alguien tiene información de lo que podría haber pasado? submitted by /u/Ok-Avocado-2979 [link] [comments],0.0,neutral,0.0,Signals are mixed or informational (score 0.000).,llama3.2,v1.0.0,2026-03-27T08:12:05Z
reddit,https://www.reddit.com/r/binance/comments/1s3qco9/cambio_de_usdt_a_bolivares/,2026-03-25,2026-03-27T08:12:04Z,Cambio de USDT a Bolivares,"Hola a todos que tal, queria hacer una pregunta a la comunidad que recibe pagos en usdt o tiene usdts, Porfavor respondan con toda la honestidad.. Ustedes reemplazarian sus ""metodos actuales"" de cambio de bolivares a usdt por una aplicacion confiable que cambie sus usdt a bolivares en 10 minutos y envie los bolivares a su cuenta de banco o billetera digital de preferencia? (Entiendo que muchos usan binance p2p y otros servicios se brokers por whatsap) Esto no es una promocion de ninguna app o servicio mio o de alguna que conozca solo una pequeña encuesta para la comunidad venezolana submitted by /u/idk44e [link] [comments]",TetherUSDt,"Cambio de USDT a Bolivares. Hola a todos que tal, queria hacer una pregunta a la comunidad que recibe pagos en usdt o tiene usdts, Porfavor respondan con toda la honestidad.. Ustedes reemplazarian sus ""metodos actuales"" de cambio de bolivares a usdt por una aplicacion confiable que cambie sus usdt a bolivares en 10 minutos y envie los bolivares a su cuenta de banco o billetera digital de preferencia? (Entiendo que muchos usan binance p2p y otros servicios se brokers por whatsap) Esto no es una promocion de ninguna app o servicio mio o de alguna que conozca solo una pequeña encuesta para la comunidad venezolana submitted by /u/idk44e [link] [comments]. Hola a todos que tal, queria hacer una pregunta a la comunidad que recibe pagos en usdt o tiene usdts, Porfavor respondan con toda la honestidad.. Ustedes reemplazarian sus ""metodos actuales"" de cambio de bolivares a usdt por una aplicacion confiable que cambie sus usdt a bolivares en 10 minutos y envie los bolivares a su cuenta de banco o billetera digital de preferencia? (Entiendo que muchos usan binance p2p y otros servicios se brokers por whatsap) Esto no es una promocion de ninguna app o servicio mio o de alguna que conozca solo una pequeña encuesta para la comunidad venezolana submitted by /u/idk44e [link] [comments]",0.0,neutral,0.0,Signals are mixed or informational (score 0.000).,llama3.2,v1.0.0,2026-03-27T08:12:05Z
reddit,https://www.reddit.com/r/binance/comments/1s3qco9/cambio_de_usdt_a_bolivares/,2026-03-25,2026-03-27T08:12:04Z,Cambio de USDT a Bolivares,"Hola a todos que tal, queria hacer una pregunta a la comunidad que recibe pagos en usdt o tiene usdts, Porfavor respondan con toda la honestidad.. Ustedes reemplazarian sus ""metodos actuales"" de cambio de bolivares a usdt por una aplicacion confiable que cambie sus usdt a bolivares en 10 minutos y envie los bolivares a su cuenta de banco o billetera digital de preferencia? (Entiendo que muchos usan binance p2p y otros servicios se brokers por whatsap) Esto no es una promocion de ninguna app o servicio mio o de alguna que conozca solo una pequeña encuesta para la comunidad venezolana submitted by /u/idk44e [link] [comments]",BNB,"Cambio de USDT a Bolivares. Hola a todos que tal, queria hacer una pregunta a la comunidad que recibe pagos en usdt o tiene usdts, Porfavor respondan con toda la honestidad.. Ustedes reemplazarian sus ""metodos actuales"" de cambio de bolivares a usdt por una aplicacion confiable que cambie sus usdt a bolivares en 10 minutos y envie los bolivares a su cuenta de banco o billetera digital de preferencia? (Entiendo que muchos usan binance p2p y otros servicios se brokers por whatsap) Esto no es una promocion de ninguna app o servicio mio o de alguna que conozca solo una pequeña encuesta para la comunidad venezolana submitted by /u/idk44e [link] [comments]. Hola a todos que tal, queria hacer una pregunta a la comunidad que recibe pagos en usdt o tiene usdts, Porfavor respondan con toda la honestidad.. Ustedes reemplazarian sus ""metodos actuales"" de cambio de bolivares a usdt por una aplicacion confiable que cambie sus usdt a bolivares en 10 minutos y envie los bolivares a su cuenta de banco o billetera digital de preferencia? (Entiendo que muchos usan binance p2p y otros servicios se brokers por whatsap) Esto no es una promocion de ninguna app o servicio mio o de alguna que conozca solo una pequeña encuesta para la comunidad venezolana submitted by /u/idk44e [link] [comments]",0.0,neutral,0.0,Signals are mixed or informational (score 0.000).,llama3.2,v1.0.0,2026-03-27T08:12:05Z
reddit,https://www.reddit.com/r/binance/comments/1s446qf/explain_this/,2026-03-26,2026-03-27T08:12:04Z,Explain this,"So I’ve been seeing ads like this for a long time where these people say “rent us your Binance account and earn 70–80k in a day.” There are a lot of such ads running on Instagram, and I’ve even received some messages about it. Can someone explain what kind of scam this is? Do these people actually pay money for these accounts, and what do they do after buying or renting them? submitted by /u/Neat_Researcher_6768 [link] [comments]",BNB,"Explain this. So I’ve been seeing ads like this for a long time where these people say “rent us your Binance account and earn 70–80k in a day.” There are a lot of such ads running on Instagram, and I’ve even received some messages about it. Can someone explain what kind of scam this is? Do these people actually pay money for these accounts, and what do they do after buying or renting them? submitted by /u/Neat_Researcher_6768 [link] [comments]. So I’ve been seeing ads like this for a long time where these people say “rent us your Binance account and earn 70–80k in a day.” There are a lot of such ads running on Instagram, and I’ve even received some messages about it. Can someone explain what kind of scam this is? Do these people actually pay money for these accounts, and what do they do after buying or renting them? submitted by /u/Neat_Researcher_6768 [link] [comments]",0.0,neutral,0.0,Signals are mixed or informational (score 0.000).,llama3.2,v1.0.0,2026-03-27T08:12:05Z
reddit,https://www.reddit.com/r/binance/comments/1s3ft7h/binance_trx_fee/,2026-03-25,2026-03-27T08:12:04Z,Binance TRX fee????,"So if I want to transfer from wallet to exchange( usdt tron network) I need to pay fee 26,748 trx??? Are you serious, this is basically i internal transaction in same app, it’s robbery!!! I read somewhere that real reason for this is fuel cost XD, if that’s true, I will leave Binance app for sure. submitted by /u/No-Degree-1849 [link] [comments]",TetherUSDt,"Binance TRX fee????. So if I want to transfer from wallet to exchange( usdt tron network) I need to pay fee 26,748 trx??? Are you serious, this is basically i internal transaction in same app, it’s robbery!!! I read somewhere that real reason for this is fuel cost XD, if that’s true, I will leave Binance app for sure. submitted by /u/No-Degree-1849 [link] [comments]. So if I want to transfer from wallet to exchange( usdt tron network) I need to pay fee 26,748 trx??? Are you serious, this is basically i internal transaction in same app, it’s robbery!!! I read somewhere that real reason for this is fuel cost XD, if that’s true, I will leave Binance app for sure. submitted by /u/No-Degree-1849 [link] [comments]",0.0,neutral,0.0,Signals are mixed or informational (score 0.000).,llama3.2,v1.0.0,2026-03-27T08:12:05Z
reddit,https://www.reddit.com/r/binance/comments/1s3ft7h/binance_trx_fee/,2026-03-25,2026-03-27T08:12:04Z,Binance TRX fee????,"So if I want to transfer from wallet to exchange( usdt tron network) I need to pay fee 26,748 trx??? Are you serious, this is basically i internal transaction in same app, it’s robbery!!! I read somewhere that real reason for this is fuel cost XD, if that’s true, I will leave Binance app for sure. submitted by /u/No-Degree-1849 [link] [comments]",BNB,"Binance TRX fee????. So if I want to transfer from wallet to exchange( usdt tron network) I need to pay fee 26,748 trx??? Are you serious, this is basically i internal transaction in same app, it’s robbery!!! I read somewhere that real reason for this is fuel cost XD, if that’s true, I will leave Binance app for sure. submitted by /u/No-Degree-1849 [link] [comments]. So if I want to transfer from wallet to exchange( usdt tron network) I need to pay fee 26,748 trx??? Are you serious, this is basically i internal transaction in same app, it’s robbery!!! I read somewhere that real reason for this is fuel cost XD, if that’s true, I will leave Binance app for sure. submitted by /u/No-Degree-1849 [link] [comments]",0.0,neutral,0.0,Signals are mixed or informational (score 0.000).,llama3.2,v1.0.0,2026-03-27T08:12:05Z
reddit,https://www.reddit.com/r/binance/comments/1s32uqw/authentication_problem/,2026-03-24,2026-03-27T08:12:04Z,Authentication Problem,"Tried logging in on Binance again after a few years, however I already lost access to my Authenticator App since I changed to a new phone. Clicking “Security verification unavailable?” at the bottom also doesn’t help as it just reverts me back to inputting my password and asking for my Authenticator code again. Is there any way I can log in my old account again? submitted by /u/No_Oil_4162 [link] [comments]",BNB,"Authentication Problem. Tried logging in on Binance again after a few years, however I already lost access to my Authenticator App since I changed to a new phone. Clicking “Security verification unavailable?” at the bottom also doesn’t help as it just reverts me back to inputting my password and asking for my Authenticator code again. Is there any way I can log in my old account again? submitted by /u/No_Oil_4162 [link] [comments]. Tried logging in on Binance again after a few years, however I already lost access to my Authenticator App since I changed to a new phone. Clicking “Security verification unavailable?” at the bottom also doesn’t help as it just reverts me back to inputting my password and asking for my Authenticator code again. Is there any way I can log in my old account again? submitted by /u/No_Oil_4162 [link] [comments]",0.0,neutral,0.0,Signals are mixed or informational (score 0.000).,llama3.2,v1.0.0,2026-03-27T08:12:05Z
reddit,https://www.reddit.com/r/binance/comments/1s2yxis/jugué_1_partidas_y_acerté_1_palabras_jugando/,2026-03-24,2026-03-27T08:12:04Z,¡Jugué 1 partida(s) y acerté 1 palabra(s) jugando Palabra del Día en Binance!,submitted by /u/Rare_Razzmatazz_4077 [link] [comments],BNB,¡Jugué 1 partida(s) y acerté 1 palabra(s) jugando Palabra del Día en Binance!. submitted by /u/Rare_Razzmatazz_4077 [link] [comments]. submitted by /u/Rare_Razzmatazz_4077 [link] [comments],0.0,neutral,0.0,Signals are mixed or informational (score 0.000).,llama3.2,v1.0.0,2026-03-27T08:12:05Z
reddit,https://www.reddit.com/r/binance/comments/1s332mx/take_profit/,2026-03-24,2026-03-27T08:12:04Z,Take profit,"Today TP #LIGHT #BTC I’m planning to keep it light, making around one to three trades a day. Even if I take losses, I’ll still post the results. I won’t be using large capital, but I will be using higher leverage. I’ve been referencing a site that basically points me toward profitable directions, and it’s been working pretty well so far. Since my first post, the response has been pretty strong. That said, if I share it now, it might come off as promoting the site. For now, I think it’s better to keep it limited to just me and a few people I know. If too many people pile in, the profits get diluted anyway. Sorry about that. I might share it later if people keep asking. submitted by /u/Important-North-3542 [link] [comments]",Bitcoin,"Take profit. Today TP #LIGHT #BTC I’m planning to keep it light, making around one to three trades a day. Even if I take losses, I’ll still post the results. I won’t be using large capital, but I will be using higher leverage. I’ve been referencing a site that basically points me toward profitable directions, and it’s been working pretty well so far. Since my first post, the response has been pretty strong. That said, if I share it now, it might come off as promoting the site. For now, I think it’s better to keep it limited to just me and a few people I know. If too many people pile in, the profits get diluted anyway. Sorry about that. I might share it later if people keep asking. submitted by /u/Important-North-3542 [link] [comments]. Today TP #LIGHT #BTC I’m planning to keep it light, making around one to three trades a day. Even if I take losses, I’ll still post the results. I won’t be using large capital, but I will be using higher leverage. I’ve been referencing a site that basically points me toward profitable directions, and it’s been working pretty well so far. Since my first post, the response has been pretty strong. That said, if I share it now, it might come off as promoting the site. For now, I think it’s better to keep it limited to just me and a few people I know. If too many people pile in, the profits get diluted anyway. Sorry about that. I might share it later if people keep asking. submitted by /u/Important-North-3542 [link] [comments]",0.0,neutral,0.0,Signals are mixed or informational (score 0.000).,llama3.2,v1.0.0,2026-03-27T08:12:05Z
reddit,https://www.reddit.com/r/binance/comments/1s2fabg/how_options_actually_work_on_binance/,2026-03-24,2026-03-27T08:12:04Z,How options actually work on binance?,"So, usually when buying bitcoin I set up buying orders at specific prices. I was talking about this with a friend who buys stocks using options, and he said: You could sell puts at the strike you wanted to buy, if the price is on the money, you buy the asset at the price you wanted, if its out of the money you get the premium. Wich is reasonable, I did a test with a small amount of money and sold a put, but since it was out of the money the the contract expired I only kept the premium, what happens if the contract expires on the money? submitted by /u/Ok_Enthusiasm9215 [link] [comments]",Bitcoin,"How options actually work on binance?. So, usually when buying bitcoin I set up buying orders at specific prices. I was talking about this with a friend who buys stocks using options, and he said: You could sell puts at the strike you wanted to buy, if the price is on the money, you buy the asset at the price you wanted, if its out of the money you get the premium. Wich is reasonable, I did a test with a small amount of money and sold a put, but since it was out of the money the the contract expired I only kept the premium, what happens if the contract expires on the money? submitted by /u/Ok_Enthusiasm9215 [link] [comments]. So, usually when buying bitcoin I set up buying orders at specific prices. I was talking about this with a friend who buys stocks using options, and he said: You could sell puts at the strike you wanted to buy, if the price is on the money, you buy the asset at the price you wanted, if its out of the money you get the premium. Wich is reasonable, I did a test with a small amount of money and sold a put, but since it was out of the money the the contract expired I only kept the premium, what happens if the contract expires on the money? submitted by /u/Ok_Enthusiasm9215 [link] [comments]",0.0,neutral,0.0,Signals are mixed or informational (score 0.000).,llama3.2,v1.0.0,2026-03-27T08:12:05Z
reddit,https://www.reddit.com/r/binance/comments/1s2fabg/how_options_actually_work_on_binance/,2026-03-24,2026-03-27T08:12:04Z,How options actually work on binance?,"So, usually when buying bitcoin I set up buying orders at specific prices. I was talking about this with a friend who buys stocks using options, and he said: You could sell puts at the strike you wanted to buy, if the price is on the money, you buy the asset at the price you wanted, if its out of the money you get the premium. Wich is reasonable, I did a test with a small amount of money and sold a put, but since it was out of the money the the contract expired I only kept the premium, what happens if the contract expires on the money? submitted by /u/Ok_Enthusiasm9215 [link] [comments]",BNB,"How options actually work on binance?. So, usually when buying bitcoin I set up buying orders at specific prices. I was talking about this with a friend who buys stocks using options, and he said: You could sell puts at the strike you wanted to buy, if the price is on the money, you buy the asset at the price you wanted, if its out of the money you get the premium. Wich is reasonable, I did a test with a small amount of money and sold a put, but since it was out of the money the the contract expired I only kept the premium, what happens if the contract expires on the money? submitted by /u/Ok_Enthusiasm9215 [link] [comments]. So, usually when buying bitcoin I set up buying orders at specific prices. I was talking about this with a friend who buys stocks using options, and he said: You could sell puts at the strike you wanted to buy, if the price is on the money, you buy the asset at the price you wanted, if its out of the money you get the premium. Wich is reasonable, I did a test with a small amount of money and sold a put, but since it was out of the money the the contract expired I only kept the premium, what happens if the contract expires on the money? submitted by /u/Ok_Enthusiasm9215 [link] [comments]",0.0,neutral,0.0,Signals are mixed or informational (score 0.000).,llama3.2,v1.0.0,2026-03-27T08:12:05Z
reddit,https://www.reddit.com/r/binance/comments/1s2dxeu/case_cc8993234_specialist_admitted_outdated_ui/,2026-03-24,2026-03-27T08:12:04Z,"Case CC8993234: Specialist admitted ""Outdated UI Display"" caused $1,900 Liquidation – Need Senior Review","I’ve reached a new level of frustration with Binance Support. The Incident: I got liquidated because the App’s UI failed to sync. I couldn't close my position or set a Stop Loss because the data on my screen was frozen/delayed. The ""Admission"": In the support chat (Case #CC8993234 ), the agent Denis literally admitted that the App showed 'outdated information' due to a cache issue. The Gaslighting: Instead of acknowledging that a Platform Display Failure is their responsibility, they turned it around on me. They triggered their ""Responsible Trading Program"" and told me I am ""not fit for trading"" and will be suspended from futures in 24 hours ""for my own well-being."" Basically: Their app lags/glitches (Admitted by them). I lose money because of their outdated info. I complain. They ban me and call it ""protection."" I have formally requested a Supervisor review and a Final Transcript for a public audit. Has anyone else been ""fired"" as a customer just because you caught them in a technical lie? submitted by /u/Mindless_Yak_880 [link] [comments]",BNB,"Case CC8993234: Specialist admitted ""Outdated UI Display"" caused $1,900 Liquidation – Need Senior Review. I’ve reached a new level of frustration with Binance Support. The Incident: I got liquidated because the App’s UI failed to sync. I couldn't close my position or set a Stop Loss because the data on my screen was frozen/delayed. The ""Admission"": In the support chat (Case #CC8993234 ), the agent Denis literally admitted that the App showed 'outdated information' due to a cache issue. The Gaslighting: Instead of acknowledging that a Platform Display Failure is their responsibility, they turned it around on me. They triggered their ""Responsible Trading Program"" and told me I am ""not fit for trading"" and will be suspended from futures in 24 hours ""for my own well-being."" Basically: Their app lags/glitches (Admitted by them). I lose money because of their outdated info. I complain. They ban me and call it ""protection."" I have formally requested a Supervisor review and a Final Transcript for a public audit. Has anyone else been ""fired"" as a customer just because you caught them in a technical lie? submitted by /u/Mindless_Yak_880 [link] [comments]. I’ve reached a new level of frustration with Binance Support. The Incident: I got liquidated because the App’s UI failed to sync. I couldn't close my position or set a Stop Loss because the data on my screen was frozen/delayed. The ""Admission"": In the support chat (Case #CC8993234 ), the agent Denis literally admitted that the App showed 'outdated information' due to a cache issue. The Gaslighting: Instead of acknowledging that a Platform Display Failure is their responsibility, they turned it around on me. They triggered their ""Responsible Trading Program"" and told me I am ""not fit for trading"" and will be suspended from futures in 24 hours ""for my own well-being."" Basically: Their app lags/glitches (Admitted by them). I lose money because of their outdated info. I complain. They ban me and call it ""protection."" I have formally requested a Supervisor review and a Final Transcript for a public audit. Has anyone else been ""fired"" as a customer just because you caught them in a technical lie? submitted by /u/Mindless_Yak_880 [link] [comments]",0.0,neutral,0.0,Signals are mixed or informational (score 0.000).,llama3.2,v1.0.0,2026-03-27T08:12:05Z
reddit,https://www.reddit.com/r/binance/comments/1s28mgq/facial_recognition_problem/,2026-03-24,2026-03-27T08:12:04Z,Facial recognition problem,"I cant do any transactions in binance because of this , and it doesn't work properly ( facial recognition) what to do, someone help. I turned off passkey and it says you cannot do any transactions for the next 24 hours, for past three days i have gone through this. submitted by /u/Minimum_Society4994 [link] [comments]",BNB,"Facial recognition problem. I cant do any transactions in binance because of this , and it doesn't work properly ( facial recognition) what to do, someone help. I turned off passkey and it says you cannot do any transactions for the next 24 hours, for past three days i have gone through this. submitted by /u/Minimum_Society4994 [link] [comments]. I cant do any transactions in binance because of this , and it doesn't work properly ( facial recognition) what to do, someone help. I turned off passkey and it says you cannot do any transactions for the next 24 hours, for past three days i have gone through this. submitted by /u/Minimum_Society4994 [link] [comments]",0.0,neutral,0.0,Signals are mixed or informational (score 0.000).,llama3.2,v1.0.0,2026-03-27T08:12:05Z
reddit,https://www.reddit.com/r/binance/comments/1s2au4j/binance_sms_authentication_problem/,2026-03-24,2026-03-27T08:12:04Z,Binance sms authentication problem,I am trying to do sms authentication on binance it gives me code on my gmail app but doesn't appear in notification bar. When I try to get code from Gmail and open binance it just restarts. I am stuck that authentication is required for payout pls help me submitted by /u/CoastSea4274 [link] [comments],BNB,Binance sms authentication problem. I am trying to do sms authentication on binance it gives me code on my gmail app but doesn't appear in notification bar. When I try to get code from Gmail and open binance it just restarts. I am stuck that authentication is required for payout pls help me submitted by /u/CoastSea4274 [link] [comments]. I am trying to do sms authentication on binance it gives me code on my gmail app but doesn't appear in notification bar. When I try to get code from Gmail and open binance it just restarts. I am stuck that authentication is required for payout pls help me submitted by /u/CoastSea4274 [link] [comments],0.0,neutral,0.0,Signals are mixed or informational (score 0.000).,llama3.2,v1.0.0,2026-03-27T08:12:05Z
reddit,https://www.reddit.com/r/binance/comments/1s26p28/is_trading_the_news_actually_viable_on_binance_or/,2026-03-23,2026-03-27T08:12:04Z,Is trading the news actually viable on Binance… or are we all just late?,"ngl this has been bugging me for a while, especially with crypto. feels like every other week I watch a coin rip 20–30% off some headline and I’m just sitting there like “welp, missed that again.” everyone says “news is priced in,” but then you literally see the move start after the announcement. exchange listings, token burns, regulation updates, protocol upgrades, security incidents, macro headlines… price doesn’t instantly jump to the final level. there’s clearly a window. I’m just not sure if retail traders (like most of us on Binance) can realistically use it. a few weeks back I started messing around with an AI-based crypto news analysis tool (called Neuberg , not affiliated, just testing it). what caught my attention wasn’t predictions or price targets, but how it tries to map news → actual trade setup instead of just dumping headlines. some crypto‑specific situations that made me rethink the whole “news is useless” idea: “Quality” news, not just hype headlines for example: protocol upgrades, strong on-chain growth metrics mentioned in post-upgrade reports, or ecosystem funding announcements. when multiple articles point to fundamental improvement (not just “partnership announced”), the tool flagged those as higher-confidence bullish setups, and in a few cases the tokens trended up over several days instead of just a 5‑minute spike. Tokenomics changes that affect supply/demand things like large token burns, aggressive buyback-and-burn programs, or major unlocks being delayed. similar to equity buybacks, these don’t look exciting at first glance, but they actually change float dynamics. some of these moves on Binance-listed tokens turned into steady multi-day trends, not just one-candle pumps. Second-order / read‑through moves this one surprised me. when a big L1 or ecosystem token moved on positive news, related projects (L2s, infra tokens, app tokens in the same ecosystem) often followed. the tool explicitly tagged these as “ecosystem spillover” trades. it’s something crypto traders kind of feel , but I’ve never really tracked it systematically before. Macro + regulation news mapped to specific crypto assets instead of vague “risk on / risk off”: • ETF or regulatory progress → majors, exchanges, custody-related tokens • stablecoin regulation → specific stablecoins + DeFi protocols tied to them • geopolitical or liquidity news → BTC, ETH, and sometimes perps volume spikes on Binance mapping headlines directly to which pairs might react made it feel less abstract. stuff I’m still unsure about, and honestly curious what people here think: do you actually trade news-based momentum on Binance, or is it mostly a losing game unless you’re a whale or market maker? is the edge about being faster , or about being way more selective with which news actually matters? if you’ve tried news feeds, sentiment tools, or alerts before — what made you stop using them? I’m not saying news trading is some holy grail. plenty of headlines lead nowhere or just get faded. but seeing structured data showing how often certain types of crypto news led to 5–30% moves over a few days made me question the blanket advice of “ignore the news.” curious how others on Binance approach this. is news just noise… or are most of us just bad at filtering it? submitted by /u/bjxxjj [link] [comments]",Bitcoin,"Is trading the news actually viable on Binance… or are we all just late?. ngl this has been bugging me for a while, especially with crypto. feels like every other week I watch a coin rip 20–30% off some headline and I’m just sitting there like “welp, missed that again.” everyone says “news is priced in,” but then you literally see the move start after the announcement. exchange listings, token burns, regulation updates, protocol upgrades, security incidents, macro headlines… price doesn’t instantly jump to the final level. there’s clearly a window. I’m just not sure if retail traders (like most of us on Binance) can realistically use it. a few weeks back I started messing around with an AI-based crypto news analysis tool (called Neuberg , not affiliated, just testing it). what caught my attention wasn’t predictions or price targets, but how it tries to map news → actual trade setup instead of just dumping headlines. some crypto‑specific situations that made me rethink the whole “news is useless” idea: “Quality” news, not just hype headlines for example: protocol upgrades, strong on-chain growth metrics mentioned in post-upgrade reports, or ecosystem funding announcements. when multiple articles point to fundamental improvement (not just “partnership announced”), the tool flagged those as higher-confidence bullish setups, and in a few cases the tokens trended up over several days instead of just a 5‑minute spike. Tokenomics changes that affect supply/demand things like large token burns, aggressive buyback-and-burn programs, or major unlocks being delayed. similar to equity buybacks, these don’t look exciting at first glance, but they actually change float dynamics. some of these moves on Binance-listed tokens turned into steady multi-day trends, not just one-candle pumps. Second-order / read‑through moves this one surprised me. when a big L1 or ecosystem token moved on positive news, related projects (L2s, infra tokens, app tokens in the same ecosystem) often followed. the tool explicitly tagged these as “ecosystem spillover” trades. it’s something crypto traders kind of feel , but I’ve never really tracked it systematically before. Macro + regulation news mapped to specific crypto assets instead of vague “risk on / risk off”: • ETF or regulatory progress → majors, exchanges, custody-related tokens • stablecoin regulation → specific stablecoins + DeFi protocols tied to them • geopolitical or liquidity news → BTC, ETH, and sometimes perps volume spikes on Binance mapping headlines directly to which pairs might react made it feel less abstract. stuff I’m still unsure about, and honestly curious what people here think: do you actually trade news-based momentum on Binance, or is it mostly a losing game unless you’re a whale or market maker? is the edge about being faster , or about being way more selective with which news actually matters? if you’ve tried news feeds, sentiment tools, or alerts before — what made you stop using them? I’m not saying news trading is some holy grail. plenty of headlines lead nowhere or just get faded. but seeing structured data showing how often certain types of crypto news led to 5–30% moves over a few days made me question the blanket advice of “ignore the news.” curious how others on Binance approach this. is news just noise… or are most of us just bad at filtering it? submitted by /u/bjxxjj [link] [comments]. ngl this has been bugging me for a while, especially with crypto. feels like every other week I watch a coin rip 20–30% off some headline and I’m just sitting there like “welp, missed that again.” everyone says “news is priced in,” but then you literally see the move start after the announcement. exchange listings, token burns, regulation updates, protocol upgrades, security incidents, macro headlines… price doesn’t instantly jump to the final level. there’s clearly a window. I’m just not sure if retail traders (like most of us on Binance) can realistically use it. a few weeks back I started messing around with an AI-based crypto news analysis tool (called Neuberg , not affiliated, just testing it). what caught my attention wasn’t predictions or price targets, but how it tries to map news → actual trade setup instead of just dumping headlines. some crypto‑specific situations that made me rethink the whole “news is useless” idea: “Quality” news, not just hype headlines for example: protocol upgrades, strong on-chain growth metrics mentioned in post-upgrade reports, or ecosystem funding announcements. when multiple articles point to fundamental improvement (not just “partnership announced”), the tool flagged those as higher-confidence bullish setups, and in a few cases the tokens trended up over several days instead of just a 5‑minute spike. Tokenomics changes that affect supply/demand things like large token burns, aggressive buyback-and-burn programs, or major unlocks being delayed. similar to equity buybacks, these don’t look exciting at first glance, but they actually change float dynamics. some of these moves on Binance-listed tokens turned into steady multi-day trends, not just one-candle pumps. Second-order / read‑through moves this one surprised me. when a big L1 or ecosystem token moved on positive news, related projects (L2s, infra tokens, app tokens in the same ecosystem) often followed. the tool explicitly tagged these as “ecosystem spillover” trades. it’s something crypto traders kind of feel , but I’ve never really tracked it systematically before. Macro + regulation news mapped to specific crypto assets instead of vague “risk on / risk off”: • ETF or regulatory progress → majors, exchanges, custody-related tokens • stablecoin regulation → specific stablecoins + DeFi protocols tied to them • geopolitical or liquidity news → BTC, ETH, and sometimes perps volume spikes on Binance mapping headlines directly to which pairs might react made it feel less abstract. stuff I’m still unsure about, and honestly curious what people here think: do you actually trade news-based momentum on Binance, or is it mostly a losing game unless you’re a whale or market maker? is the edge about being faster , or about being way more selective with which news actually matters? if you’ve tried news feeds, sentiment tools, or alerts before — what made you stop using them? I’m not saying news trading is some holy grail. plenty of headlines lead nowhere or just get faded. but seeing structured data showing how often certain types of crypto news led to 5–30% moves over a few days made me question the blanket advice of “ignore the news.” curious how others on Binance approach this. is news just noise… or are most of us just bad at filtering it? submitted by /u/bjxxjj [link] [comments]",0.0,neutral,0.0,Signals are mixed or informational (score 0.000).,llama3.2,v1.0.0,2026-03-27T08:12:05Z
reddit,https://www.reddit.com/r/binance/comments/1s26p28/is_trading_the_news_actually_viable_on_binance_or/,2026-03-23,2026-03-27T08:12:04Z,Is trading the news actually viable on Binance… or are we all just late?,"ngl this has been bugging me for a while, especially with crypto. feels like every other week I watch a coin rip 20–30% off some headline and I’m just sitting there like “welp, missed that again.” everyone says “news is priced in,” but then you literally see the move start after the announcement. exchange listings, token burns, regulation updates, protocol upgrades, security incidents, macro headlines… price doesn’t instantly jump to the final level. there’s clearly a window. I’m just not sure if retail traders (like most of us on Binance) can realistically use it. a few weeks back I started messing around with an AI-based crypto news analysis tool (called Neuberg , not affiliated, just testing it). what caught my attention wasn’t predictions or price targets, but how it tries to map news → actual trade setup instead of just dumping headlines. some crypto‑specific situations that made me rethink the whole “news is useless” idea: “Quality” news, not just hype headlines for example: protocol upgrades, strong on-chain growth metrics mentioned in post-upgrade reports, or ecosystem funding announcements. when multiple articles point to fundamental improvement (not just “partnership announced”), the tool flagged those as higher-confidence bullish setups, and in a few cases the tokens trended up over several days instead of just a 5‑minute spike. Tokenomics changes that affect supply/demand things like large token burns, aggressive buyback-and-burn programs, or major unlocks being delayed. similar to equity buybacks, these don’t look exciting at first glance, but they actually change float dynamics. some of these moves on Binance-listed tokens turned into steady multi-day trends, not just one-candle pumps. Second-order / read‑through moves this one surprised me. when a big L1 or ecosystem token moved on positive news, related projects (L2s, infra tokens, app tokens in the same ecosystem) often followed. the tool explicitly tagged these as “ecosystem spillover” trades. it’s something crypto traders kind of feel , but I’ve never really tracked it systematically before. Macro + regulation news mapped to specific crypto assets instead of vague “risk on / risk off”: • ETF or regulatory progress → majors, exchanges, custody-related tokens • stablecoin regulation → specific stablecoins + DeFi protocols tied to them • geopolitical or liquidity news → BTC, ETH, and sometimes perps volume spikes on Binance mapping headlines directly to which pairs might react made it feel less abstract. stuff I’m still unsure about, and honestly curious what people here think: do you actually trade news-based momentum on Binance, or is it mostly a losing game unless you’re a whale or market maker? is the edge about being faster , or about being way more selective with which news actually matters? if you’ve tried news feeds, sentiment tools, or alerts before — what made you stop using them? I’m not saying news trading is some holy grail. plenty of headlines lead nowhere or just get faded. but seeing structured data showing how often certain types of crypto news led to 5–30% moves over a few days made me question the blanket advice of “ignore the news.” curious how others on Binance approach this. is news just noise… or are most of us just bad at filtering it? submitted by /u/bjxxjj [link] [comments]",Ethereum,"Is trading the news actually viable on Binance… or are we all just late?. ngl this has been bugging me for a while, especially with crypto. feels like every other week I watch a coin rip 20–30% off some headline and I’m just sitting there like “welp, missed that again.” everyone says “news is priced in,” but then you literally see the move start after the announcement. exchange listings, token burns, regulation updates, protocol upgrades, security incidents, macro headlines… price doesn’t instantly jump to the final level. there’s clearly a window. I’m just not sure if retail traders (like most of us on Binance) can realistically use it. a few weeks back I started messing around with an AI-based crypto news analysis tool (called Neuberg , not affiliated, just testing it). what caught my attention wasn’t predictions or price targets, but how it tries to map news → actual trade setup instead of just dumping headlines. some crypto‑specific situations that made me rethink the whole “news is useless” idea: “Quality” news, not just hype headlines for example: protocol upgrades, strong on-chain growth metrics mentioned in post-upgrade reports, or ecosystem funding announcements. when multiple articles point to fundamental improvement (not just “partnership announced”), the tool flagged those as higher-confidence bullish setups, and in a few cases the tokens trended up over several days instead of just a 5‑minute spike. Tokenomics changes that affect supply/demand things like large token burns, aggressive buyback-and-burn programs, or major unlocks being delayed. similar to equity buybacks, these don’t look exciting at first glance, but they actually change float dynamics. some of these moves on Binance-listed tokens turned into steady multi-day trends, not just one-candle pumps. Second-order / read‑through moves this one surprised me. when a big L1 or ecosystem token moved on positive news, related projects (L2s, infra tokens, app tokens in the same ecosystem) often followed. the tool explicitly tagged these as “ecosystem spillover” trades. it’s something crypto traders kind of feel , but I’ve never really tracked it systematically before. Macro + regulation news mapped to specific crypto assets instead of vague “risk on / risk off”: • ETF or regulatory progress → majors, exchanges, custody-related tokens • stablecoin regulation → specific stablecoins + DeFi protocols tied to them • geopolitical or liquidity news → BTC, ETH, and sometimes perps volume spikes on Binance mapping headlines directly to which pairs might react made it feel less abstract. stuff I’m still unsure about, and honestly curious what people here think: do you actually trade news-based momentum on Binance, or is it mostly a losing game unless you’re a whale or market maker? is the edge about being faster , or about being way more selective with which news actually matters? if you’ve tried news feeds, sentiment tools, or alerts before — what made you stop using them? I’m not saying news trading is some holy grail. plenty of headlines lead nowhere or just get faded. but seeing structured data showing how often certain types of crypto news led to 5–30% moves over a few days made me question the blanket advice of “ignore the news.” curious how others on Binance approach this. is news just noise… or are most of us just bad at filtering it? submitted by /u/bjxxjj [link] [comments]. ngl this has been bugging me for a while, especially with crypto. feels like every other week I watch a coin rip 20–30% off some headline and I’m just sitting there like “welp, missed that again.” everyone says “news is priced in,” but then you literally see the move start after the announcement. exchange listings, token burns, regulation updates, protocol upgrades, security incidents, macro headlines… price doesn’t instantly jump to the final level. there’s clearly a window. I’m just not sure if retail traders (like most of us on Binance) can realistically use it. a few weeks back I started messing around with an AI-based crypto news analysis tool (called Neuberg , not affiliated, just testing it). what caught my attention wasn’t predictions or price targets, but how it tries to map news → actual trade setup instead of just dumping headlines. some crypto‑specific situations that made me rethink the whole “news is useless” idea: “Quality” news, not just hype headlines for example: protocol upgrades, strong on-chain growth metrics mentioned in post-upgrade reports, or ecosystem funding announcements. when multiple articles point to fundamental improvement (not just “partnership announced”), the tool flagged those as higher-confidence bullish setups, and in a few cases the tokens trended up over several days instead of just a 5‑minute spike. Tokenomics changes that affect supply/demand things like large token burns, aggressive buyback-and-burn programs, or major unlocks being delayed. similar to equity buybacks, these don’t look exciting at first glance, but they actually change float dynamics. some of these moves on Binance-listed tokens turned into steady multi-day trends, not just one-candle pumps. Second-order / read‑through moves this one surprised me. when a big L1 or ecosystem token moved on positive news, related projects (L2s, infra tokens, app tokens in the same ecosystem) often followed. the tool explicitly tagged these as “ecosystem spillover” trades. it’s something crypto traders kind of feel , but I’ve never really tracked it systematically before. Macro + regulation news mapped to specific crypto assets instead of vague “risk on / risk off”: • ETF or regulatory progress → majors, exchanges, custody-related tokens • stablecoin regulation → specific stablecoins + DeFi protocols tied to them • geopolitical or liquidity news → BTC, ETH, and sometimes perps volume spikes on Binance mapping headlines directly to which pairs might react made it feel less abstract. stuff I’m still unsure about, and honestly curious what people here think: do you actually trade news-based momentum on Binance, or is it mostly a losing game unless you’re a whale or market maker? is the edge about being faster , or about being way more selective with which news actually matters? if you’ve tried news feeds, sentiment tools, or alerts before — what made you stop using them? I’m not saying news trading is some holy grail. plenty of headlines lead nowhere or just get faded. but seeing structured data showing how often certain types of crypto news led to 5–30% moves over a few days made me question the blanket advice of “ignore the news.” curious how others on Binance approach this. is news just noise… or are most of us just bad at filtering it? submitted by /u/bjxxjj [link] [comments]",0.0,neutral,0.0,Signals are mixed or informational (score 0.000).,llama3.2,v1.0.0,2026-03-27T08:12:05Z
reddit,https://www.reddit.com/r/binance/comments/1s26p28/is_trading_the_news_actually_viable_on_binance_or/,2026-03-23,2026-03-27T08:12:04Z,Is trading the news actually viable on Binance… or are we all just late?,"ngl this has been bugging me for a while, especially with crypto. feels like every other week I watch a coin rip 20–30% off some headline and I’m just sitting there like “welp, missed that again.” everyone says “news is priced in,” but then you literally see the move start after the announcement. exchange listings, token burns, regulation updates, protocol upgrades, security incidents, macro headlines… price doesn’t instantly jump to the final level. there’s clearly a window. I’m just not sure if retail traders (like most of us on Binance) can realistically use it. a few weeks back I started messing around with an AI-based crypto news analysis tool (called Neuberg , not affiliated, just testing it). what caught my attention wasn’t predictions or price targets, but how it tries to map news → actual trade setup instead of just dumping headlines. some crypto‑specific situations that made me rethink the whole “news is useless” idea: “Quality” news, not just hype headlines for example: protocol upgrades, strong on-chain growth metrics mentioned in post-upgrade reports, or ecosystem funding announcements. when multiple articles point to fundamental improvement (not just “partnership announced”), the tool flagged those as higher-confidence bullish setups, and in a few cases the tokens trended up over several days instead of just a 5‑minute spike. Tokenomics changes that affect supply/demand things like large token burns, aggressive buyback-and-burn programs, or major unlocks being delayed. similar to equity buybacks, these don’t look exciting at first glance, but they actually change float dynamics. some of these moves on Binance-listed tokens turned into steady multi-day trends, not just one-candle pumps. Second-order / read‑through moves this one surprised me. when a big L1 or ecosystem token moved on positive news, related projects (L2s, infra tokens, app tokens in the same ecosystem) often followed. the tool explicitly tagged these as “ecosystem spillover” trades. it’s something crypto traders kind of feel , but I’ve never really tracked it systematically before. Macro + regulation news mapped to specific crypto assets instead of vague “risk on / risk off”: • ETF or regulatory progress → majors, exchanges, custody-related tokens • stablecoin regulation → specific stablecoins + DeFi protocols tied to them • geopolitical or liquidity news → BTC, ETH, and sometimes perps volume spikes on Binance mapping headlines directly to which pairs might react made it feel less abstract. stuff I’m still unsure about, and honestly curious what people here think: do you actually trade news-based momentum on Binance, or is it mostly a losing game unless you’re a whale or market maker? is the edge about being faster , or about being way more selective with which news actually matters? if you’ve tried news feeds, sentiment tools, or alerts before — what made you stop using them? I’m not saying news trading is some holy grail. plenty of headlines lead nowhere or just get faded. but seeing structured data showing how often certain types of crypto news led to 5–30% moves over a few days made me question the blanket advice of “ignore the news.” curious how others on Binance approach this. is news just noise… or are most of us just bad at filtering it? submitted by /u/bjxxjj [link] [comments]",BNB,"Is trading the news actually viable on Binance… or are we all just late?. ngl this has been bugging me for a while, especially with crypto. feels like every other week I watch a coin rip 20–30% off some headline and I’m just sitting there like “welp, missed that again.” everyone says “news is priced in,” but then you literally see the move start after the announcement. exchange listings, token burns, regulation updates, protocol upgrades, security incidents, macro headlines… price doesn’t instantly jump to the final level. there’s clearly a window. I’m just not sure if retail traders (like most of us on Binance) can realistically use it. a few weeks back I started messing around with an AI-based crypto news analysis tool (called Neuberg , not affiliated, just testing it). what caught my attention wasn’t predictions or price targets, but how it tries to map news → actual trade setup instead of just dumping headlines. some crypto‑specific situations that made me rethink the whole “news is useless” idea: “Quality” news, not just hype headlines for example: protocol upgrades, strong on-chain growth metrics mentioned in post-upgrade reports, or ecosystem funding announcements. when multiple articles point to fundamental improvement (not just “partnership announced”), the tool flagged those as higher-confidence bullish setups, and in a few cases the tokens trended up over several days instead of just a 5‑minute spike. Tokenomics changes that affect supply/demand things like large token burns, aggressive buyback-and-burn programs, or major unlocks being delayed. similar to equity buybacks, these don’t look exciting at first glance, but they actually change float dynamics. some of these moves on Binance-listed tokens turned into steady multi-day trends, not just one-candle pumps. Second-order / read‑through moves this one surprised me. when a big L1 or ecosystem token moved on positive news, related projects (L2s, infra tokens, app tokens in the same ecosystem) often followed. the tool explicitly tagged these as “ecosystem spillover” trades. it’s something crypto traders kind of feel , but I’ve never really tracked it systematically before. Macro + regulation news mapped to specific crypto assets instead of vague “risk on / risk off”: • ETF or regulatory progress → majors, exchanges, custody-related tokens • stablecoin regulation → specific stablecoins + DeFi protocols tied to them • geopolitical or liquidity news → BTC, ETH, and sometimes perps volume spikes on Binance mapping headlines directly to which pairs might react made it feel less abstract. stuff I’m still unsure about, and honestly curious what people here think: do you actually trade news-based momentum on Binance, or is it mostly a losing game unless you’re a whale or market maker? is the edge about being faster , or about being way more selective with which news actually matters? if you’ve tried news feeds, sentiment tools, or alerts before — what made you stop using them? I’m not saying news trading is some holy grail. plenty of headlines lead nowhere or just get faded. but seeing structured data showing how often certain types of crypto news led to 5–30% moves over a few days made me question the blanket advice of “ignore the news.” curious how others on Binance approach this. is news just noise… or are most of us just bad at filtering it? submitted by /u/bjxxjj [link] [comments]. ngl this has been bugging me for a while, especially with crypto. feels like every other week I watch a coin rip 20–30% off some headline and I’m just sitting there like “welp, missed that again.” everyone says “news is priced in,” but then you literally see the move start after the announcement. exchange listings, token burns, regulation updates, protocol upgrades, security incidents, macro headlines… price doesn’t instantly jump to the final level. there’s clearly a window. I’m just not sure if retail traders (like most of us on Binance) can realistically use it. a few weeks back I started messing around with an AI-based crypto news analysis tool (called Neuberg , not affiliated, just testing it). what caught my attention wasn’t predictions or price targets, but how it tries to map news → actual trade setup instead of just dumping headlines. some crypto‑specific situations that made me rethink the whole “news is useless” idea: “Quality” news, not just hype headlines for example: protocol upgrades, strong on-chain growth metrics mentioned in post-upgrade reports, or ecosystem funding announcements. when multiple articles point to fundamental improvement (not just “partnership announced”), the tool flagged those as higher-confidence bullish setups, and in a few cases the tokens trended up over several days instead of just a 5‑minute spike. Tokenomics changes that affect supply/demand things like large token burns, aggressive buyback-and-burn programs, or major unlocks being delayed. similar to equity buybacks, these don’t look exciting at first glance, but they actually change float dynamics. some of these moves on Binance-listed tokens turned into steady multi-day trends, not just one-candle pumps. Second-order / read‑through moves this one surprised me. when a big L1 or ecosystem token moved on positive news, related projects (L2s, infra tokens, app tokens in the same ecosystem) often followed. the tool explicitly tagged these as “ecosystem spillover” trades. it’s something crypto traders kind of feel , but I’ve never really tracked it systematically before. Macro + regulation news mapped to specific crypto assets instead of vague “risk on / risk off”: • ETF or regulatory progress → majors, exchanges, custody-related tokens • stablecoin regulation → specific stablecoins + DeFi protocols tied to them • geopolitical or liquidity news → BTC, ETH, and sometimes perps volume spikes on Binance mapping headlines directly to which pairs might react made it feel less abstract. stuff I’m still unsure about, and honestly curious what people here think: do you actually trade news-based momentum on Binance, or is it mostly a losing game unless you’re a whale or market maker? is the edge about being faster , or about being way more selective with which news actually matters? if you’ve tried news feeds, sentiment tools, or alerts before — what made you stop using them? I’m not saying news trading is some holy grail. plenty of headlines lead nowhere or just get faded. but seeing structured data showing how often certain types of crypto news led to 5–30% moves over a few days made me question the blanket advice of “ignore the news.” curious how others on Binance approach this. is news just noise… or are most of us just bad at filtering it? submitted by /u/bjxxjj [link] [comments]",0.0,neutral,0.0,Signals are mixed or informational (score 0.000).,llama3.2,v1.0.0,2026-03-27T08:12:05Z
reddit,https://www.reddit.com/r/binance/comments/1s21kg1/why_does_binance_treat_my_personal_account_like_a/,2026-03-23,2026-03-27T08:12:04Z,Why does Binance treat my personal account like a company during verification?,"Hi Reddit, I have a personal/individual Binance account, but during the verification process, the app keeps treating it as a corporate account and asks for company documents. Why is this happening, and how can I verify my account as an individual without going through corporate verification? submitted by /u/Nour_alagab [link] [comments]",BNB,"Why does Binance treat my personal account like a company during verification?. Hi Reddit, I have a personal/individual Binance account, but during the verification process, the app keeps treating it as a corporate account and asks for company documents. Why is this happening, and how can I verify my account as an individual without going through corporate verification? submitted by /u/Nour_alagab [link] [comments]. Hi Reddit, I have a personal/individual Binance account, but during the verification process, the app keeps treating it as a corporate account and asks for company documents. Why is this happening, and how can I verify my account as an individual without going through corporate verification? submitted by /u/Nour_alagab [link] [comments]",0.0,neutral,0.0,Signals are mixed or informational (score 0.000).,llama3.2,v1.0.0,2026-03-27T08:12:05Z
reddit,https://www.reddit.com/r/BinanceUS/comments/1s3f3j5/deposits_for_bmt_are_now_open_on_binanceus/,2026-03-25,2026-03-27T08:12:04Z,Deposits for $BMT are now open on Binance.US!,"Trading on the BMT/USDT pair will begin on Mar 26 at 7 a.m. EDT. Bubblemaps (BMT) is a blockchain transparency tool that maps token holder relationships through visual bubble charts. BMT powers community governance, on-chain investigations via the Intel Desk, and unlocks advanced features on Bubblemaps V2. Learn more: bit.ly/binanceus-BMT submitted by /u/BinanceUS [link] [comments]",TetherUSDt,"Deposits for $BMT are now open on Binance.US!. Trading on the BMT/USDT pair will begin on Mar 26 at 7 a.m. EDT. Bubblemaps (BMT) is a blockchain transparency tool that maps token holder relationships through visual bubble charts. BMT powers community governance, on-chain investigations via the Intel Desk, and unlocks advanced features on Bubblemaps V2. Learn more: bit.ly/binanceus-BMT submitted by /u/BinanceUS [link] [comments]. Trading on the BMT/USDT pair will begin on Mar 26 at 7 a.m. EDT. Bubblemaps (BMT) is a blockchain transparency tool that maps token holder relationships through visual bubble charts. BMT powers community governance, on-chain investigations via the Intel Desk, and unlocks advanced features on Bubblemaps V2. Learn more: bit.ly/binanceus-BMT submitted by /u/BinanceUS [link] [comments]",0.0,neutral,0.0,Signals are mixed or informational (score 0.000).,llama3.2,v1.0.0,2026-03-27T08:12:05Z
reddit,https://www.reddit.com/r/BinanceUS/comments/1s3f3j5/deposits_for_bmt_are_now_open_on_binanceus/,2026-03-25,2026-03-27T08:12:04Z,Deposits for $BMT are now open on Binance.US!,"Trading on the BMT/USDT pair will begin on Mar 26 at 7 a.m. EDT. Bubblemaps (BMT) is a blockchain transparency tool that maps token holder relationships through visual bubble charts. BMT powers community governance, on-chain investigations via the Intel Desk, and unlocks advanced features on Bubblemaps V2. Learn more: bit.ly/binanceus-BMT submitted by /u/BinanceUS [link] [comments]",BNB,"Deposits for $BMT are now open on Binance.US!. Trading on the BMT/USDT pair will begin on Mar 26 at 7 a.m. EDT. Bubblemaps (BMT) is a blockchain transparency tool that maps token holder relationships through visual bubble charts. BMT powers community governance, on-chain investigations via the Intel Desk, and unlocks advanced features on Bubblemaps V2. Learn more: bit.ly/binanceus-BMT submitted by /u/BinanceUS [link] [comments]. Trading on the BMT/USDT pair will begin on Mar 26 at 7 a.m. EDT. Bubblemaps (BMT) is a blockchain transparency tool that maps token holder relationships through visual bubble charts. BMT powers community governance, on-chain investigations via the Intel Desk, and unlocks advanced features on Bubblemaps V2. Learn more: bit.ly/binanceus-BMT submitted by /u/BinanceUS [link] [comments]",0.0,neutral,0.0,Signals are mixed or informational (score 0.000).,llama3.2,v1.0.0,2026-03-27T08:12:05Z
reddit,https://www.reddit.com/r/BinanceUS/comments/1s2av0g/binance_sms_authentication_problem/,2026-03-24,2026-03-27T08:12:04Z,Binance sms authentication problem,I am trying to do sms authentication on binance it gives me code on my gmail app but doesn't appear in notification bar. When I try to get code from Gmail and open binance it just restarts. I am stuckin a loop. That authentication is required for payout pls help me submitted by /u/CoastSea4274 [link] [comments],BNB,Binance sms authentication problem. I am trying to do sms authentication on binance it gives me code on my gmail app but doesn't appear in notification bar. When I try to get code from Gmail and open binance it just restarts. I am stuckin a loop. That authentication is required for payout pls help me submitted by /u/CoastSea4274 [link] [comments]. I am trying to do sms authentication on binance it gives me code on my gmail app but doesn't appear in notification bar. When I try to get code from Gmail and open binance it just restarts. I am stuckin a loop. That authentication is required for payout pls help me submitted by /u/CoastSea4274 [link] [comments],0.0,neutral,0.0,Signals are mixed or informational (score 0.000).,llama3.2,v1.0.0,2026-03-27T08:12:05Z
reddit,https://www.reddit.com/r/BinanceUS/comments/1s00yyo/binance_us_wont_let_me_pick_countries_for/,2026-03-21,2026-03-27T08:12:04Z,Binance US wont let me pick countries for questionairre,I had to resign into my account where I own crypto coin. There is a questionairre part that asks me to pick citizenship. I picked U.S and it wont highlight and take me to the next step. I even tried with other countries. It says if I dont pick country of citizenship I cant sell or trade. submitted by /u/StatisticianKooky390 [link] [comments],BNB,Binance US wont let me pick countries for questionairre. I had to resign into my account where I own crypto coin. There is a questionairre part that asks me to pick citizenship. I picked U.S and it wont highlight and take me to the next step. I even tried with other countries. It says if I dont pick country of citizenship I cant sell or trade. submitted by /u/StatisticianKooky390 [link] [comments]. I had to resign into my account where I own crypto coin. There is a questionairre part that asks me to pick citizenship. I picked U.S and it wont highlight and take me to the next step. I even tried with other countries. It says if I dont pick country of citizenship I cant sell or trade. submitted by /u/StatisticianKooky390 [link] [comments],0.0,neutral,0.0,Signals are mixed or informational (score 0.000).,llama3.2,v1.0.0,2026-03-27T08:12:05Z
reddit,https://www.reddit.com/r/BinanceCrypto/comments/1s4ilpy/claim/,2026-03-26,2026-03-27T08:12:04Z,Claim,https://app.binance.com/uni-qr/UfjYiJWG?utm_medium=app_share_link_reddit submitted by /u/Justinramloga12 [link] [comments],BNB,Claim. https://app.binance.com/uni-qr/UfjYiJWG?utm_medium=app_share_link_reddit submitted by /u/Justinramloga12 [link] [comments]. https://app.binance.com/uni-qr/UfjYiJWG?utm_medium=app_share_link_reddit submitted by /u/Justinramloga12 [link] [comments],0.0,neutral,0.0,Signals are mixed or informational (score 0.000).,llama3.2,v1.0.0,2026-03-27T08:12:05Z
reddit,https://www.reddit.com/r/BinanceCrypto/comments/1s3vze6/por_001_usdt_participa_para_ganar_un_bnb/,2026-03-25,2026-03-27T08:12:04Z,Por 0.01 usdt participa para ganar 👍🏻un bnb,https://app.binance.com/uni-qr/Lmm2uuUD?utm\_medium=app\_share\_link\_reddit submitted by /u/LazyContribution8778 [link] [comments],TetherUSDt,Por 0.01 usdt participa para ganar 👍🏻un bnb. https://app.binance.com/uni-qr/Lmm2uuUD?utm\_medium=app\_share\_link\_reddit submitted by /u/LazyContribution8778 [link] [comments]. https://app.binance.com/uni-qr/Lmm2uuUD?utm\_medium=app\_share\_link\_reddit submitted by /u/LazyContribution8778 [link] [comments],0.0,neutral,0.0,Signals are mixed or informational (score 0.000).,llama3.2,v1.0.0,2026-03-27T08:12:05Z
reddit,https://www.reddit.com/r/BinanceCrypto/comments/1s3vze6/por_001_usdt_participa_para_ganar_un_bnb/,2026-03-25,2026-03-27T08:12:04Z,Por 0.01 usdt participa para ganar 👍🏻un bnb,https://app.binance.com/uni-qr/Lmm2uuUD?utm\_medium=app\_share\_link\_reddit submitted by /u/LazyContribution8778 [link] [comments],BNB,Por 0.01 usdt participa para ganar 👍🏻un bnb. https://app.binance.com/uni-qr/Lmm2uuUD?utm\_medium=app\_share\_link\_reddit submitted by /u/LazyContribution8778 [link] [comments]. https://app.binance.com/uni-qr/Lmm2uuUD?utm\_medium=app\_share\_link\_reddit submitted by /u/LazyContribution8778 [link] [comments],0.0,neutral,0.0,Signals are mixed or informational (score 0.000).,llama3.2,v1.0.0,2026-03-27T08:12:05Z
reddit,https://www.reddit.com/r/BinanceCrypto/comments/1s3vwhg/free/,2026-03-25,2026-03-27T08:12:04Z,Free 🆓,https://app.binance.com/uni-qr/Bn9X5ZXq?utm\_medium=app\_share\_link\_reddit submitted by /u/LazyContribution8778 [link] [comments],BNB,Free 🆓. https://app.binance.com/uni-qr/Bn9X5ZXq?utm\_medium=app\_share\_link\_reddit submitted by /u/LazyContribution8778 [link] [comments]. https://app.binance.com/uni-qr/Bn9X5ZXq?utm\_medium=app\_share\_link\_reddit submitted by /u/LazyContribution8778 [link] [comments],0.0,neutral,0.0,Signals are mixed or informational (score 0.000).,llama3.2,v1.0.0,2026-03-27T08:12:05Z
reddit,https://www.reddit.com/r/BinanceCrypto/comments/1s339x2/weekly_defi_perps_trading_journal_week_12/,2026-03-24,2026-03-27T08:12:04Z,Weekly DeFi Perps Trading Journal - Week 12,"Another week another journal entry. traded mostly eth and btc on exolane this week. Trades: 7 total (4W 3L) Net pnl: +$342 Biggest winner: short btc from 67.2k, closed at 65.8k (+$520) Biggest loser: long eth got stopped out (-$180) Execution was clean all week. no issues with orders filling. the oracle price tracking seems really accurate compared to binance spot price. funding rates were slightly positive so my shorts had a small tailwind. Overall happy with the week. sticking to my plan of max 5x leverage submitted by /u/General-Intention-85 [link] [comments]",Bitcoin,"Weekly DeFi Perps Trading Journal - Week 12. Another week another journal entry. traded mostly eth and btc on exolane this week. Trades: 7 total (4W 3L) Net pnl: +$342 Biggest winner: short btc from 67.2k, closed at 65.8k (+$520) Biggest loser: long eth got stopped out (-$180) Execution was clean all week. no issues with orders filling. the oracle price tracking seems really accurate compared to binance spot price. funding rates were slightly positive so my shorts had a small tailwind. Overall happy with the week. sticking to my plan of max 5x leverage submitted by /u/General-Intention-85 [link] [comments]. Another week another journal entry. traded mostly eth and btc on exolane this week. Trades: 7 total (4W 3L) Net pnl: +$342 Biggest winner: short btc from 67.2k, closed at 65.8k (+$520) Biggest loser: long eth got stopped out (-$180) Execution was clean all week. no issues with orders filling. the oracle price tracking seems really accurate compared to binance spot price. funding rates were slightly positive so my shorts had a small tailwind. Overall happy with the week. sticking to my plan of max 5x leverage submitted by /u/General-Intention-85 [link] [comments]",0.0,neutral,0.0,Signals are mixed or informational (score 0.000).,llama3.2,v1.0.0,2026-03-27T08:12:05Z
reddit,https://www.reddit.com/r/BinanceCrypto/comments/1s339x2/weekly_defi_perps_trading_journal_week_12/,2026-03-24,2026-03-27T08:12:04Z,Weekly DeFi Perps Trading Journal - Week 12,"Another week another journal entry. traded mostly eth and btc on exolane this week. Trades: 7 total (4W 3L) Net pnl: +$342 Biggest winner: short btc from 67.2k, closed at 65.8k (+$520) Biggest loser: long eth got stopped out (-$180) Execution was clean all week. no issues with orders filling. the oracle price tracking seems really accurate compared to binance spot price. funding rates were slightly positive so my shorts had a small tailwind. Overall happy with the week. sticking to my plan of max 5x leverage submitted by /u/General-Intention-85 [link] [comments]",Ethereum,"Weekly DeFi Perps Trading Journal - Week 12. Another week another journal entry. traded mostly eth and btc on exolane this week. Trades: 7 total (4W 3L) Net pnl: +$342 Biggest winner: short btc from 67.2k, closed at 65.8k (+$520) Biggest loser: long eth got stopped out (-$180) Execution was clean all week. no issues with orders filling. the oracle price tracking seems really accurate compared to binance spot price. funding rates were slightly positive so my shorts had a small tailwind. Overall happy with the week. sticking to my plan of max 5x leverage submitted by /u/General-Intention-85 [link] [comments]. Another week another journal entry. traded mostly eth and btc on exolane this week. Trades: 7 total (4W 3L) Net pnl: +$342 Biggest winner: short btc from 67.2k, closed at 65.8k (+$520) Biggest loser: long eth got stopped out (-$180) Execution was clean all week. no issues with orders filling. the oracle price tracking seems really accurate compared to binance spot price. funding rates were slightly positive so my shorts had a small tailwind. Overall happy with the week. sticking to my plan of max 5x leverage submitted by /u/General-Intention-85 [link] [comments]",0.0,neutral,0.0,Signals are mixed or informational (score 0.000).,llama3.2,v1.0.0,2026-03-27T08:12:05Z
reddit,https://www.reddit.com/r/BinanceCrypto/comments/1s339x2/weekly_defi_perps_trading_journal_week_12/,2026-03-24,2026-03-27T08:12:04Z,Weekly DeFi Perps Trading Journal - Week 12,"Another week another journal entry. traded mostly eth and btc on exolane this week. Trades: 7 total (4W 3L) Net pnl: +$342 Biggest winner: short btc from 67.2k, closed at 65.8k (+$520) Biggest loser: long eth got stopped out (-$180) Execution was clean all week. no issues with orders filling. the oracle price tracking seems really accurate compared to binance spot price. funding rates were slightly positive so my shorts had a small tailwind. Overall happy with the week. sticking to my plan of max 5x leverage submitted by /u/General-Intention-85 [link] [comments]",BNB,"Weekly DeFi Perps Trading Journal - Week 12. Another week another journal entry. traded mostly eth and btc on exolane this week. Trades: 7 total (4W 3L) Net pnl: +$342 Biggest winner: short btc from 67.2k, closed at 65.8k (+$520) Biggest loser: long eth got stopped out (-$180) Execution was clean all week. no issues with orders filling. the oracle price tracking seems really accurate compared to binance spot price. funding rates were slightly positive so my shorts had a small tailwind. Overall happy with the week. sticking to my plan of max 5x leverage submitted by /u/General-Intention-85 [link] [comments]. Another week another journal entry. traded mostly eth and btc on exolane this week. Trades: 7 total (4W 3L) Net pnl: +$342 Biggest winner: short btc from 67.2k, closed at 65.8k (+$520) Biggest loser: long eth got stopped out (-$180) Execution was clean all week. no issues with orders filling. the oracle price tracking seems really accurate compared to binance spot price. funding rates were slightly positive so my shorts had a small tailwind. Overall happy with the week. sticking to my plan of max 5x leverage submitted by /u/General-Intention-85 [link] [comments]",0.0,neutral,0.0,Signals are mixed or informational (score 0.000).,llama3.2,v1.0.0,2026-03-27T08:12:05Z
reddit,https://www.reddit.com/r/BinanceCrypto/comments/1s1u09i/enjoy_some_001_x20/,2026-03-23,2026-03-27T08:12:04Z,enjoy some 0.01$ x20,https://s.binance.com/nZScuVaI?utm_medium=web_share_copy submitted by /u/SniperxDD [link] [comments],BNB,enjoy some 0.01$ x20. https://s.binance.com/nZScuVaI?utm_medium=web_share_copy submitted by /u/SniperxDD [link] [comments]. https://s.binance.com/nZScuVaI?utm_medium=web_share_copy submitted by /u/SniperxDD [link] [comments],0.0,neutral,0.0,Signals are mixed or informational (score 0.000).,llama3.2,v1.0.0,2026-03-27T08:12:05Z
reddit,https://www.reddit.com/r/BinanceCrypto/comments/1s1kmwk/solved_word_of_the_day_23_march_26/,2026-03-23,2026-03-27T08:12:04Z,Solved Word of The Day (23 march 26),I’ve played 1 games and found 1 words playing Word of the Day on Binance! https://www.binance.com/activity/word-of-the-day/aitrading?ref=CPA_00VP495Z5P&utm_medium=app_share_link_reddit submitted by /u/BashirAhbeish1 [link] [comments],BNB,Solved Word of The Day (23 march 26). I’ve played 1 games and found 1 words playing Word of the Day on Binance! https://www.binance.com/activity/word-of-the-day/aitrading?ref=CPA_00VP495Z5P&utm_medium=app_share_link_reddit submitted by /u/BashirAhbeish1 [link] [comments]. I’ve played 1 games and found 1 words playing Word of the Day on Binance! https://www.binance.com/activity/word-of-the-day/aitrading?ref=CPA_00VP495Z5P&utm_medium=app_share_link_reddit submitted by /u/BashirAhbeish1 [link] [comments],0.0,neutral,0.0,Signals are mixed or informational (score 0.000).,llama3.2,v1.0.0,2026-03-27T08:12:05Z
reddit,https://www.reddit.com/r/BinanceCrypto/comments/1s1i6jj/play_the_word_game_and_get_your_10000_usdc/,2026-03-23,2026-03-27T08:12:04Z,Play the word game and get your 10000 USDC,I’ve played 1 games and found 1 words playing Word of the Day on Binance! https://www.binance.com/activity/word-of-the-day/aitrading?ref=CPA_00MMXD2JDO&utm_medium=app_share_link_reddit submitted by /u/PsychologicalTune987 [link] [comments],USDC,Play the word game and get your 10000 USDC. I’ve played 1 games and found 1 words playing Word of the Day on Binance! https://www.binance.com/activity/word-of-the-day/aitrading?ref=CPA_00MMXD2JDO&utm_medium=app_share_link_reddit submitted by /u/PsychologicalTune987 [link] [comments]. I’ve played 1 games and found 1 words playing Word of the Day on Binance! https://www.binance.com/activity/word-of-the-day/aitrading?ref=CPA_00MMXD2JDO&utm_medium=app_share_link_reddit submitted by /u/PsychologicalTune987 [link] [comments],0.0,neutral,0.0,Signals are mixed or informational (score 0.000).,llama3.2,v1.0.0,2026-03-27T08:12:05Z
reddit,https://www.reddit.com/r/BinanceCrypto/comments/1s1i6jj/play_the_word_game_and_get_your_10000_usdc/,2026-03-23,2026-03-27T08:12:04Z,Play the word game and get your 10000 USDC,I’ve played 1 games and found 1 words playing Word of the Day on Binance! https://www.binance.com/activity/word-of-the-day/aitrading?ref=CPA_00MMXD2JDO&utm_medium=app_share_link_reddit submitted by /u/PsychologicalTune987 [link] [comments],BNB,Play the word game and get your 10000 USDC. I’ve played 1 games and found 1 words playing Word of the Day on Binance! https://www.binance.com/activity/word-of-the-day/aitrading?ref=CPA_00MMXD2JDO&utm_medium=app_share_link_reddit submitted by /u/PsychologicalTune987 [link] [comments]. I’ve played 1 games and found 1 words playing Word of the Day on Binance! https://www.binance.com/activity/word-of-the-day/aitrading?ref=CPA_00MMXD2JDO&utm_medium=app_share_link_reddit submitted by /u/PsychologicalTune987 [link] [comments],0.0,neutral,0.0,Signals are mixed or informational (score 0.000).,llama3.2,v1.0.0,2026-03-27T08:12:05Z
reddit,https://www.reddit.com/r/BinanceCrypto/comments/1s12cf6/_/,2026-03-22,2026-03-27T08:12:04Z,🆓,¡Jugué 1 partida(s) y acerté 1 palabra(s) jugando Palabra del Día en Binance! https://www.binance.com/activity/word-of-the-day/aitrading?ref=CPA\_00DJDO5W0L&utm\_medium=app\_share\_link\_reddit submitted by /u/LazyContribution8778 [link] [comments],BNB,🆓. ¡Jugué 1 partida(s) y acerté 1 palabra(s) jugando Palabra del Día en Binance! https://www.binance.com/activity/word-of-the-day/aitrading?ref=CPA\_00DJDO5W0L&utm\_medium=app\_share\_link\_reddit submitted by /u/LazyContribution8778 [link] [comments]. ¡Jugué 1 partida(s) y acerté 1 palabra(s) jugando Palabra del Día en Binance! https://www.binance.com/activity/word-of-the-day/aitrading?ref=CPA\_00DJDO5W0L&utm\_medium=app\_share\_link\_reddit submitted by /u/LazyContribution8778 [link] [comments],0.0,neutral,0.0,Signals are mixed or informational (score 0.000).,llama3.2,v1.0.0,2026-03-27T08:12:05Z
reddit,https://www.reddit.com/r/BinanceCrypto/comments/1s166p4/binance_free_red_packet/,2026-03-22,2026-03-27T08:12:04Z,Binance free red packet,https://app.binance.com/uni-qr/55ePbvtf?utm_medium=app_share_link_reddit submitted by /u/Justinramloga12 [link] [comments],BNB,Binance free red packet. https://app.binance.com/uni-qr/55ePbvtf?utm_medium=app_share_link_reddit submitted by /u/Justinramloga12 [link] [comments]. https://app.binance.com/uni-qr/55ePbvtf?utm_medium=app_share_link_reddit submitted by /u/Justinramloga12 [link] [comments],0.0,neutral,0.0,Signals are mixed or informational (score 0.000).,llama3.2,v1.0.0,2026-03-27T08:12:05Z
reddit,https://www.reddit.com/r/BinanceCrypto/comments/1s12dbc/_/,2026-03-22,2026-03-27T08:12:04Z,🆓,https://app.binance.com/uni-qr/WTdTxEj5?utm\_medium=app\_share\_link\_reddit submitted by /u/LazyContribution8778 [link] [comments],BNB,🆓. https://app.binance.com/uni-qr/WTdTxEj5?utm\_medium=app\_share\_link\_reddit submitted by /u/LazyContribution8778 [link] [comments]. https://app.binance.com/uni-qr/WTdTxEj5?utm\_medium=app\_share\_link\_reddit submitted by /u/LazyContribution8778 [link] [comments],0.0,neutral,0.0,Signals are mixed or informational (score 0.000).,llama3.2,v1.0.0,2026-03-27T08:12:05Z
reddit,https://www.reddit.com/r/BinanceCrypto/comments/1s0sh2q/usdt/,2026-03-22,2026-03-27T08:12:04Z,Usdt,si usdt submitted by /u/Economy_Classroom906 [link] [comments],TetherUSDt,Usdt. si usdt submitted by /u/Economy_Classroom906 [link] [comments]. si usdt submitted by /u/Economy_Classroom906 [link] [comments],0.0,neutral,0.0,Signals are mixed or informational (score 0.000).,llama3.2,v1.0.0,2026-03-27T08:12:05Z
reddit,https://www.reddit.com/r/BinanceCrypto/comments/1s0ohb0/solved_word_of_the_day_22_march_26/,2026-03-22,2026-03-27T08:12:04Z,Solved Word of The Day (22 march 26),I’ve played 1 games and found 1 words playing Word of the Day on Binance! https://www.binance.com/activity/word-of-the-day/openclaw?ref=CPA_00VP495Z5P&utm_medium=app_share_link_reddit submitted by /u/BashirAhbeish1 [link] [comments],BNB,Solved Word of The Day (22 march 26). I’ve played 1 games and found 1 words playing Word of the Day on Binance! https://www.binance.com/activity/word-of-the-day/openclaw?ref=CPA_00VP495Z5P&utm_medium=app_share_link_reddit submitted by /u/BashirAhbeish1 [link] [comments]. I’ve played 1 games and found 1 words playing Word of the Day on Binance! https://www.binance.com/activity/word-of-the-day/openclaw?ref=CPA_00VP495Z5P&utm_medium=app_share_link_reddit submitted by /u/BashirAhbeish1 [link] [comments],0.0,neutral,0.0,Signals are mixed or informational (score 0.000).,llama3.2,v1.0.0,2026-03-27T08:12:05Z
reddit,https://www.reddit.com/r/BinanceCrypto/comments/1rzzefp/gift/,2026-03-21,2026-03-27T08:12:04Z,Gift,https://app.binance.com/uni-qr/7jGH9TV6?utm_medium=app_share_link_reddit submitted by /u/AdSilent5087 [link] [comments],BNB,Gift. https://app.binance.com/uni-qr/7jGH9TV6?utm_medium=app_share_link_reddit submitted by /u/AdSilent5087 [link] [comments]. https://app.binance.com/uni-qr/7jGH9TV6?utm_medium=app_share_link_reddit submitted by /u/AdSilent5087 [link] [comments],0.0,neutral,0.0,Signals are mixed or informational (score 0.000).,llama3.2,v1.0.0,2026-03-27T08:12:05Z
reddit,https://www.reddit.com/r/BinanceCrypto/comments/1rzbmae/hey_please_use_my_referal_code_to_sign_up/,2026-03-20,2026-03-27T08:12:04Z,Hey please use my referal code to sign up,https://www.binance.com/referral/earn-together/refer2earn-usdc/claim?hl=en&ref=GRO_28502_D2C39 submitted by /u/Justinramloga12 [link] [comments],USDC,Hey please use my referal code to sign up. https://www.binance.com/referral/earn-together/refer2earn-usdc/claim?hl=en&ref=GRO_28502_D2C39 submitted by /u/Justinramloga12 [link] [comments]. https://www.binance.com/referral/earn-together/refer2earn-usdc/claim?hl=en&ref=GRO_28502_D2C39 submitted by /u/Justinramloga12 [link] [comments],0.0,neutral,0.0,Signals are mixed or informational (score 0.000).,llama3.2,v1.0.0,2026-03-27T08:12:05Z
reddit,https://www.reddit.com/r/BinanceCrypto/comments/1rzbmae/hey_please_use_my_referal_code_to_sign_up/,2026-03-20,2026-03-27T08:12:04Z,Hey please use my referal code to sign up,https://www.binance.com/referral/earn-together/refer2earn-usdc/claim?hl=en&ref=GRO_28502_D2C39 submitted by /u/Justinramloga12 [link] [comments],BNB,Hey please use my referal code to sign up. https://www.binance.com/referral/earn-together/refer2earn-usdc/claim?hl=en&ref=GRO_28502_D2C39 submitted by /u/Justinramloga12 [link] [comments]. https://www.binance.com/referral/earn-together/refer2earn-usdc/claim?hl=en&ref=GRO_28502_D2C39 submitted by /u/Justinramloga12 [link] [comments],0.0,neutral,0.0,Signals are mixed or informational (score 0.000).,llama3.2,v1.0.0,2026-03-27T08:12:05Z
reddit,https://www.reddit.com/r/StableCoins/comments/1s35krj/circle_crashes_20_as_clarity_act_bans_yield_and/,2026-03-25,2026-03-27T08:12:04Z,Circle Crashes 20% as CLARITY Act Bans Yield and Tether Gets Audited,submitted by /u/kitz99 [link] [comments],TetherUSDt,Circle Crashes 20% as CLARITY Act Bans Yield and Tether Gets Audited. submitted by /u/kitz99 [link] [comments]. submitted by /u/kitz99 [link] [comments],0.0,neutral,0.0,Signals are mixed or informational (score 0.000).,llama3.2,v1.0.0,2026-03-27T08:12:05Z
reddit,https://www.reddit.com/r/StableCoins/comments/1s3d3om/tether_signs_big_four_firm_to_complete_first_full/,2026-03-25,2026-03-27T08:12:04Z,"Tether Signs Big Four Firm to Complete First Full Audit, Setting a New Quality Standard for the Digital Asset Economy - Tether.io",submitted by /u/ClonedY [link] [comments],TetherUSDt,"Tether Signs Big Four Firm to Complete First Full Audit, Setting a New Quality Standard for the Digital Asset Economy - Tether.io. submitted by /u/ClonedY [link] [comments]. submitted by /u/ClonedY [link] [comments]",0.0,neutral,0.0,Signals are mixed or informational (score 0.000).,llama3.2,v1.0.0,2026-03-27T08:12:05Z
reddit,https://www.reddit.com/r/StableCoins/comments/1s33ihz/the_us_clarity_act_wont_stop_international/,2026-03-24,2026-03-27T08:12:04Z,The US CLARITY Act Won't Stop International Stablecoin Staking,"The banks won. Insiders are saying the CLARITY Act will pass with a ban on passive income from stablecoins. The law will hit USDC hard. The stablecoin currently sits at 6th place by market cap and holds an unofficial first place in corporate settlements. But analysts argue that stripping out the yield mechanic doesn't kill stablecoins — it just repositions them. Without the financial product angle, they become pure infrastructure: payments, settlements, liquidity. Right now, the number of active addresses holding dollar tokens on the Ethereum network is at an all-time high. Retail stablecoin payments are growing fast. A U.S. law like this would put the brakes on the mass adoption of dollar tokens domestically. For American clients, crypto payment gateways could end up playing a much bigger role as the key middlemen in international payments — because after the law passes, cross-border flows will route straight through them. Americans will still be able to earn yield on stablecoins through gateways that operate outside U.S. jurisdiction but hold international licenses — Cryptomus, Guardarian, Transak, Mercuryo. The American ban doesn't extend globally, and that gap is a pretty obvious competitive advantage for those platforms. Stablecoin staking in the U.S. isn't going away. It's just going to find a different route. submitted by /u/tornavec [link] [comments]",Ethereum,"The US CLARITY Act Won't Stop International Stablecoin Staking. The banks won. Insiders are saying the CLARITY Act will pass with a ban on passive income from stablecoins. The law will hit USDC hard. The stablecoin currently sits at 6th place by market cap and holds an unofficial first place in corporate settlements. But analysts argue that stripping out the yield mechanic doesn't kill stablecoins — it just repositions them. Without the financial product angle, they become pure infrastructure: payments, settlements, liquidity. Right now, the number of active addresses holding dollar tokens on the Ethereum network is at an all-time high. Retail stablecoin payments are growing fast. A U.S. law like this would put the brakes on the mass adoption of dollar tokens domestically. For American clients, crypto payment gateways could end up playing a much bigger role as the key middlemen in international payments — because after the law passes, cross-border flows will route straight through them. Americans will still be able to earn yield on stablecoins through gateways that operate outside U.S. jurisdiction but hold international licenses — Cryptomus, Guardarian, Transak, Mercuryo. The American ban doesn't extend globally, and that gap is a pretty obvious competitive advantage for those platforms. Stablecoin staking in the U.S. isn't going away. It's just going to find a different route. submitted by /u/tornavec [link] [comments]. The banks won. Insiders are saying the CLARITY Act will pass with a ban on passive income from stablecoins. The law will hit USDC hard. The stablecoin currently sits at 6th place by market cap and holds an unofficial first place in corporate settlements. But analysts argue that stripping out the yield mechanic doesn't kill stablecoins — it just repositions them. Without the financial product angle, they become pure infrastructure: payments, settlements, liquidity. Right now, the number of active addresses holding dollar tokens on the Ethereum network is at an all-time high. Retail stablecoin payments are growing fast. A U.S. law like this would put the brakes on the mass adoption of dollar tokens domestically. For American clients, crypto payment gateways could end up playing a much bigger role as the key middlemen in international payments — because after the law passes, cross-border flows will route straight through them. Americans will still be able to earn yield on stablecoins through gateways that operate outside U.S. jurisdiction but hold international licenses — Cryptomus, Guardarian, Transak, Mercuryo. The American ban doesn't extend globally, and that gap is a pretty obvious competitive advantage for those platforms. Stablecoin staking in the U.S. isn't going away. It's just going to find a different route. submitted by /u/tornavec [link] [comments]",0.0,neutral,0.0,Signals are mixed or informational (score 0.000).,llama3.2,v1.0.0,2026-03-27T08:12:05Z
reddit,https://www.reddit.com/r/StableCoins/comments/1s33ihz/the_us_clarity_act_wont_stop_international/,2026-03-24,2026-03-27T08:12:04Z,The US CLARITY Act Won't Stop International Stablecoin Staking,"The banks won. Insiders are saying the CLARITY Act will pass with a ban on passive income from stablecoins. The law will hit USDC hard. The stablecoin currently sits at 6th place by market cap and holds an unofficial first place in corporate settlements. But analysts argue that stripping out the yield mechanic doesn't kill stablecoins — it just repositions them. Without the financial product angle, they become pure infrastructure: payments, settlements, liquidity. Right now, the number of active addresses holding dollar tokens on the Ethereum network is at an all-time high. Retail stablecoin payments are growing fast. A U.S. law like this would put the brakes on the mass adoption of dollar tokens domestically. For American clients, crypto payment gateways could end up playing a much bigger role as the key middlemen in international payments — because after the law passes, cross-border flows will route straight through them. Americans will still be able to earn yield on stablecoins through gateways that operate outside U.S. jurisdiction but hold international licenses — Cryptomus, Guardarian, Transak, Mercuryo. The American ban doesn't extend globally, and that gap is a pretty obvious competitive advantage for those platforms. Stablecoin staking in the U.S. isn't going away. It's just going to find a different route. submitted by /u/tornavec [link] [comments]",USDC,"The US CLARITY Act Won't Stop International Stablecoin Staking. The banks won. Insiders are saying the CLARITY Act will pass with a ban on passive income from stablecoins. The law will hit USDC hard. The stablecoin currently sits at 6th place by market cap and holds an unofficial first place in corporate settlements. But analysts argue that stripping out the yield mechanic doesn't kill stablecoins — it just repositions them. Without the financial product angle, they become pure infrastructure: payments, settlements, liquidity. Right now, the number of active addresses holding dollar tokens on the Ethereum network is at an all-time high. Retail stablecoin payments are growing fast. A U.S. law like this would put the brakes on the mass adoption of dollar tokens domestically. For American clients, crypto payment gateways could end up playing a much bigger role as the key middlemen in international payments — because after the law passes, cross-border flows will route straight through them. Americans will still be able to earn yield on stablecoins through gateways that operate outside U.S. jurisdiction but hold international licenses — Cryptomus, Guardarian, Transak, Mercuryo. The American ban doesn't extend globally, and that gap is a pretty obvious competitive advantage for those platforms. Stablecoin staking in the U.S. isn't going away. It's just going to find a different route. submitted by /u/tornavec [link] [comments]. The banks won. Insiders are saying the CLARITY Act will pass with a ban on passive income from stablecoins. The law will hit USDC hard. The stablecoin currently sits at 6th place by market cap and holds an unofficial first place in corporate settlements. But analysts argue that stripping out the yield mechanic doesn't kill stablecoins — it just repositions them. Without the financial product angle, they become pure infrastructure: payments, settlements, liquidity. Right now, the number of active addresses holding dollar tokens on the Ethereum network is at an all-time high. Retail stablecoin payments are growing fast. A U.S. law like this would put the brakes on the mass adoption of dollar tokens domestically. For American clients, crypto payment gateways could end up playing a much bigger role as the key middlemen in international payments — because after the law passes, cross-border flows will route straight through them. Americans will still be able to earn yield on stablecoins through gateways that operate outside U.S. jurisdiction but hold international licenses — Cryptomus, Guardarian, Transak, Mercuryo. The American ban doesn't extend globally, and that gap is a pretty obvious competitive advantage for those platforms. Stablecoin staking in the U.S. isn't going away. It's just going to find a different route. submitted by /u/tornavec [link] [comments]",0.0,neutral,0.0,Signals are mixed or informational (score 0.000).,llama3.2,v1.0.0,2026-03-27T08:12:05Z
reddit,https://www.reddit.com/r/StableCoins/comments/1s358zc/consulting_on_a_crypto_payment_gateway/,2026-03-25,2026-03-27T08:12:04Z,"Consulting on a crypto payment gateway integration , what would you charge?","A company wants to integrate a third-party crypto payment gateway (USDT/USDC). My role is advisory , their experienced team does the building, I architect, guide, and validate through to go-live and post-launch. Senior engineer, fintech background, part-time availability. What would you charge for this? submitted by /u/Deep-Reaction-916 [link] [comments]",TetherUSDt,"Consulting on a crypto payment gateway integration , what would you charge?. A company wants to integrate a third-party crypto payment gateway (USDT/USDC). My role is advisory , their experienced team does the building, I architect, guide, and validate through to go-live and post-launch. Senior engineer, fintech background, part-time availability. What would you charge for this? submitted by /u/Deep-Reaction-916 [link] [comments]. A company wants to integrate a third-party crypto payment gateway (USDT/USDC). My role is advisory , their experienced team does the building, I architect, guide, and validate through to go-live and post-launch. Senior engineer, fintech background, part-time availability. What would you charge for this? submitted by /u/Deep-Reaction-916 [link] [comments]",0.0,neutral,0.0,Signals are mixed or informational (score 0.000).,llama3.2,v1.0.0,2026-03-27T08:12:05Z
reddit,https://www.reddit.com/r/StableCoins/comments/1s358zc/consulting_on_a_crypto_payment_gateway/,2026-03-25,2026-03-27T08:12:04Z,"Consulting on a crypto payment gateway integration , what would you charge?","A company wants to integrate a third-party crypto payment gateway (USDT/USDC). My role is advisory , their experienced team does the building, I architect, guide, and validate through to go-live and post-launch. Senior engineer, fintech background, part-time availability. What would you charge for this? submitted by /u/Deep-Reaction-916 [link] [comments]",USDC,"Consulting on a crypto payment gateway integration , what would you charge?. A company wants to integrate a third-party crypto payment gateway (USDT/USDC). My role is advisory , their experienced team does the building, I architect, guide, and validate through to go-live and post-launch. Senior engineer, fintech background, part-time availability. What would you charge for this? submitted by /u/Deep-Reaction-916 [link] [comments]. A company wants to integrate a third-party crypto payment gateway (USDT/USDC). My role is advisory , their experienced team does the building, I architect, guide, and validate through to go-live and post-launch. Senior engineer, fintech background, part-time availability. What would you charge for this? submitted by /u/Deep-Reaction-916 [link] [comments]",0.0,neutral,0.0,Signals are mixed or informational (score 0.000).,llama3.2,v1.0.0,2026-03-27T08:12:05Z
reddit,https://www.reddit.com/r/StableCoins/comments/1s2l72z/circle_froze_16_operational_business_wallets/,2026-03-24,2026-03-27T08:12:04Z,Circle froze 16 operational business wallets today for a civil case nobody can name. ZachXBT flagged it. This is the 5th time in a year.,"ZachXBT posted this morning that Circle froze the USDC balances of 16 hot wallets belonging to active businesses overnight. Not hackers. Not sanctioned wallets. Active operational businesses processing transactions for users. He spoke to one of the affected companies directly. They were told it was connected to an ongoing US civil case whose details haven't been disclosed. The businesses include Pepperstone, FXPro, Goated.com , 500 Casino, HeroFx and others. Exchanges, casinos, forex platforms with no apparent connection to each other. His exact words: ""You fail to protect users during actual incidents yet respond to a request riddled with errors."" What gets me is this is part of a pattern that keeps getting ignored: February 2025: Bybit hack, $1.5B stolen, Lazarus Group funds sitting in USDC addresses ZachXBT flagged publicly. ThorChain, FixedFloat, Coinex, Bitget all moved fast. Circle sat on it. July 2025: ZachXBT found North Korean IT workers using USDC as their primary payment rail, eight figures in volume. Circle's response: nothing. Their exact quote: ""They currently do nothing to detect / freeze the activity while boasting about compliance."" October 2025: Circle freezes four wallets after the Coinbase theft. The wallets held DAI, not USDC. ZachXBT called it one of the most useless freezes he'd ever seen. January 2026: $3M in stolen USDC sitting at the theft address on Base for 8+ hours untouched. ZachXBT had to publicly shame them into action. Today: 16 operational business wallets frozen on a faulty civil request. For context, Circle has blacklisted around 372 addresses total since launch. Tether, the one everyone calls shady, has frozen assets across 2,500+ addresses totalling ~$1.6B working with 275+ law enforcement agencies. The compliance narrative has always been Circle's main pitch, especially as they push for a US banking license and CRCL is now a publicly traded stock. But the pattern suggests the compliance runs one direction. Government asks, Circle moves fast. Victims need help, Circle moves slow or not at all. Erroneous civil request comes in, Circle apparently doesn't even check the onchain data before acting. CRCL is also down roughly 18% today on new CLARITY Act text that would ban stablecoin yield. Bad day all around for the compliance narrative. Anyone building on USDC should be thinking about what recourse they actually have if Circle decides their wallet is next. Genuinely curious what this community thinks, is this a known and accepted risk of building on a centralised stablecoin or does this cross a line? Someone wrote up the full timeline with sources here if anyone wants the detail: https://stridentcitizen.substack.com/p/circle-froze-16-operational-business?r=7vbgp7 submitted by /u/CryptoPulse22 [link] [comments]",TetherUSDt,"Circle froze 16 operational business wallets today for a civil case nobody can name. ZachXBT flagged it. This is the 5th time in a year.. ZachXBT posted this morning that Circle froze the USDC balances of 16 hot wallets belonging to active businesses overnight. Not hackers. Not sanctioned wallets. Active operational businesses processing transactions for users. He spoke to one of the affected companies directly. They were told it was connected to an ongoing US civil case whose details haven't been disclosed. The businesses include Pepperstone, FXPro, Goated.com , 500 Casino, HeroFx and others. Exchanges, casinos, forex platforms with no apparent connection to each other. His exact words: ""You fail to protect users during actual incidents yet respond to a request riddled with errors."" What gets me is this is part of a pattern that keeps getting ignored: February 2025: Bybit hack, $1.5B stolen, Lazarus Group funds sitting in USDC addresses ZachXBT flagged publicly. ThorChain, FixedFloat, Coinex, Bitget all moved fast. Circle sat on it. July 2025: ZachXBT found North Korean IT workers using USDC as their primary payment rail, eight figures in volume. Circle's response: nothing. Their exact quote: ""They currently do nothing to detect / freeze the activity while boasting about compliance."" October 2025: Circle freezes four wallets after the Coinbase theft. The wallets held DAI, not USDC. ZachXBT called it one of the most useless freezes he'd ever seen. January 2026: $3M in stolen USDC sitting at the theft address on Base for 8+ hours untouched. ZachXBT had to publicly shame them into action. Today: 16 operational business wallets frozen on a faulty civil request. For context, Circle has blacklisted around 372 addresses total since launch. Tether, the one everyone calls shady, has frozen assets across 2,500+ addresses totalling ~$1.6B working with 275+ law enforcement agencies. The compliance narrative has always been Circle's main pitch, especially as they push for a US banking license and CRCL is now a publicly traded stock. But the pattern suggests the compliance runs one direction. Government asks, Circle moves fast. Victims need help, Circle moves slow or not at all. Erroneous civil request comes in, Circle apparently doesn't even check the onchain data before acting. CRCL is also down roughly 18% today on new CLARITY Act text that would ban stablecoin yield. Bad day all around for the compliance narrative. Anyone building on USDC should be thinking about what recourse they actually have if Circle decides their wallet is next. Genuinely curious what this community thinks, is this a known and accepted risk of building on a centralised stablecoin or does this cross a line? Someone wrote up the full timeline with sources here if anyone wants the detail: https://stridentcitizen.substack.com/p/circle-froze-16-operational-business?r=7vbgp7 submitted by /u/CryptoPulse22 [link] [comments]. ZachXBT posted this morning that Circle froze the USDC balances of 16 hot wallets belonging to active businesses overnight. Not hackers. Not sanctioned wallets. Active operational businesses processing transactions for users. He spoke to one of the affected companies directly. They were told it was connected to an ongoing US civil case whose details haven't been disclosed. The businesses include Pepperstone, FXPro, Goated.com , 500 Casino, HeroFx and others. Exchanges, casinos, forex platforms with no apparent connection to each other. His exact words: ""You fail to protect users during actual incidents yet respond to a request riddled with errors."" What gets me is this is part of a pattern that keeps getting ignored: February 2025: Bybit hack, $1.5B stolen, Lazarus Group funds sitting in USDC addresses ZachXBT flagged publicly. ThorChain, FixedFloat, Coinex, Bitget all moved fast. Circle sat on it. July 2025: ZachXBT found North Korean IT workers using USDC as their primary payment rail, eight figures in volume. Circle's response: nothing. Their exact quote: ""They currently do nothing to detect / freeze the activity while boasting about compliance."" October 2025: Circle freezes four wallets after the Coinbase theft. The wallets held DAI, not USDC. ZachXBT called it one of the most useless freezes he'd ever seen. January 2026: $3M in stolen USDC sitting at the theft address on Base for 8+ hours untouched. ZachXBT had to publicly shame them into action. Today: 16 operational business wallets frozen on a faulty civil request. For context, Circle has blacklisted around 372 addresses total since launch. Tether, the one everyone calls shady, has frozen assets across 2,500+ addresses totalling ~$1.6B working with 275+ law enforcement agencies. The compliance narrative has always been Circle's main pitch, especially as they push for a US banking license and CRCL is now a publicly traded stock. But the pattern suggests the compliance runs one direction. Government asks, Circle moves fast. Victims need help, Circle moves slow or not at all. Erroneous civil request comes in, Circle apparently doesn't even check the onchain data before acting. CRCL is also down roughly 18% today on new CLARITY Act text that would ban stablecoin yield. Bad day all around for the compliance narrative. Anyone building on USDC should be thinking about what recourse they actually have if Circle decides their wallet is next. Genuinely curious what this community thinks, is this a known and accepted risk of building on a centralised stablecoin or does this cross a line? Someone wrote up the full timeline with sources here if anyone wants the detail: https://stridentcitizen.substack.com/p/circle-froze-16-operational-business?r=7vbgp7 submitted by /u/CryptoPulse22 [link] [comments]",0.0,neutral,0.0,Signals are mixed or informational (score 0.000).,llama3.2,v1.0.0,2026-03-27T08:12:05Z
reddit,https://www.reddit.com/r/StableCoins/comments/1s2l72z/circle_froze_16_operational_business_wallets/,2026-03-24,2026-03-27T08:12:04Z,Circle froze 16 operational business wallets today for a civil case nobody can name. ZachXBT flagged it. This is the 5th time in a year.,"ZachXBT posted this morning that Circle froze the USDC balances of 16 hot wallets belonging to active businesses overnight. Not hackers. Not sanctioned wallets. Active operational businesses processing transactions for users. He spoke to one of the affected companies directly. They were told it was connected to an ongoing US civil case whose details haven't been disclosed. The businesses include Pepperstone, FXPro, Goated.com , 500 Casino, HeroFx and others. Exchanges, casinos, forex platforms with no apparent connection to each other. His exact words: ""You fail to protect users during actual incidents yet respond to a request riddled with errors."" What gets me is this is part of a pattern that keeps getting ignored: February 2025: Bybit hack, $1.5B stolen, Lazarus Group funds sitting in USDC addresses ZachXBT flagged publicly. ThorChain, FixedFloat, Coinex, Bitget all moved fast. Circle sat on it. July 2025: ZachXBT found North Korean IT workers using USDC as their primary payment rail, eight figures in volume. Circle's response: nothing. Their exact quote: ""They currently do nothing to detect / freeze the activity while boasting about compliance."" October 2025: Circle freezes four wallets after the Coinbase theft. The wallets held DAI, not USDC. ZachXBT called it one of the most useless freezes he'd ever seen. January 2026: $3M in stolen USDC sitting at the theft address on Base for 8+ hours untouched. ZachXBT had to publicly shame them into action. Today: 16 operational business wallets frozen on a faulty civil request. For context, Circle has blacklisted around 372 addresses total since launch. Tether, the one everyone calls shady, has frozen assets across 2,500+ addresses totalling ~$1.6B working with 275+ law enforcement agencies. The compliance narrative has always been Circle's main pitch, especially as they push for a US banking license and CRCL is now a publicly traded stock. But the pattern suggests the compliance runs one direction. Government asks, Circle moves fast. Victims need help, Circle moves slow or not at all. Erroneous civil request comes in, Circle apparently doesn't even check the onchain data before acting. CRCL is also down roughly 18% today on new CLARITY Act text that would ban stablecoin yield. Bad day all around for the compliance narrative. Anyone building on USDC should be thinking about what recourse they actually have if Circle decides their wallet is next. Genuinely curious what this community thinks, is this a known and accepted risk of building on a centralised stablecoin or does this cross a line? Someone wrote up the full timeline with sources here if anyone wants the detail: https://stridentcitizen.substack.com/p/circle-froze-16-operational-business?r=7vbgp7 submitted by /u/CryptoPulse22 [link] [comments]",Dai,"Circle froze 16 operational business wallets today for a civil case nobody can name. ZachXBT flagged it. This is the 5th time in a year.. ZachXBT posted this morning that Circle froze the USDC balances of 16 hot wallets belonging to active businesses overnight. Not hackers. Not sanctioned wallets. Active operational businesses processing transactions for users. He spoke to one of the affected companies directly. They were told it was connected to an ongoing US civil case whose details haven't been disclosed. The businesses include Pepperstone, FXPro, Goated.com , 500 Casino, HeroFx and others. Exchanges, casinos, forex platforms with no apparent connection to each other. His exact words: ""You fail to protect users during actual incidents yet respond to a request riddled with errors."" What gets me is this is part of a pattern that keeps getting ignored: February 2025: Bybit hack, $1.5B stolen, Lazarus Group funds sitting in USDC addresses ZachXBT flagged publicly. ThorChain, FixedFloat, Coinex, Bitget all moved fast. Circle sat on it. July 2025: ZachXBT found North Korean IT workers using USDC as their primary payment rail, eight figures in volume. Circle's response: nothing. Their exact quote: ""They currently do nothing to detect / freeze the activity while boasting about compliance."" October 2025: Circle freezes four wallets after the Coinbase theft. The wallets held DAI, not USDC. ZachXBT called it one of the most useless freezes he'd ever seen. January 2026: $3M in stolen USDC sitting at the theft address on Base for 8+ hours untouched. ZachXBT had to publicly shame them into action. Today: 16 operational business wallets frozen on a faulty civil request. For context, Circle has blacklisted around 372 addresses total since launch. Tether, the one everyone calls shady, has frozen assets across 2,500+ addresses totalling ~$1.6B working with 275+ law enforcement agencies. The compliance narrative has always been Circle's main pitch, especially as they push for a US banking license and CRCL is now a publicly traded stock. But the pattern suggests the compliance runs one direction. Government asks, Circle moves fast. Victims need help, Circle moves slow or not at all. Erroneous civil request comes in, Circle apparently doesn't even check the onchain data before acting. CRCL is also down roughly 18% today on new CLARITY Act text that would ban stablecoin yield. Bad day all around for the compliance narrative. Anyone building on USDC should be thinking about what recourse they actually have if Circle decides their wallet is next. Genuinely curious what this community thinks, is this a known and accepted risk of building on a centralised stablecoin or does this cross a line? Someone wrote up the full timeline with sources here if anyone wants the detail: https://stridentcitizen.substack.com/p/circle-froze-16-operational-business?r=7vbgp7 submitted by /u/CryptoPulse22 [link] [comments]. ZachXBT posted this morning that Circle froze the USDC balances of 16 hot wallets belonging to active businesses overnight. Not hackers. Not sanctioned wallets. Active operational businesses processing transactions for users. He spoke to one of the affected companies directly. They were told it was connected to an ongoing US civil case whose details haven't been disclosed. The businesses include Pepperstone, FXPro, Goated.com , 500 Casino, HeroFx and others. Exchanges, casinos, forex platforms with no apparent connection to each other. His exact words: ""You fail to protect users during actual incidents yet respond to a request riddled with errors."" What gets me is this is part of a pattern that keeps getting ignored: February 2025: Bybit hack, $1.5B stolen, Lazarus Group funds sitting in USDC addresses ZachXBT flagged publicly. ThorChain, FixedFloat, Coinex, Bitget all moved fast. Circle sat on it. July 2025: ZachXBT found North Korean IT workers using USDC as their primary payment rail, eight figures in volume. Circle's response: nothing. Their exact quote: ""They currently do nothing to detect / freeze the activity while boasting about compliance."" October 2025: Circle freezes four wallets after the Coinbase theft. The wallets held DAI, not USDC. ZachXBT called it one of the most useless freezes he'd ever seen. January 2026: $3M in stolen USDC sitting at the theft address on Base for 8+ hours untouched. ZachXBT had to publicly shame them into action. Today: 16 operational business wallets frozen on a faulty civil request. For context, Circle has blacklisted around 372 addresses total since launch. Tether, the one everyone calls shady, has frozen assets across 2,500+ addresses totalling ~$1.6B working with 275+ law enforcement agencies. The compliance narrative has always been Circle's main pitch, especially as they push for a US banking license and CRCL is now a publicly traded stock. But the pattern suggests the compliance runs one direction. Government asks, Circle moves fast. Victims need help, Circle moves slow or not at all. Erroneous civil request comes in, Circle apparently doesn't even check the onchain data before acting. CRCL is also down roughly 18% today on new CLARITY Act text that would ban stablecoin yield. Bad day all around for the compliance narrative. Anyone building on USDC should be thinking about what recourse they actually have if Circle decides their wallet is next. Genuinely curious what this community thinks, is this a known and accepted risk of building on a centralised stablecoin or does this cross a line? Someone wrote up the full timeline with sources here if anyone wants the detail: https://stridentcitizen.substack.com/p/circle-froze-16-operational-business?r=7vbgp7 submitted by /u/CryptoPulse22 [link] [comments]",0.0,neutral,0.0,Signals are mixed or informational (score 0.000).,llama3.2,v1.0.0,2026-03-27T08:12:05Z
reddit,https://www.reddit.com/r/StableCoins/comments/1s2l72z/circle_froze_16_operational_business_wallets/,2026-03-24,2026-03-27T08:12:04Z,Circle froze 16 operational business wallets today for a civil case nobody can name. ZachXBT flagged it. This is the 5th time in a year.,"ZachXBT posted this morning that Circle froze the USDC balances of 16 hot wallets belonging to active businesses overnight. Not hackers. Not sanctioned wallets. Active operational businesses processing transactions for users. He spoke to one of the affected companies directly. They were told it was connected to an ongoing US civil case whose details haven't been disclosed. The businesses include Pepperstone, FXPro, Goated.com , 500 Casino, HeroFx and others. Exchanges, casinos, forex platforms with no apparent connection to each other. His exact words: ""You fail to protect users during actual incidents yet respond to a request riddled with errors."" What gets me is this is part of a pattern that keeps getting ignored: February 2025: Bybit hack, $1.5B stolen, Lazarus Group funds sitting in USDC addresses ZachXBT flagged publicly. ThorChain, FixedFloat, Coinex, Bitget all moved fast. Circle sat on it. July 2025: ZachXBT found North Korean IT workers using USDC as their primary payment rail, eight figures in volume. Circle's response: nothing. Their exact quote: ""They currently do nothing to detect / freeze the activity while boasting about compliance."" October 2025: Circle freezes four wallets after the Coinbase theft. The wallets held DAI, not USDC. ZachXBT called it one of the most useless freezes he'd ever seen. January 2026: $3M in stolen USDC sitting at the theft address on Base for 8+ hours untouched. ZachXBT had to publicly shame them into action. Today: 16 operational business wallets frozen on a faulty civil request. For context, Circle has blacklisted around 372 addresses total since launch. Tether, the one everyone calls shady, has frozen assets across 2,500+ addresses totalling ~$1.6B working with 275+ law enforcement agencies. The compliance narrative has always been Circle's main pitch, especially as they push for a US banking license and CRCL is now a publicly traded stock. But the pattern suggests the compliance runs one direction. Government asks, Circle moves fast. Victims need help, Circle moves slow or not at all. Erroneous civil request comes in, Circle apparently doesn't even check the onchain data before acting. CRCL is also down roughly 18% today on new CLARITY Act text that would ban stablecoin yield. Bad day all around for the compliance narrative. Anyone building on USDC should be thinking about what recourse they actually have if Circle decides their wallet is next. Genuinely curious what this community thinks, is this a known and accepted risk of building on a centralised stablecoin or does this cross a line? Someone wrote up the full timeline with sources here if anyone wants the detail: https://stridentcitizen.substack.com/p/circle-froze-16-operational-business?r=7vbgp7 submitted by /u/CryptoPulse22 [link] [comments]",USDC,"Circle froze 16 operational business wallets today for a civil case nobody can name. ZachXBT flagged it. This is the 5th time in a year.. ZachXBT posted this morning that Circle froze the USDC balances of 16 hot wallets belonging to active businesses overnight. Not hackers. Not sanctioned wallets. Active operational businesses processing transactions for users. He spoke to one of the affected companies directly. They were told it was connected to an ongoing US civil case whose details haven't been disclosed. The businesses include Pepperstone, FXPro, Goated.com , 500 Casino, HeroFx and others. Exchanges, casinos, forex platforms with no apparent connection to each other. His exact words: ""You fail to protect users during actual incidents yet respond to a request riddled with errors."" What gets me is this is part of a pattern that keeps getting ignored: February 2025: Bybit hack, $1.5B stolen, Lazarus Group funds sitting in USDC addresses ZachXBT flagged publicly. ThorChain, FixedFloat, Coinex, Bitget all moved fast. Circle sat on it. July 2025: ZachXBT found North Korean IT workers using USDC as their primary payment rail, eight figures in volume. Circle's response: nothing. Their exact quote: ""They currently do nothing to detect / freeze the activity while boasting about compliance."" October 2025: Circle freezes four wallets after the Coinbase theft. The wallets held DAI, not USDC. ZachXBT called it one of the most useless freezes he'd ever seen. January 2026: $3M in stolen USDC sitting at the theft address on Base for 8+ hours untouched. ZachXBT had to publicly shame them into action. Today: 16 operational business wallets frozen on a faulty civil request. For context, Circle has blacklisted around 372 addresses total since launch. Tether, the one everyone calls shady, has frozen assets across 2,500+ addresses totalling ~$1.6B working with 275+ law enforcement agencies. The compliance narrative has always been Circle's main pitch, especially as they push for a US banking license and CRCL is now a publicly traded stock. But the pattern suggests the compliance runs one direction. Government asks, Circle moves fast. Victims need help, Circle moves slow or not at all. Erroneous civil request comes in, Circle apparently doesn't even check the onchain data before acting. CRCL is also down roughly 18% today on new CLARITY Act text that would ban stablecoin yield. Bad day all around for the compliance narrative. Anyone building on USDC should be thinking about what recourse they actually have if Circle decides their wallet is next. Genuinely curious what this community thinks, is this a known and accepted risk of building on a centralised stablecoin or does this cross a line? Someone wrote up the full timeline with sources here if anyone wants the detail: https://stridentcitizen.substack.com/p/circle-froze-16-operational-business?r=7vbgp7 submitted by /u/CryptoPulse22 [link] [comments]. ZachXBT posted this morning that Circle froze the USDC balances of 16 hot wallets belonging to active businesses overnight. Not hackers. Not sanctioned wallets. Active operational businesses processing transactions for users. He spoke to one of the affected companies directly. They were told it was connected to an ongoing US civil case whose details haven't been disclosed. The businesses include Pepperstone, FXPro, Goated.com , 500 Casino, HeroFx and others. Exchanges, casinos, forex platforms with no apparent connection to each other. His exact words: ""You fail to protect users during actual incidents yet respond to a request riddled with errors."" What gets me is this is part of a pattern that keeps getting ignored: February 2025: Bybit hack, $1.5B stolen, Lazarus Group funds sitting in USDC addresses ZachXBT flagged publicly. ThorChain, FixedFloat, Coinex, Bitget all moved fast. Circle sat on it. July 2025: ZachXBT found North Korean IT workers using USDC as their primary payment rail, eight figures in volume. Circle's response: nothing. Their exact quote: ""They currently do nothing to detect / freeze the activity while boasting about compliance."" October 2025: Circle freezes four wallets after the Coinbase theft. The wallets held DAI, not USDC. ZachXBT called it one of the most useless freezes he'd ever seen. January 2026: $3M in stolen USDC sitting at the theft address on Base for 8+ hours untouched. ZachXBT had to publicly shame them into action. Today: 16 operational business wallets frozen on a faulty civil request. For context, Circle has blacklisted around 372 addresses total since launch. Tether, the one everyone calls shady, has frozen assets across 2,500+ addresses totalling ~$1.6B working with 275+ law enforcement agencies. The compliance narrative has always been Circle's main pitch, especially as they push for a US banking license and CRCL is now a publicly traded stock. But the pattern suggests the compliance runs one direction. Government asks, Circle moves fast. Victims need help, Circle moves slow or not at all. Erroneous civil request comes in, Circle apparently doesn't even check the onchain data before acting. CRCL is also down roughly 18% today on new CLARITY Act text that would ban stablecoin yield. Bad day all around for the compliance narrative. Anyone building on USDC should be thinking about what recourse they actually have if Circle decides their wallet is next. Genuinely curious what this community thinks, is this a known and accepted risk of building on a centralised stablecoin or does this cross a line? Someone wrote up the full timeline with sources here if anyone wants the detail: https://stridentcitizen.substack.com/p/circle-froze-16-operational-business?r=7vbgp7 submitted by /u/CryptoPulse22 [link] [comments]",0.0,neutral,0.0,Signals are mixed or informational (score 0.000).,llama3.2,v1.0.0,2026-03-27T08:12:05Z
reddit,https://www.reddit.com/r/StableCoins/comments/1rywobl/mica_banned_usdt_from_europe_and_circle_is_up_305/,2026-03-20,2026-03-27T08:12:04Z,MiCA Banned USDT From Europe and Circle Is Up 305% Since Its IPO,submitted by /u/andix3 [link] [comments],TetherUSDt,MiCA Banned USDT From Europe and Circle Is Up 305% Since Its IPO. submitted by /u/andix3 [link] [comments]. submitted by /u/andix3 [link] [comments],0.0,neutral,0.0,Signals are mixed or informational (score 0.000).,llama3.2,v1.0.0,2026-03-27T08:12:05Z
reddit,https://www.reddit.com/r/defi/comments/1s4e6wo/the_monero_51_hashrate_claim_from_qubic_a_defi/,2026-03-26,2026-03-27T08:12:04Z,The Monero 51% Hashrate Claim from Qubic - A DeFi Perspective,"A claim I’ve seen repeated claims that Qubic’s compute network briefly contributed over 51% of Monero’s hashrate. If it's true, it's not just a PoW story it raises questions about decentralization and for that matter DeFi too. I tried to verify this using Monero explorer data and pool distribution: There’s a clear hashrate spike during the integration period Pool distribution shifts suggest a large new entrant But confirming an exact 51% share is difficult due to RandomX obscuring attribution From a DeFi perspective, this ties into familiar concerns like reliance on large scale infrastructure, concentration risk, and how “decentralized” systems behave when a single actor can temporarily dominate underlying resources similar to validator concentration or MEV dynamics in other ecosystems. My view is the claim looks plausible and partially supported onchain. However, the exact 51% figure isn’t independently verifiable. What is clear is that a significant amount of hashrate entered the network from a source consistent with Qubic. Data here: https://moneroexplorer.org/#/ (Aug 11, 2025) Worth watching imo especially with potential DOGE mining next. If the scale is real, it should show up in network data again. submitted by /u/CalzerMalzer [link] [comments]",Dogecoin,"The Monero 51% Hashrate Claim from Qubic - A DeFi Perspective. A claim I’ve seen repeated claims that Qubic’s compute network briefly contributed over 51% of Monero’s hashrate. If it's true, it's not just a PoW story it raises questions about decentralization and for that matter DeFi too. I tried to verify this using Monero explorer data and pool distribution: There’s a clear hashrate spike during the integration period Pool distribution shifts suggest a large new entrant But confirming an exact 51% share is difficult due to RandomX obscuring attribution From a DeFi perspective, this ties into familiar concerns like reliance on large scale infrastructure, concentration risk, and how “decentralized” systems behave when a single actor can temporarily dominate underlying resources similar to validator concentration or MEV dynamics in other ecosystems. My view is the claim looks plausible and partially supported onchain. However, the exact 51% figure isn’t independently verifiable. What is clear is that a significant amount of hashrate entered the network from a source consistent with Qubic. Data here: https://moneroexplorer.org/#/ (Aug 11, 2025) Worth watching imo especially with potential DOGE mining next. If the scale is real, it should show up in network data again. submitted by /u/CalzerMalzer [link] [comments]. A claim I’ve seen repeated claims that Qubic’s compute network briefly contributed over 51% of Monero’s hashrate. If it's true, it's not just a PoW story it raises questions about decentralization and for that matter DeFi too. I tried to verify this using Monero explorer data and pool distribution: There’s a clear hashrate spike during the integration period Pool distribution shifts suggest a large new entrant But confirming an exact 51% share is difficult due to RandomX obscuring attribution From a DeFi perspective, this ties into familiar concerns like reliance on large scale infrastructure, concentration risk, and how “decentralized” systems behave when a single actor can temporarily dominate underlying resources similar to validator concentration or MEV dynamics in other ecosystems. My view is the claim looks plausible and partially supported onchain. However, the exact 51% figure isn’t independently verifiable. What is clear is that a significant amount of hashrate entered the network from a source consistent with Qubic. Data here: https://moneroexplorer.org/#/ (Aug 11, 2025) Worth watching imo especially with potential DOGE mining next. If the scale is real, it should show up in network data again. submitted by /u/CalzerMalzer [link] [comments]",0.0,neutral,0.0,Signals are mixed or informational (score 0.000).,llama3.2,v1.0.0,2026-03-27T08:12:05Z
reddit,https://www.reddit.com/r/defi/comments/1s468c0/qie_hackathon_has_a_defi_track_500_for_top_5/,2026-03-26,2026-03-27T08:12:04Z,QIE hackathon has a DeFi track $500 for top 5 projects + grants and incubation for winners. Registration closing soon.,"QIE Blockchain is running a hackathon with a dedicated DeFi & Payments track. They're looking for DEXs, lending protocols, merchant tools, remittance solutions, stablecoin payment rails, POS integrations, Shopify/commerce plugins, and yield aggregators. The ecosystem already has working infrastructure: QIE Dex for liquidity and trading, QIE Stable Coin for payments, and QIE Wallet for user auth. Projects that integrate with these get bonus scoring from judges. Prize structure: Top 5 DeFi projects each get $500 (half USDT, half QIE). Overall 1st place gets $2,500. But the bigger draw is the post-hackathon support grants, incubation, help acquiring users, and a path to getting listed. There's also a milestone bonus: build something that hits 100 active users post-hackathon and you get an extra $1,250 in QIE tokens. They clearly want projects that survive beyond demo day. Registration closes April 15. Building phase is April 16 – May 15. Winners announced May 26. Previous hackathon winners (YesNo Markets, Enoobs, NeuroCred) got funded and kept building on QIE. That's the kind of precedent that makes me think the post-hackathon support is legit. hackathon.qie.digital submitted by /u/CigAfterSexhmm [link] [comments]",TetherUSDt,"QIE hackathon has a DeFi track $500 for top 5 projects + grants and incubation for winners. Registration closing soon.. QIE Blockchain is running a hackathon with a dedicated DeFi & Payments track. They're looking for DEXs, lending protocols, merchant tools, remittance solutions, stablecoin payment rails, POS integrations, Shopify/commerce plugins, and yield aggregators. The ecosystem already has working infrastructure: QIE Dex for liquidity and trading, QIE Stable Coin for payments, and QIE Wallet for user auth. Projects that integrate with these get bonus scoring from judges. Prize structure: Top 5 DeFi projects each get $500 (half USDT, half QIE). Overall 1st place gets $2,500. But the bigger draw is the post-hackathon support grants, incubation, help acquiring users, and a path to getting listed. There's also a milestone bonus: build something that hits 100 active users post-hackathon and you get an extra $1,250 in QIE tokens. They clearly want projects that survive beyond demo day. Registration closes April 15. Building phase is April 16 – May 15. Winners announced May 26. Previous hackathon winners (YesNo Markets, Enoobs, NeuroCred) got funded and kept building on QIE. That's the kind of precedent that makes me think the post-hackathon support is legit. hackathon.qie.digital submitted by /u/CigAfterSexhmm [link] [comments]. QIE Blockchain is running a hackathon with a dedicated DeFi & Payments track. They're looking for DEXs, lending protocols, merchant tools, remittance solutions, stablecoin payment rails, POS integrations, Shopify/commerce plugins, and yield aggregators. The ecosystem already has working infrastructure: QIE Dex for liquidity and trading, QIE Stable Coin for payments, and QIE Wallet for user auth. Projects that integrate with these get bonus scoring from judges. Prize structure: Top 5 DeFi projects each get $500 (half USDT, half QIE). Overall 1st place gets $2,500. But the bigger draw is the post-hackathon support grants, incubation, help acquiring users, and a path to getting listed. There's also a milestone bonus: build something that hits 100 active users post-hackathon and you get an extra $1,250 in QIE tokens. They clearly want projects that survive beyond demo day. Registration closes April 15. Building phase is April 16 – May 15. Winners announced May 26. Previous hackathon winners (YesNo Markets, Enoobs, NeuroCred) got funded and kept building on QIE. That's the kind of precedent that makes me think the post-hackathon support is legit. hackathon.qie.digital submitted by /u/CigAfterSexhmm [link] [comments]",0.0,neutral,0.0,Signals are mixed or informational (score 0.000).,llama3.2,v1.0.0,2026-03-27T08:12:05Z
reddit,https://www.reddit.com/r/solana/comments/1s4l4o2/solana_ecosystem_call_presented_by_sol_brothers/,2026-03-26,2026-03-27T08:12:04Z,Solana Ecosystem Call Presented By SOL Brothers,submitted by /u/ansi09 [link] [comments],Solana,Solana Ecosystem Call Presented By SOL Brothers. submitted by /u/ansi09 [link] [comments]. submitted by /u/ansi09 [link] [comments],0.0,neutral,0.0,Signals are mixed or informational (score 0.000).,llama3.2,v1.0.0,2026-03-27T08:12:05Z
reddit,https://www.reddit.com/r/solana/comments/1s4xrby/hydex_launches_hysol_stake_sol_earn_private_zcash/,2026-03-26,2026-03-27T08:12:04Z,"Hydex Launches hySOL: Stake SOL, Earn Private Zcash Rewards","Hydex, winner of the Zypherpunk Hackathon, introduced hySOL — a non-custodial, fully on-chain staking protocol. Users can now stake SOL on Solana and earn Zcash rewards through its secure Zcash-Solana privacy bridge. https://x.com/hydex_io/status/2036808964076417217 submitted by /u/SolBrothers_ [link] [comments]",Solana,"Hydex Launches hySOL: Stake SOL, Earn Private Zcash Rewards. Hydex, winner of the Zypherpunk Hackathon, introduced hySOL — a non-custodial, fully on-chain staking protocol. Users can now stake SOL on Solana and earn Zcash rewards through its secure Zcash-Solana privacy bridge. https://x.com/hydex_io/status/2036808964076417217 submitted by /u/SolBrothers_ [link] [comments]. Hydex, winner of the Zypherpunk Hackathon, introduced hySOL — a non-custodial, fully on-chain staking protocol. Users can now stake SOL on Solana and earn Zcash rewards through its secure Zcash-Solana privacy bridge. https://x.com/hydex_io/status/2036808964076417217 submitted by /u/SolBrothers_ [link] [comments]",0.0,neutral,0.0,Signals are mixed or informational (score 0.000).,llama3.2,v1.0.0,2026-03-27T08:12:05Z
reddit,https://www.reddit.com/r/solana/comments/1s4tuv8/any_advice_for_staking_my_sol/,2026-03-26,2026-03-27T08:12:04Z,Any advice for staking my sol?,I've collected 117 sol in the last two years with an average around $135 usd. I'm not going to sell until solana hits around $500. Just curious what do you recommend I should do in regards to staking my sol? I've never staked before so I don't want to make a stupid decision submitted by /u/Extension_Plankton54 [link] [comments],Solana,Any advice for staking my sol?. I've collected 117 sol in the last two years with an average around $135 usd. I'm not going to sell until solana hits around $500. Just curious what do you recommend I should do in regards to staking my sol? I've never staked before so I don't want to make a stupid decision submitted by /u/Extension_Plankton54 [link] [comments]. I've collected 117 sol in the last two years with an average around $135 usd. I'm not going to sell until solana hits around $500. Just curious what do you recommend I should do in regards to staking my sol? I've never staked before so I don't want to make a stupid decision submitted by /u/Extension_Plankton54 [link] [comments],0.0,neutral,0.0,Signals are mixed or informational (score 0.000).,llama3.2,v1.0.0,2026-03-27T08:12:05Z
reddit,https://www.reddit.com/r/solana/comments/1s4gr86/you_own_a_solana_tooldapp/,2026-03-26,2026-03-27T08:12:04Z,You own a solana tool/dapp?,"If you are building on Solana, and you have build a dapp/tool and want to show it off. Post it here so i can check it out and support solana devs. I will also list them on my solana directory. Ready to discover some new tools. submitted by /u/Claude-Noob [link] [comments]",Solana,"You own a solana tool/dapp?. If you are building on Solana, and you have build a dapp/tool and want to show it off. Post it here so i can check it out and support solana devs. I will also list them on my solana directory. Ready to discover some new tools. submitted by /u/Claude-Noob [link] [comments]. If you are building on Solana, and you have build a dapp/tool and want to show it off. Post it here so i can check it out and support solana devs. I will also list them on my solana directory. Ready to discover some new tools. submitted by /u/Claude-Noob [link] [comments]",0.0,neutral,0.0,Signals are mixed or informational (score 0.000).,llama3.2,v1.0.0,2026-03-27T08:12:05Z
reddit,https://www.reddit.com/r/solana/comments/1s4l0m2/generation_infinity_podcast_squads_labs_secures/,2026-03-26,2026-03-27T08:12:04Z,Generation Infinity Podcast - Squads Labs Secures $15B On Solana | Now They're Coming For Business Banking,"Source: https://x.com/Genfinity/status/2037185168146870629 ⚡️ EXCLUSIVE: Squads Labs Secures $15B On Solana | Now They're Coming For Business Banking 500+ teams already onboarded. The Safe of Solana is expanding u/altitude into full-stack finance. Fiat at the edges. Stablecoins at the core. Global from day one. • Corporate cards launch in May • Multichain transfers live in 30 days • Bill pay, invoicing, QuickBooks integration • Policies enforced at the protocol level All balances held in stablecoins on Solana. Fast. Cheap. Native settlement. Traditional fintech runs on five disconnected systems. Stablecoin rails put everything on one layer. ""I used to say crypto company. Now I say fintech."" This is what true fintech looks like when it's natively onchain. Featuring: @GarrettHarper_ @SquadsLabs Hosted by @TateOnChain https://preview.redd.it/biyulf0xmgrg1.png?width=555&format=png&auto=webp&s=a917b6028fed17990cbfc8188e196dda99fa379a submitted by /u/ansi09 [link] [comments]",Solana,"Generation Infinity Podcast - Squads Labs Secures $15B On Solana | Now They're Coming For Business Banking. Source: https://x.com/Genfinity/status/2037185168146870629 ⚡️ EXCLUSIVE: Squads Labs Secures $15B On Solana | Now They're Coming For Business Banking 500+ teams already onboarded. The Safe of Solana is expanding u/altitude into full-stack finance. Fiat at the edges. Stablecoins at the core. Global from day one. • Corporate cards launch in May • Multichain transfers live in 30 days • Bill pay, invoicing, QuickBooks integration • Policies enforced at the protocol level All balances held in stablecoins on Solana. Fast. Cheap. Native settlement. Traditional fintech runs on five disconnected systems. Stablecoin rails put everything on one layer. ""I used to say crypto company. Now I say fintech."" This is what true fintech looks like when it's natively onchain. Featuring: @GarrettHarper_ @SquadsLabs Hosted by @TateOnChain https://preview.redd.it/biyulf0xmgrg1.png?width=555&format=png&auto=webp&s=a917b6028fed17990cbfc8188e196dda99fa379a submitted by /u/ansi09 [link] [comments]. Source: https://x.com/Genfinity/status/2037185168146870629 ⚡️ EXCLUSIVE: Squads Labs Secures $15B On Solana | Now They're Coming For Business Banking 500+ teams already onboarded. The Safe of Solana is expanding u/altitude into full-stack finance. Fiat at the edges. Stablecoins at the core. Global from day one. • Corporate cards launch in May • Multichain transfers live in 30 days • Bill pay, invoicing, QuickBooks integration • Policies enforced at the protocol level All balances held in stablecoins on Solana. Fast. Cheap. Native settlement. Traditional fintech runs on five disconnected systems. Stablecoin rails put everything on one layer. ""I used to say crypto company. Now I say fintech."" This is what true fintech looks like when it's natively onchain. Featuring: @GarrettHarper_ @SquadsLabs Hosted by @TateOnChain https://preview.redd.it/biyulf0xmgrg1.png?width=555&format=png&auto=webp&s=a917b6028fed17990cbfc8188e196dda99fa379a submitted by /u/ansi09 [link] [comments]",0.0,neutral,0.0,Signals are mixed or informational (score 0.000).,llama3.2,v1.0.0,2026-03-27T08:12:05Z
reddit,https://www.reddit.com/r/solana/comments/1s4khwm/solana_developer_platform_cycle_faster_solana_sri/,2026-03-26,2026-03-27T08:12:04Z,Solana Developer Platform: Cycle Faster | Solana_SRI Explains What SDP Means For Financial Institutions Who Want To Build On Solana,"Source: https://x.com/solanapayments/status/2037214499443224717 Most financial institutions spend 18 months getting from POC to MVP. With SDP, you can test and iterate directly in a sandbox with 20+ partner APIs. @Solana_SRI explains what SDP means for financial institutions who want to build on Solana https://payments.org/solutions/sdp The Solana Research Institute is an independent research organisation to support the Solana ecosystem’s engagement with financial institutions. Follow them @Solana_SRI to keep up with the latest https://preview.redd.it/sn6tvfx1jgrg1.png?width=680&format=png&auto=webp&s=eb3dbb9ce6d5f29954f3bdee6229bae8643866b1 Traditional financial institutions have real advantages: scale, trusted brands, and established customer relationships. But those same strengths can become liabilities when speed matters. Blockchains like Solana are enabling new entrants to build sophisticated financial applications faster than most FIs can move through internal approval cycles. The barriers aren't a lack of understanding — they're structural. Finding a business line sponsor, securing budget, coordinating across organisational silos, and obtaining sign-offs from risk and compliance are overheads that divert focus and sap the energy of innovators who just want to ship great products. The Innovation Bottleneck Inside Financial Institutions The realistic pathway for a bank innovator looks something like this: POCs in the lab in January, a business sponsor recruited by June, a business case written for the September budget cycle, delivery resources allocated the following January, an MVP launched next June — and then back in the queue for enhancements the year after. It may not be realistic to change the fundamental nature of financial institutions. But a tool that dramatically cut development time and offered a safe environment to test new ideas with real users and customers could start to tip the scales back in the innovator's favour. Enter the Solana Developer Platform The Solana Developer Platform (SDP) is an API-based, AI-ready platform that lets financial institutions build and launch products on Solana with minimal coding. Applications that previously took six to nine months to build can now be deployed to a sandboxed devnet in six to nine days — enabling near-real-time feedback from clients, users, and control functions. This completely changes the product innovation game for even the most conservative institution. SDP provides access to Solana's full suite of institutional-grade token features via API, plus a curated marketplace of over twenty third-party services at launch — including node infrastructure, custody solutions, on-chain compliance tools, and payment ramps. It also simplifies deployment, initially on the Solana Devnet, making it easy to try out different features and providers before committing to a solution. Why Solana for Institutional Use? Solana is already a proven venue for institutional business. Upcoming upgrades will take this further — final settlement of transactions will soon be achievable within 150ms, approaching the speeds of many centralised transaction processing systems, on a fully decentralised network. Parallel data processing means high activity in one part of the network has no impact on throughput or fees elsewhere, creating a predictable environment for operators and users alike. Try Before You Buy: Built-In Features Designed for Financial Services Solana's native token capabilities go well beyond basic minting and burning. Features relevant to financial services applications include: Product Demo https://www.youtube.com/watch?v=URAJ2kHHDBg https://preview.redd.it/6c4r9207jgrg1.png?width=442&format=png&auto=webp&s=131a3c8a7111c6b08d537f043ca4c9181f7a83d8 Product Demo: On-Chain Payments → Metadata management: Link tokens to canonical real-world documents such as prospectuses. Allow and block lists: Control token distribution programmatically. Confidential transactions: Keep transaction details fully private while retaining audit control. Freeze & Seize Assets: Enable authorities (e.g. court orders) to freeze or seize token holdings. Transfer memos: Pass structured data between counterparties during a transaction. Issuer fee collection: Token issuers can collect transaction fees on their own products. Automated corporate actions: Interest, dividends, and stock splits built directly into the token. Emergency Pause: Pause all interactions with the token in case of emergency. Token grouping: Create and manage families of securities tokens efficiently. SDP makes nearly all these functions available via API. It also provides APIs to a curated market place of 3rd party services, including infrastructure node services, wallet and custody solutions, on-chain compliance tools, and payment ramps. Over twenty such infrastructure services are available today, just after launch. Finally, SDP simplifies deployment of the application, initially on Solana Devnet. This combination not only minimizes integration effort, it also makes it easy for an FI to try out different features and providers before committing to a solution. In Practice: Launching a Tokenised Fund Structure Consider a fund manager who wants to launch a set of tokens linked to an existing off-chain fund, using an on-chain master-feeder structure. A ""master token"" holds units in the underlying fund and is in turn owned by a set of ""feeder"" tokens, each designed for investors in a particular jurisdiction. Here is how SDP enables this, step by step. Product Demo https://www.youtube.com/watch?v=9R7mRaonVoo https://preview.redd.it/kkvg2srdjgrg1.png?width=440&format=png&auto=webp&s=294c79c22cad422b9cab6c65cbf0311646307a67 https://youtu.be/9R7mRaonVoo?si=aZQoZLYWQruAzUdG Phase 1 — Configure the master token. The manager sets up the mint for the master token, attaching bespoke metadata that includes the fund prospectus and legal documents defining the token's status. A dynamic allow list of eligible token holders, linked to a KYC service in the token's jurisdiction, is also established. The token can be minted in a sandbox ahead of regulatory approval, and its operational, data and control features tested with the underlying fund, potential purchasers, and regulators. Phase 2 — Deploy feeder tokens. Using SDP's group structure, the manager creates feeder tokens that inherit shared metadata and classification schemas from the master. Each feeder maintains its own jurisdiction-specific KYC and allow lists, and can be connected to the custodian services most appropriate for its target investor base. Phase 3 — Add stablecoin payments. In parallel, the manager deploys a stablecoin-based payments service with on/off ramps that allow users with fiat accounts to send subscriptions or receive distributions — and that automatically convert fiat into the mint's wallet and remit to the fund's operating bank account. Future enhancements, added based on client and user feedback, could include automated dividend distributions, daily reconciliations between master and feeder tokens and units held in the fund's transfer agent, and jurisdiction-specific tax payments for each feeder token. While the structure may appear complex, all of the features outlined are available within SDP with minimal coding. By removing application development as a bottleneck, SDP frees innovators to focus on the many other challenges involved in bringing new financial products to market — while making the most of their institutions' established brands and market positions. Large and agile: not something you see very often. The Solana Research Institute is an applied research forum examining the role of blockchain-based infrastructure in mainstream financial services. Learn more at solresearch.institute . submitted by /u/ansi09 [link] [comments]",Solana,"Solana Developer Platform: Cycle Faster | Solana_SRI Explains What SDP Means For Financial Institutions Who Want To Build On Solana. Source: https://x.com/solanapayments/status/2037214499443224717 Most financial institutions spend 18 months getting from POC to MVP. With SDP, you can test and iterate directly in a sandbox with 20+ partner APIs. @Solana_SRI explains what SDP means for financial institutions who want to build on Solana https://payments.org/solutions/sdp The Solana Research Institute is an independent research organisation to support the Solana ecosystem’s engagement with financial institutions. Follow them @Solana_SRI to keep up with the latest https://preview.redd.it/sn6tvfx1jgrg1.png?width=680&format=png&auto=webp&s=eb3dbb9ce6d5f29954f3bdee6229bae8643866b1 Traditional financial institutions have real advantages: scale, trusted brands, and established customer relationships. But those same strengths can become liabilities when speed matters. Blockchains like Solana are enabling new entrants to build sophisticated financial applications faster than most FIs can move through internal approval cycles. The barriers aren't a lack of understanding — they're structural. Finding a business line sponsor, securing budget, coordinating across organisational silos, and obtaining sign-offs from risk and compliance are overheads that divert focus and sap the energy of innovators who just want to ship great products. The Innovation Bottleneck Inside Financial Institutions The realistic pathway for a bank innovator looks something like this: POCs in the lab in January, a business sponsor recruited by June, a business case written for the September budget cycle, delivery resources allocated the following January, an MVP launched next June — and then back in the queue for enhancements the year after. It may not be realistic to change the fundamental nature of financial institutions. But a tool that dramatically cut development time and offered a safe environment to test new ideas with real users and customers could start to tip the scales back in the innovator's favour. Enter the Solana Developer Platform The Solana Developer Platform (SDP) is an API-based, AI-ready platform that lets financial institutions build and launch products on Solana with minimal coding. Applications that previously took six to nine months to build can now be deployed to a sandboxed devnet in six to nine days — enabling near-real-time feedback from clients, users, and control functions. This completely changes the product innovation game for even the most conservative institution. SDP provides access to Solana's full suite of institutional-grade token features via API, plus a curated marketplace of over twenty third-party services at launch — including node infrastructure, custody solutions, on-chain compliance tools, and payment ramps. It also simplifies deployment, initially on the Solana Devnet, making it easy to try out different features and providers before committing to a solution. Why Solana for Institutional Use? Solana is already a proven venue for institutional business. Upcoming upgrades will take this further — final settlement of transactions will soon be achievable within 150ms, approaching the speeds of many centralised transaction processing systems, on a fully decentralised network. Parallel data processing means high activity in one part of the network has no impact on throughput or fees elsewhere, creating a predictable environment for operators and users alike. Try Before You Buy: Built-In Features Designed for Financial Services Solana's native token capabilities go well beyond basic minting and burning. Features relevant to financial services applications include: Product Demo https://www.youtube.com/watch?v=URAJ2kHHDBg https://preview.redd.it/6c4r9207jgrg1.png?width=442&format=png&auto=webp&s=131a3c8a7111c6b08d537f043ca4c9181f7a83d8 Product Demo: On-Chain Payments → Metadata management: Link tokens to canonical real-world documents such as prospectuses. Allow and block lists: Control token distribution programmatically. Confidential transactions: Keep transaction details fully private while retaining audit control. Freeze & Seize Assets: Enable authorities (e.g. court orders) to freeze or seize token holdings. Transfer memos: Pass structured data between counterparties during a transaction. Issuer fee collection: Token issuers can collect transaction fees on their own products. Automated corporate actions: Interest, dividends, and stock splits built directly into the token. Emergency Pause: Pause all interactions with the token in case of emergency. Token grouping: Create and manage families of securities tokens efficiently. SDP makes nearly all these functions available via API. It also provides APIs to a curated market place of 3rd party services, including infrastructure node services, wallet and custody solutions, on-chain compliance tools, and payment ramps. Over twenty such infrastructure services are available today, just after launch. Finally, SDP simplifies deployment of the application, initially on Solana Devnet. This combination not only minimizes integration effort, it also makes it easy for an FI to try out different features and providers before committing to a solution. In Practice: Launching a Tokenised Fund Structure Consider a fund manager who wants to launch a set of tokens linked to an existing off-chain fund, using an on-chain master-feeder structure. A ""master token"" holds units in the underlying fund and is in turn owned by a set of ""feeder"" tokens, each designed for investors in a particular jurisdiction. Here is how SDP enables this, step by step. Product Demo https://www.youtube.com/watch?v=9R7mRaonVoo https://preview.redd.it/kkvg2srdjgrg1.png?width=440&format=png&auto=webp&s=294c79c22cad422b9cab6c65cbf0311646307a67 https://youtu.be/9R7mRaonVoo?si=aZQoZLYWQruAzUdG Phase 1 — Configure the master token. The manager sets up the mint for the master token, attaching bespoke metadata that includes the fund prospectus and legal documents defining the token's status. A dynamic allow list of eligible token holders, linked to a KYC service in the token's jurisdiction, is also established. The token can be minted in a sandbox ahead of regulatory approval, and its operational, data and control features tested with the underlying fund, potential purchasers, and regulators. Phase 2 — Deploy feeder tokens. Using SDP's group structure, the manager creates feeder tokens that inherit shared metadata and classification schemas from the master. Each feeder maintains its own jurisdiction-specific KYC and allow lists, and can be connected to the custodian services most appropriate for its target investor base. Phase 3 — Add stablecoin payments. In parallel, the manager deploys a stablecoin-based payments service with on/off ramps that allow users with fiat accounts to send subscriptions or receive distributions — and that automatically convert fiat into the mint's wallet and remit to the fund's operating bank account. Future enhancements, added based on client and user feedback, could include automated dividend distributions, daily reconciliations between master and feeder tokens and units held in the fund's transfer agent, and jurisdiction-specific tax payments for each feeder token. While the structure may appear complex, all of the features outlined are available within SDP with minimal coding. By removing application development as a bottleneck, SDP frees innovators to focus on the many other challenges involved in bringing new financial products to market — while making the most of their institutions' established brands and market positions. Large and agile: not something you see very often. The Solana Research Institute is an applied research forum examining the role of blockchain-based infrastructure in mainstream financial services. Learn more at solresearch.institute . submitted by /u/ansi09 [link] [comments]. Source: https://x.com/solanapayments/status/2037214499443224717 Most financial institutions spend 18 months getting from POC to MVP. With SDP, you can test and iterate directly in a sandbox with 20+ partner APIs. @Solana_SRI explains what SDP means for financial institutions who want to build on Solana https://payments.org/solutions/sdp The Solana Research Institute is an independent research organisation to support the Solana ecosystem’s engagement with financial institutions. Follow them @Solana_SRI to keep up with the latest https://preview.redd.it/sn6tvfx1jgrg1.png?width=680&format=png&auto=webp&s=eb3dbb9ce6d5f29954f3bdee6229bae8643866b1 Traditional financial institutions have real advantages: scale, trusted brands, and established customer relationships. But those same strengths can become liabilities when speed matters. Blockchains like Solana are enabling new entrants to build sophisticated financial applications faster than most FIs can move through internal approval cycles. The barriers aren't a lack of understanding — they're structural. Finding a business line sponsor, securing budget, coordinating across organisational silos, and obtaining sign-offs from risk and compliance are overheads that divert focus and sap the energy of innovators who just want to ship great products. The Innovation Bottleneck Inside Financial Institutions The realistic pathway for a bank innovator looks something like this: POCs in the lab in January, a business sponsor recruited by June, a business case written for the September budget cycle, delivery resources allocated the following January, an MVP launched next June — and then back in the queue for enhancements the year after. It may not be realistic to change the fundamental nature of financial institutions. But a tool that dramatically cut development time and offered a safe environment to test new ideas with real users and customers could start to tip the scales back in the innovator's favour. Enter the Solana Developer Platform The Solana Developer Platform (SDP) is an API-based, AI-ready platform that lets financial institutions build and launch products on Solana with minimal coding. Applications that previously took six to nine months to build can now be deployed to a sandboxed devnet in six to nine days — enabling near-real-time feedback from clients, users, and control functions. This completely changes the product innovation game for even the most conservative institution. SDP provides access to Solana's full suite of institutional-grade token features via API, plus a curated marketplace of over twenty third-party services at launch — including node infrastructure, custody solutions, on-chain compliance tools, and payment ramps. It also simplifies deployment, initially on the Solana Devnet, making it easy to try out different features and providers before committing to a solution. Why Solana for Institutional Use? Solana is already a proven venue for institutional business. Upcoming upgrades will take this further — final settlement of transactions will soon be achievable within 150ms, approaching the speeds of many centralised transaction processing systems, on a fully decentralised network. Parallel data processing means high activity in one part of the network has no impact on throughput or fees elsewhere, creating a predictable environment for operators and users alike. Try Before You Buy: Built-In Features Designed for Financial Services Solana's native token capabilities go well beyond basic minting and burning. Features relevant to financial services applications include: Product Demo https://www.youtube.com/watch?v=URAJ2kHHDBg https://preview.redd.it/6c4r9207jgrg1.png?width=442&format=png&auto=webp&s=131a3c8a7111c6b08d537f043ca4c9181f7a83d8 Product Demo: On-Chain Payments → Metadata management: Link tokens to canonical real-world documents such as prospectuses. Allow and block lists: Control token distribution programmatically. Confidential transactions: Keep transaction details fully private while retaining audit control. Freeze & Seize Assets: Enable authorities (e.g. court orders) to freeze or seize token holdings. Transfer memos: Pass structured data between counterparties during a transaction. Issuer fee collection: Token issuers can collect transaction fees on their own products. Automated corporate actions: Interest, dividends, and stock splits built directly into the token. Emergency Pause: Pause all interactions with the token in case of emergency. Token grouping: Create and manage families of securities tokens efficiently. SDP makes nearly all these functions available via API. It also provides APIs to a curated market place of 3rd party services, including infrastructure node services, wallet and custody solutions, on-chain compliance tools, and payment ramps. Over twenty such infrastructure services are available today, just after launch. Finally, SDP simplifies deployment of the application, initially on Solana Devnet. This combination not only minimizes integration effort, it also makes it easy for an FI to try out different features and providers before committing to a solution. In Practice: Launching a Tokenised Fund Structure Consider a fund manager who wants to launch a set of tokens linked to an existing off-chain fund, using an on-chain master-feeder structure. A ""master token"" holds units in the underlying fund and is in turn owned by a set of ""feeder"" tokens, each designed for investors in a particular jurisdiction. Here is how SDP enables this, step by step. Product Demo https://www.youtube.com/watch?v=9R7mRaonVoo https://preview.redd.it/kkvg2srdjgrg1.png?width=440&format=png&auto=webp&s=294c79c22cad422b9cab6c65cbf0311646307a67 https://youtu.be/9R7mRaonVoo?si=aZQoZLYWQruAzUdG Phase 1 — Configure the master token. The manager sets up the mint for the master token, attaching bespoke metadata that includes the fund prospectus and legal documents defining the token's status. A dynamic allow list of eligible token holders, linked to a KYC service in the token's jurisdiction, is also established. The token can be minted in a sandbox ahead of regulatory approval, and its operational, data and control features tested with the underlying fund, potential purchasers, and regulators. Phase 2 — Deploy feeder tokens. Using SDP's group structure, the manager creates feeder tokens that inherit shared metadata and classification schemas from the master. Each feeder maintains its own jurisdiction-specific KYC and allow lists, and can be connected to the custodian services most appropriate for its target investor base. Phase 3 — Add stablecoin payments. In parallel, the manager deploys a stablecoin-based payments service with on/off ramps that allow users with fiat accounts to send subscriptions or receive distributions — and that automatically convert fiat into the mint's wallet and remit to the fund's operating bank account. Future enhancements, added based on client and user feedback, could include automated dividend distributions, daily reconciliations between master and feeder tokens and units held in the fund's transfer agent, and jurisdiction-specific tax payments for each feeder token. While the structure may appear complex, all of the features outlined are available within SDP with minimal coding. By removing application development as a bottleneck, SDP frees innovators to focus on the many other challenges involved in bringing new financial products to market — while making the most of their institutions' established brands and market positions. Large and agile: not something you see very often. The Solana Research Institute is an applied research forum examining the role of blockchain-based infrastructure in mainstream financial services. Learn more at solresearch.institute . submitted by /u/ansi09 [link] [comments]",0.0,neutral,0.0,Signals are mixed or informational (score 0.000).,llama3.2,v1.0.0,2026-03-27T08:12:05Z
reddit,https://www.reddit.com/r/solana/comments/1s4a868/solana_digest_march_23_march_25/,2026-03-26,2026-03-27T08:12:04Z,📢 Solana Digest (March 23 – March 25),submitted by /u/jpoolone [link] [comments],Solana,📢 Solana Digest (March 23 – March 25). submitted by /u/jpoolone [link] [comments]. submitted by /u/jpoolone [link] [comments],0.0,neutral,0.0,Signals are mixed or informational (score 0.000).,llama3.2,v1.0.0,2026-03-27T08:12:05Z
reddit,https://www.reddit.com/r/solana/comments/1s4mfjk/colosseum_introduces_copilot_a_skill_that_turns/,2026-03-26,2026-03-27T08:12:04Z,"Colosseum Introduces Copilot, A Skill That Turns Your Coding Agent Into A Crypto Startup Expert.","Source: https://x.com/colosseum/status/2037296633424310513 1/ Introducing Colosseum Copilot, a skill that turns your coding agent into a crypto startup expert. We kept seeing builders start hackathons with great energy but no way to know if their idea had already been tried. So we built a tool to fix that. http://colosseum.com/copilot https://preview.redd.it/2o23u8ecwgrg1.png?width=680&format=png&auto=webp&s=3fdb73a4b9e2c902059ef2dc1a75f8cbbd870e68 2/ Copilot searches across everything Colosseum has seen: 5,400+ hackathon submissions from Renaissance, Radar, Breakout, and Cypherpunk 65+ curated sources: from deep cypherpunk forums to academic research to proven startup advice 6,300+ live products via @TheGridData 3/ What it does: → Pressure-test a startup idea against everything that’s been built before → Find competitors you didn’t know existed → Map your background to verticals where you have a real edge → Get honest feedback by challenging weak ideas instead of validating them 4/ Install Copilot in 30 seconds: npx skills add ColosseumOrg/colosseum-copilot Generate your token at http://arena.colosseum.org/copilot Docs: https://docs.colosseum.com/copilot/introduction https://preview.redd.it/hivufbbhwgrg1.png?width=680&format=png&auto=webp&s=fe3c696155eb91a208e50bfe1a2dd0d715c8f245 5/ @Solana 's Frontier Hackathon starts April 6. Use the Colosseum Copilot to deepen your understanding of the landscape before you build. https://colosseum.com/frontier https://preview.redd.it/wqtp9njjwgrg1.png?width=680&format=png&auto=webp&s=f49554c3d55ccf12042668a2f03a778fbe24a16a submitted by /u/ansi09 [link] [comments]",Solana,"Colosseum Introduces Copilot, A Skill That Turns Your Coding Agent Into A Crypto Startup Expert.. Source: https://x.com/colosseum/status/2037296633424310513 1/ Introducing Colosseum Copilot, a skill that turns your coding agent into a crypto startup expert. We kept seeing builders start hackathons with great energy but no way to know if their idea had already been tried. So we built a tool to fix that. http://colosseum.com/copilot https://preview.redd.it/2o23u8ecwgrg1.png?width=680&format=png&auto=webp&s=3fdb73a4b9e2c902059ef2dc1a75f8cbbd870e68 2/ Copilot searches across everything Colosseum has seen: 5,400+ hackathon submissions from Renaissance, Radar, Breakout, and Cypherpunk 65+ curated sources: from deep cypherpunk forums to academic research to proven startup advice 6,300+ live products via @TheGridData 3/ What it does: → Pressure-test a startup idea against everything that’s been built before → Find competitors you didn’t know existed → Map your background to verticals where you have a real edge → Get honest feedback by challenging weak ideas instead of validating them 4/ Install Copilot in 30 seconds: npx skills add ColosseumOrg/colosseum-copilot Generate your token at http://arena.colosseum.org/copilot Docs: https://docs.colosseum.com/copilot/introduction https://preview.redd.it/hivufbbhwgrg1.png?width=680&format=png&auto=webp&s=fe3c696155eb91a208e50bfe1a2dd0d715c8f245 5/ @Solana 's Frontier Hackathon starts April 6. Use the Colosseum Copilot to deepen your understanding of the landscape before you build. https://colosseum.com/frontier https://preview.redd.it/wqtp9njjwgrg1.png?width=680&format=png&auto=webp&s=f49554c3d55ccf12042668a2f03a778fbe24a16a submitted by /u/ansi09 [link] [comments]. Source: https://x.com/colosseum/status/2037296633424310513 1/ Introducing Colosseum Copilot, a skill that turns your coding agent into a crypto startup expert. We kept seeing builders start hackathons with great energy but no way to know if their idea had already been tried. So we built a tool to fix that. http://colosseum.com/copilot https://preview.redd.it/2o23u8ecwgrg1.png?width=680&format=png&auto=webp&s=3fdb73a4b9e2c902059ef2dc1a75f8cbbd870e68 2/ Copilot searches across everything Colosseum has seen: 5,400+ hackathon submissions from Renaissance, Radar, Breakout, and Cypherpunk 65+ curated sources: from deep cypherpunk forums to academic research to proven startup advice 6,300+ live products via @TheGridData 3/ What it does: → Pressure-test a startup idea against everything that’s been built before → Find competitors you didn’t know existed → Map your background to verticals where you have a real edge → Get honest feedback by challenging weak ideas instead of validating them 4/ Install Copilot in 30 seconds: npx skills add ColosseumOrg/colosseum-copilot Generate your token at http://arena.colosseum.org/copilot Docs: https://docs.colosseum.com/copilot/introduction https://preview.redd.it/hivufbbhwgrg1.png?width=680&format=png&auto=webp&s=fe3c696155eb91a208e50bfe1a2dd0d715c8f245 5/ @Solana 's Frontier Hackathon starts April 6. Use the Colosseum Copilot to deepen your understanding of the landscape before you build. https://colosseum.com/frontier https://preview.redd.it/wqtp9njjwgrg1.png?width=680&format=png&auto=webp&s=f49554c3d55ccf12042668a2f03a778fbe24a16a submitted by /u/ansi09 [link] [comments]",0.0,neutral,0.0,Signals are mixed or informational (score 0.000).,llama3.2,v1.0.0,2026-03-27T08:12:05Z
reddit,https://www.reddit.com/r/solana/comments/1s40zet/any_good_solana_based_prediction_markets_platforms/,2026-03-25,2026-03-27T08:12:04Z,Any good Solana based Prediction Markets platforms?,"Looking for a good solana based prediction market except kalshi on phantom I have a few concerns that I’m hoping you guys can clear up: How’s the liquidity of the prediction market platforms being built on solana? Comparison to Polymarket: Besides the lower fees and faster finality, what’s the actual killer feature on Solana? Is the UI/UX better? Recommendations: Which platforms are you guys actually using and trusting with your SOL? https://preview.redd.it/jqcp7kuefcrg1.png?width=1024&format=png&auto=webp&s=e3b981fd4e0ac233d9ded381813ad3fa05f7c908 Curious to hear from anyone who has made the switch or is currently dual-wielding both submitted by /u/Still_Culture_9169 [link] [comments]",Solana,"Any good Solana based Prediction Markets platforms?. Looking for a good solana based prediction market except kalshi on phantom I have a few concerns that I’m hoping you guys can clear up: How’s the liquidity of the prediction market platforms being built on solana? Comparison to Polymarket: Besides the lower fees and faster finality, what’s the actual killer feature on Solana? Is the UI/UX better? Recommendations: Which platforms are you guys actually using and trusting with your SOL? https://preview.redd.it/jqcp7kuefcrg1.png?width=1024&format=png&auto=webp&s=e3b981fd4e0ac233d9ded381813ad3fa05f7c908 Curious to hear from anyone who has made the switch or is currently dual-wielding both submitted by /u/Still_Culture_9169 [link] [comments]. Looking for a good solana based prediction market except kalshi on phantom I have a few concerns that I’m hoping you guys can clear up: How’s the liquidity of the prediction market platforms being built on solana? Comparison to Polymarket: Besides the lower fees and faster finality, what’s the actual killer feature on Solana? Is the UI/UX better? Recommendations: Which platforms are you guys actually using and trusting with your SOL? https://preview.redd.it/jqcp7kuefcrg1.png?width=1024&format=png&auto=webp&s=e3b981fd4e0ac233d9ded381813ad3fa05f7c908 Curious to hear from anyone who has made the switch or is currently dual-wielding both submitted by /u/Still_Culture_9169 [link] [comments]",0.0,neutral,0.0,Signals are mixed or informational (score 0.000).,llama3.2,v1.0.0,2026-03-27T08:12:05Z
reddit,https://www.reddit.com/r/solana/comments/1s3tgr3/anyone_else_having_issues_with_tradewiz/,2026-03-25,2026-03-27T08:12:04Z,Anyone else having issues with Tradewiz?,I just started trying tradewiz to copy trade some SOL memecoins and I keep running into failed transactions. I’ve set slippage pretty high and lowered trade sizes but it still seems like trades can’t keep up with the wallets I’m copying. It’s frustrating because I can see the moves happening on chain but my trades never land in time or get rejected. I’m guessing speed is the main issue here. Has anyone found a reliable alternative or a faster copy trading bot that actually keeps up with active wallets on Solana? submitted by /u/Ok-Cash4580 [link] [comments],Solana,Anyone else having issues with Tradewiz?. I just started trying tradewiz to copy trade some SOL memecoins and I keep running into failed transactions. I’ve set slippage pretty high and lowered trade sizes but it still seems like trades can’t keep up with the wallets I’m copying. It’s frustrating because I can see the moves happening on chain but my trades never land in time or get rejected. I’m guessing speed is the main issue here. Has anyone found a reliable alternative or a faster copy trading bot that actually keeps up with active wallets on Solana? submitted by /u/Ok-Cash4580 [link] [comments]. I just started trying tradewiz to copy trade some SOL memecoins and I keep running into failed transactions. I’ve set slippage pretty high and lowered trade sizes but it still seems like trades can’t keep up with the wallets I’m copying. It’s frustrating because I can see the moves happening on chain but my trades never land in time or get rejected. I’m guessing speed is the main issue here. Has anyone found a reliable alternative or a faster copy trading bot that actually keeps up with active wallets on Solana? submitted by /u/Ok-Cash4580 [link] [comments],0.0,neutral,0.0,Signals are mixed or informational (score 0.000).,llama3.2,v1.0.0,2026-03-27T08:12:06Z
reddit,https://www.reddit.com/r/solana/comments/1s3ze6v/whats_the_fastest_way_to_stream_all/,2026-03-25,2026-03-27T08:12:04Z,What's the fastest way to stream all Raydium/Jupiter trades on Solana?,"Building a trading dashboard and need a live feed of every swap happening on Raydium and Jupiter. Using geyser plugins with a validator is overkill for what I need, and parsing raw Solana transactions to extract trade details is a nightmare — every DEX has different instruction formats. Is there an API that gives you a clean stream of parsed DEX trades on Solana with token names, amounts, and USD values? submitted by /u/buddies2705 [link] [comments]",Solana,"What's the fastest way to stream all Raydium/Jupiter trades on Solana?. Building a trading dashboard and need a live feed of every swap happening on Raydium and Jupiter. Using geyser plugins with a validator is overkill for what I need, and parsing raw Solana transactions to extract trade details is a nightmare — every DEX has different instruction formats. Is there an API that gives you a clean stream of parsed DEX trades on Solana with token names, amounts, and USD values? submitted by /u/buddies2705 [link] [comments]. Building a trading dashboard and need a live feed of every swap happening on Raydium and Jupiter. Using geyser plugins with a validator is overkill for what I need, and parsing raw Solana transactions to extract trade details is a nightmare — every DEX has different instruction formats. Is there an API that gives you a clean stream of parsed DEX trades on Solana with token names, amounts, and USD values? submitted by /u/buddies2705 [link] [comments]",0.0,neutral,0.0,Signals are mixed or informational (score 0.000).,llama3.2,v1.0.0,2026-03-27T08:12:06Z
reddit,https://www.reddit.com/r/solana/comments/1s3ybys/solana_validated_podcasts_talking_tokens/,2026-03-25,2026-03-27T08:12:04Z,Solana / Validated PodCasts - Talking Tokens,submitted by /u/ansi09 [link] [comments],Solana,Solana / Validated PodCasts - Talking Tokens. submitted by /u/ansi09 [link] [comments]. submitted by /u/ansi09 [link] [comments],0.0,neutral,0.0,Signals are mixed or informational (score 0.000).,llama3.2,v1.0.0,2026-03-27T08:12:06Z
reddit,https://www.reddit.com/r/solana/comments/1s38lz4/solana_has_a_problem_interoperability_were_fixing/,2026-03-25,2026-03-27T08:12:04Z,Solana has a problem. Interoperability. We're fixing this.,"Hey, I'm Tony, community lead at Nolus. We're building IBC Solray — a protocol that implements IBC's full light client architecture on Solana. But before I get into what we're building, let's talk about the elephant in the room. This isn't just Solana's problem. It's all of web3. Every major ecosystem — Ethereum, Solana, you name it — relies on bridges to talk to each other. And what are most bridges, really? Multisigs. A handful of validators you're told to trust. Wrapped tokens that represent a promise rather than the real thing. They market themselves as ""decentralized infrastructure"" and ""cutting-edge tech,"" but strip away the branding and you usually find yet another multisig sitting in the middle. The entire industry has been papering over this for years. What is IBC? IBC (Inter-Blockchain Communication) is the interoperability standard that connects 120+ Cosmos chains to each other — and it works differently from anything else out there. No multisigs No external validator sets No wrapped tokens Solana verifies the other chain's state, and the other chain verifies Solana's state. Both sides independently confirm what's happening before anything moves. It's the closest thing to a native language that different blockchains can speak to each other — no intermediaries required. What we're building Solray brings this architecture to Solana. IBC between Cosmos and Solana is the starting point, but the design is meant to go further — expanding IBC to EVM ecosystems as well. That means a native, trustless connection between Solana and Ethereum becomes possible down the road. Not a bridge. Not a wrapped asset. A (real this time) light-client-verified connection. Why are we building it? Nolus is an appchain built around asset-backed leverage. We tap into liquidity on other chains — including Solana, where we plan to use Jupiter Ultra to access pretty much every DEX on the network. Rather than deploying the same dApp across multiple chains, we run one appchain with remotely-manageable smart contracts. That model only works if the connection is as native and secure as possible. IBC is the answer. End users probably won't notice the difference. But Nolus will behave like a smart contract on Solana while also complementing it like a native one — generating gas fees and all. We're also bringing something rare to the market: leverage that actually protects users. Fixed interest fees, algorithms that shield against brutal price spikes, and a genuine commitment to asset-backed positions rather than reckless speculation. What this opens up Cosmos chains can use Solana apps remotely, tapping into Solana's liquidity natively — no bridge assumptions Solana apps can use Cosmos apps remotely in the same way Solana-native USDC becomes IBC-native across the entire Cosmos ecosystem USDT, pyUSD, and any Solana-native stablecoin can flow into the full IBC network Solana stops being a destination for Cosmos users and starts being an entry point into the whole IBC network And as IBC expands to EVM — Ethereum, Solana, and Cosmos can all communicate natively Where we're at Solray is in its final development phase. Remaining work is focused on token transfers and application-level logic. It will be fully open source once it's tested enough for anyone to build on. We're building this because we need it ourselves — but we're rolling it out as a public good. If anyone from the Solana Foundation is watching, we'd love to connect. And if you're a builder or project on Solana who finds this interesting, reach out. Happy to talk. submitted by /u/tonyler_ [link] [comments]",Ethereum,"Solana has a problem. Interoperability. We're fixing this.. Hey, I'm Tony, community lead at Nolus. We're building IBC Solray — a protocol that implements IBC's full light client architecture on Solana. But before I get into what we're building, let's talk about the elephant in the room. This isn't just Solana's problem. It's all of web3. Every major ecosystem — Ethereum, Solana, you name it — relies on bridges to talk to each other. And what are most bridges, really? Multisigs. A handful of validators you're told to trust. Wrapped tokens that represent a promise rather than the real thing. They market themselves as ""decentralized infrastructure"" and ""cutting-edge tech,"" but strip away the branding and you usually find yet another multisig sitting in the middle. The entire industry has been papering over this for years. What is IBC? IBC (Inter-Blockchain Communication) is the interoperability standard that connects 120+ Cosmos chains to each other — and it works differently from anything else out there. No multisigs No external validator sets No wrapped tokens Solana verifies the other chain's state, and the other chain verifies Solana's state. Both sides independently confirm what's happening before anything moves. It's the closest thing to a native language that different blockchains can speak to each other — no intermediaries required. What we're building Solray brings this architecture to Solana. IBC between Cosmos and Solana is the starting point, but the design is meant to go further — expanding IBC to EVM ecosystems as well. That means a native, trustless connection between Solana and Ethereum becomes possible down the road. Not a bridge. Not a wrapped asset. A (real this time) light-client-verified connection. Why are we building it? Nolus is an appchain built around asset-backed leverage. We tap into liquidity on other chains — including Solana, where we plan to use Jupiter Ultra to access pretty much every DEX on the network. Rather than deploying the same dApp across multiple chains, we run one appchain with remotely-manageable smart contracts. That model only works if the connection is as native and secure as possible. IBC is the answer. End users probably won't notice the difference. But Nolus will behave like a smart contract on Solana while also complementing it like a native one — generating gas fees and all. We're also bringing something rare to the market: leverage that actually protects users. Fixed interest fees, algorithms that shield against brutal price spikes, and a genuine commitment to asset-backed positions rather than reckless speculation. What this opens up Cosmos chains can use Solana apps remotely, tapping into Solana's liquidity natively — no bridge assumptions Solana apps can use Cosmos apps remotely in the same way Solana-native USDC becomes IBC-native across the entire Cosmos ecosystem USDT, pyUSD, and any Solana-native stablecoin can flow into the full IBC network Solana stops being a destination for Cosmos users and starts being an entry point into the whole IBC network And as IBC expands to EVM — Ethereum, Solana, and Cosmos can all communicate natively Where we're at Solray is in its final development phase. Remaining work is focused on token transfers and application-level logic. It will be fully open source once it's tested enough for anyone to build on. We're building this because we need it ourselves — but we're rolling it out as a public good. If anyone from the Solana Foundation is watching, we'd love to connect. And if you're a builder or project on Solana who finds this interesting, reach out. Happy to talk. submitted by /u/tonyler_ [link] [comments]. Hey, I'm Tony, community lead at Nolus. We're building IBC Solray — a protocol that implements IBC's full light client architecture on Solana. But before I get into what we're building, let's talk about the elephant in the room. This isn't just Solana's problem. It's all of web3. Every major ecosystem — Ethereum, Solana, you name it — relies on bridges to talk to each other. And what are most bridges, really? Multisigs. A handful of validators you're told to trust. Wrapped tokens that represent a promise rather than the real thing. They market themselves as ""decentralized infrastructure"" and ""cutting-edge tech,"" but strip away the branding and you usually find yet another multisig sitting in the middle. The entire industry has been papering over this for years. What is IBC? IBC (Inter-Blockchain Communication) is the interoperability standard that connects 120+ Cosmos chains to each other — and it works differently from anything else out there. No multisigs No external validator sets No wrapped tokens Solana verifies the other chain's state, and the other chain verifies Solana's state. Both sides independently confirm what's happening before anything moves. It's the closest thing to a native language that different blockchains can speak to each other — no intermediaries required. What we're building Solray brings this architecture to Solana. IBC between Cosmos and Solana is the starting point, but the design is meant to go further — expanding IBC to EVM ecosystems as well. That means a native, trustless connection between Solana and Ethereum becomes possible down the road. Not a bridge. Not a wrapped asset. A (real this time) light-client-verified connection. Why are we building it? Nolus is an appchain built around asset-backed leverage. We tap into liquidity on other chains — including Solana, where we plan to use Jupiter Ultra to access pretty much every DEX on the network. Rather than deploying the same dApp across multiple chains, we run one appchain with remotely-manageable smart contracts. That model only works if the connection is as native and secure as possible. IBC is the answer. End users probably won't notice the difference. But Nolus will behave like a smart contract on Solana while also complementing it like a native one — generating gas fees and all. We're also bringing something rare to the market: leverage that actually protects users. Fixed interest fees, algorithms that shield against brutal price spikes, and a genuine commitment to asset-backed positions rather than reckless speculation. What this opens up Cosmos chains can use Solana apps remotely, tapping into Solana's liquidity natively — no bridge assumptions Solana apps can use Cosmos apps remotely in the same way Solana-native USDC becomes IBC-native across the entire Cosmos ecosystem USDT, pyUSD, and any Solana-native stablecoin can flow into the full IBC network Solana stops being a destination for Cosmos users and starts being an entry point into the whole IBC network And as IBC expands to EVM — Ethereum, Solana, and Cosmos can all communicate natively Where we're at Solray is in its final development phase. Remaining work is focused on token transfers and application-level logic. It will be fully open source once it's tested enough for anyone to build on. We're building this because we need it ourselves — but we're rolling it out as a public good. If anyone from the Solana Foundation is watching, we'd love to connect. And if you're a builder or project on Solana who finds this interesting, reach out. Happy to talk. submitted by /u/tonyler_ [link] [comments]",0.0,neutral,0.0,Signals are mixed or informational (score 0.000).,llama3.2,v1.0.0,2026-03-27T08:12:06Z
reddit,https://www.reddit.com/r/solana/comments/1s38lz4/solana_has_a_problem_interoperability_were_fixing/,2026-03-25,2026-03-27T08:12:04Z,Solana has a problem. Interoperability. We're fixing this.,"Hey, I'm Tony, community lead at Nolus. We're building IBC Solray — a protocol that implements IBC's full light client architecture on Solana. But before I get into what we're building, let's talk about the elephant in the room. This isn't just Solana's problem. It's all of web3. Every major ecosystem — Ethereum, Solana, you name it — relies on bridges to talk to each other. And what are most bridges, really? Multisigs. A handful of validators you're told to trust. Wrapped tokens that represent a promise rather than the real thing. They market themselves as ""decentralized infrastructure"" and ""cutting-edge tech,"" but strip away the branding and you usually find yet another multisig sitting in the middle. The entire industry has been papering over this for years. What is IBC? IBC (Inter-Blockchain Communication) is the interoperability standard that connects 120+ Cosmos chains to each other — and it works differently from anything else out there. No multisigs No external validator sets No wrapped tokens Solana verifies the other chain's state, and the other chain verifies Solana's state. Both sides independently confirm what's happening before anything moves. It's the closest thing to a native language that different blockchains can speak to each other — no intermediaries required. What we're building Solray brings this architecture to Solana. IBC between Cosmos and Solana is the starting point, but the design is meant to go further — expanding IBC to EVM ecosystems as well. That means a native, trustless connection between Solana and Ethereum becomes possible down the road. Not a bridge. Not a wrapped asset. A (real this time) light-client-verified connection. Why are we building it? Nolus is an appchain built around asset-backed leverage. We tap into liquidity on other chains — including Solana, where we plan to use Jupiter Ultra to access pretty much every DEX on the network. Rather than deploying the same dApp across multiple chains, we run one appchain with remotely-manageable smart contracts. That model only works if the connection is as native and secure as possible. IBC is the answer. End users probably won't notice the difference. But Nolus will behave like a smart contract on Solana while also complementing it like a native one — generating gas fees and all. We're also bringing something rare to the market: leverage that actually protects users. Fixed interest fees, algorithms that shield against brutal price spikes, and a genuine commitment to asset-backed positions rather than reckless speculation. What this opens up Cosmos chains can use Solana apps remotely, tapping into Solana's liquidity natively — no bridge assumptions Solana apps can use Cosmos apps remotely in the same way Solana-native USDC becomes IBC-native across the entire Cosmos ecosystem USDT, pyUSD, and any Solana-native stablecoin can flow into the full IBC network Solana stops being a destination for Cosmos users and starts being an entry point into the whole IBC network And as IBC expands to EVM — Ethereum, Solana, and Cosmos can all communicate natively Where we're at Solray is in its final development phase. Remaining work is focused on token transfers and application-level logic. It will be fully open source once it's tested enough for anyone to build on. We're building this because we need it ourselves — but we're rolling it out as a public good. If anyone from the Solana Foundation is watching, we'd love to connect. And if you're a builder or project on Solana who finds this interesting, reach out. Happy to talk. submitted by /u/tonyler_ [link] [comments]",TetherUSDt,"Solana has a problem. Interoperability. We're fixing this.. Hey, I'm Tony, community lead at Nolus. We're building IBC Solray — a protocol that implements IBC's full light client architecture on Solana. But before I get into what we're building, let's talk about the elephant in the room. This isn't just Solana's problem. It's all of web3. Every major ecosystem — Ethereum, Solana, you name it — relies on bridges to talk to each other. And what are most bridges, really? Multisigs. A handful of validators you're told to trust. Wrapped tokens that represent a promise rather than the real thing. They market themselves as ""decentralized infrastructure"" and ""cutting-edge tech,"" but strip away the branding and you usually find yet another multisig sitting in the middle. The entire industry has been papering over this for years. What is IBC? IBC (Inter-Blockchain Communication) is the interoperability standard that connects 120+ Cosmos chains to each other — and it works differently from anything else out there. No multisigs No external validator sets No wrapped tokens Solana verifies the other chain's state, and the other chain verifies Solana's state. Both sides independently confirm what's happening before anything moves. It's the closest thing to a native language that different blockchains can speak to each other — no intermediaries required. What we're building Solray brings this architecture to Solana. IBC between Cosmos and Solana is the starting point, but the design is meant to go further — expanding IBC to EVM ecosystems as well. That means a native, trustless connection between Solana and Ethereum becomes possible down the road. Not a bridge. Not a wrapped asset. A (real this time) light-client-verified connection. Why are we building it? Nolus is an appchain built around asset-backed leverage. We tap into liquidity on other chains — including Solana, where we plan to use Jupiter Ultra to access pretty much every DEX on the network. Rather than deploying the same dApp across multiple chains, we run one appchain with remotely-manageable smart contracts. That model only works if the connection is as native and secure as possible. IBC is the answer. End users probably won't notice the difference. But Nolus will behave like a smart contract on Solana while also complementing it like a native one — generating gas fees and all. We're also bringing something rare to the market: leverage that actually protects users. Fixed interest fees, algorithms that shield against brutal price spikes, and a genuine commitment to asset-backed positions rather than reckless speculation. What this opens up Cosmos chains can use Solana apps remotely, tapping into Solana's liquidity natively — no bridge assumptions Solana apps can use Cosmos apps remotely in the same way Solana-native USDC becomes IBC-native across the entire Cosmos ecosystem USDT, pyUSD, and any Solana-native stablecoin can flow into the full IBC network Solana stops being a destination for Cosmos users and starts being an entry point into the whole IBC network And as IBC expands to EVM — Ethereum, Solana, and Cosmos can all communicate natively Where we're at Solray is in its final development phase. Remaining work is focused on token transfers and application-level logic. It will be fully open source once it's tested enough for anyone to build on. We're building this because we need it ourselves — but we're rolling it out as a public good. If anyone from the Solana Foundation is watching, we'd love to connect. And if you're a builder or project on Solana who finds this interesting, reach out. Happy to talk. submitted by /u/tonyler_ [link] [comments]. Hey, I'm Tony, community lead at Nolus. We're building IBC Solray — a protocol that implements IBC's full light client architecture on Solana. But before I get into what we're building, let's talk about the elephant in the room. This isn't just Solana's problem. It's all of web3. Every major ecosystem — Ethereum, Solana, you name it — relies on bridges to talk to each other. And what are most bridges, really? Multisigs. A handful of validators you're told to trust. Wrapped tokens that represent a promise rather than the real thing. They market themselves as ""decentralized infrastructure"" and ""cutting-edge tech,"" but strip away the branding and you usually find yet another multisig sitting in the middle. The entire industry has been papering over this for years. What is IBC? IBC (Inter-Blockchain Communication) is the interoperability standard that connects 120+ Cosmos chains to each other — and it works differently from anything else out there. No multisigs No external validator sets No wrapped tokens Solana verifies the other chain's state, and the other chain verifies Solana's state. Both sides independently confirm what's happening before anything moves. It's the closest thing to a native language that different blockchains can speak to each other — no intermediaries required. What we're building Solray brings this architecture to Solana. IBC between Cosmos and Solana is the starting point, but the design is meant to go further — expanding IBC to EVM ecosystems as well. That means a native, trustless connection between Solana and Ethereum becomes possible down the road. Not a bridge. Not a wrapped asset. A (real this time) light-client-verified connection. Why are we building it? Nolus is an appchain built around asset-backed leverage. We tap into liquidity on other chains — including Solana, where we plan to use Jupiter Ultra to access pretty much every DEX on the network. Rather than deploying the same dApp across multiple chains, we run one appchain with remotely-manageable smart contracts. That model only works if the connection is as native and secure as possible. IBC is the answer. End users probably won't notice the difference. But Nolus will behave like a smart contract on Solana while also complementing it like a native one — generating gas fees and all. We're also bringing something rare to the market: leverage that actually protects users. Fixed interest fees, algorithms that shield against brutal price spikes, and a genuine commitment to asset-backed positions rather than reckless speculation. What this opens up Cosmos chains can use Solana apps remotely, tapping into Solana's liquidity natively — no bridge assumptions Solana apps can use Cosmos apps remotely in the same way Solana-native USDC becomes IBC-native across the entire Cosmos ecosystem USDT, pyUSD, and any Solana-native stablecoin can flow into the full IBC network Solana stops being a destination for Cosmos users and starts being an entry point into the whole IBC network And as IBC expands to EVM — Ethereum, Solana, and Cosmos can all communicate natively Where we're at Solray is in its final development phase. Remaining work is focused on token transfers and application-level logic. It will be fully open source once it's tested enough for anyone to build on. We're building this because we need it ourselves — but we're rolling it out as a public good. If anyone from the Solana Foundation is watching, we'd love to connect. And if you're a builder or project on Solana who finds this interesting, reach out. Happy to talk. submitted by /u/tonyler_ [link] [comments]",0.0,neutral,0.0,Signals are mixed or informational (score 0.000).,llama3.2,v1.0.0,2026-03-27T08:12:06Z
reddit,https://www.reddit.com/r/solana/comments/1s38lz4/solana_has_a_problem_interoperability_were_fixing/,2026-03-25,2026-03-27T08:12:04Z,Solana has a problem. Interoperability. We're fixing this.,"Hey, I'm Tony, community lead at Nolus. We're building IBC Solray — a protocol that implements IBC's full light client architecture on Solana. But before I get into what we're building, let's talk about the elephant in the room. This isn't just Solana's problem. It's all of web3. Every major ecosystem — Ethereum, Solana, you name it — relies on bridges to talk to each other. And what are most bridges, really? Multisigs. A handful of validators you're told to trust. Wrapped tokens that represent a promise rather than the real thing. They market themselves as ""decentralized infrastructure"" and ""cutting-edge tech,"" but strip away the branding and you usually find yet another multisig sitting in the middle. The entire industry has been papering over this for years. What is IBC? IBC (Inter-Blockchain Communication) is the interoperability standard that connects 120+ Cosmos chains to each other — and it works differently from anything else out there. No multisigs No external validator sets No wrapped tokens Solana verifies the other chain's state, and the other chain verifies Solana's state. Both sides independently confirm what's happening before anything moves. It's the closest thing to a native language that different blockchains can speak to each other — no intermediaries required. What we're building Solray brings this architecture to Solana. IBC between Cosmos and Solana is the starting point, but the design is meant to go further — expanding IBC to EVM ecosystems as well. That means a native, trustless connection between Solana and Ethereum becomes possible down the road. Not a bridge. Not a wrapped asset. A (real this time) light-client-verified connection. Why are we building it? Nolus is an appchain built around asset-backed leverage. We tap into liquidity on other chains — including Solana, where we plan to use Jupiter Ultra to access pretty much every DEX on the network. Rather than deploying the same dApp across multiple chains, we run one appchain with remotely-manageable smart contracts. That model only works if the connection is as native and secure as possible. IBC is the answer. End users probably won't notice the difference. But Nolus will behave like a smart contract on Solana while also complementing it like a native one — generating gas fees and all. We're also bringing something rare to the market: leverage that actually protects users. Fixed interest fees, algorithms that shield against brutal price spikes, and a genuine commitment to asset-backed positions rather than reckless speculation. What this opens up Cosmos chains can use Solana apps remotely, tapping into Solana's liquidity natively — no bridge assumptions Solana apps can use Cosmos apps remotely in the same way Solana-native USDC becomes IBC-native across the entire Cosmos ecosystem USDT, pyUSD, and any Solana-native stablecoin can flow into the full IBC network Solana stops being a destination for Cosmos users and starts being an entry point into the whole IBC network And as IBC expands to EVM — Ethereum, Solana, and Cosmos can all communicate natively Where we're at Solray is in its final development phase. Remaining work is focused on token transfers and application-level logic. It will be fully open source once it's tested enough for anyone to build on. We're building this because we need it ourselves — but we're rolling it out as a public good. If anyone from the Solana Foundation is watching, we'd love to connect. And if you're a builder or project on Solana who finds this interesting, reach out. Happy to talk. submitted by /u/tonyler_ [link] [comments]",Solana,"Solana has a problem. Interoperability. We're fixing this.. Hey, I'm Tony, community lead at Nolus. We're building IBC Solray — a protocol that implements IBC's full light client architecture on Solana. But before I get into what we're building, let's talk about the elephant in the room. This isn't just Solana's problem. It's all of web3. Every major ecosystem — Ethereum, Solana, you name it — relies on bridges to talk to each other. And what are most bridges, really? Multisigs. A handful of validators you're told to trust. Wrapped tokens that represent a promise rather than the real thing. They market themselves as ""decentralized infrastructure"" and ""cutting-edge tech,"" but strip away the branding and you usually find yet another multisig sitting in the middle. The entire industry has been papering over this for years. What is IBC? IBC (Inter-Blockchain Communication) is the interoperability standard that connects 120+ Cosmos chains to each other — and it works differently from anything else out there. No multisigs No external validator sets No wrapped tokens Solana verifies the other chain's state, and the other chain verifies Solana's state. Both sides independently confirm what's happening before anything moves. It's the closest thing to a native language that different blockchains can speak to each other — no intermediaries required. What we're building Solray brings this architecture to Solana. IBC between Cosmos and Solana is the starting point, but the design is meant to go further — expanding IBC to EVM ecosystems as well. That means a native, trustless connection between Solana and Ethereum becomes possible down the road. Not a bridge. Not a wrapped asset. A (real this time) light-client-verified connection. Why are we building it? Nolus is an appchain built around asset-backed leverage. We tap into liquidity on other chains — including Solana, where we plan to use Jupiter Ultra to access pretty much every DEX on the network. Rather than deploying the same dApp across multiple chains, we run one appchain with remotely-manageable smart contracts. That model only works if the connection is as native and secure as possible. IBC is the answer. End users probably won't notice the difference. But Nolus will behave like a smart contract on Solana while also complementing it like a native one — generating gas fees and all. We're also bringing something rare to the market: leverage that actually protects users. Fixed interest fees, algorithms that shield against brutal price spikes, and a genuine commitment to asset-backed positions rather than reckless speculation. What this opens up Cosmos chains can use Solana apps remotely, tapping into Solana's liquidity natively — no bridge assumptions Solana apps can use Cosmos apps remotely in the same way Solana-native USDC becomes IBC-native across the entire Cosmos ecosystem USDT, pyUSD, and any Solana-native stablecoin can flow into the full IBC network Solana stops being a destination for Cosmos users and starts being an entry point into the whole IBC network And as IBC expands to EVM — Ethereum, Solana, and Cosmos can all communicate natively Where we're at Solray is in its final development phase. Remaining work is focused on token transfers and application-level logic. It will be fully open source once it's tested enough for anyone to build on. We're building this because we need it ourselves — but we're rolling it out as a public good. If anyone from the Solana Foundation is watching, we'd love to connect. And if you're a builder or project on Solana who finds this interesting, reach out. Happy to talk. submitted by /u/tonyler_ [link] [comments]. Hey, I'm Tony, community lead at Nolus. We're building IBC Solray — a protocol that implements IBC's full light client architecture on Solana. But before I get into what we're building, let's talk about the elephant in the room. This isn't just Solana's problem. It's all of web3. Every major ecosystem — Ethereum, Solana, you name it — relies on bridges to talk to each other. And what are most bridges, really? Multisigs. A handful of validators you're told to trust. Wrapped tokens that represent a promise rather than the real thing. They market themselves as ""decentralized infrastructure"" and ""cutting-edge tech,"" but strip away the branding and you usually find yet another multisig sitting in the middle. The entire industry has been papering over this for years. What is IBC? IBC (Inter-Blockchain Communication) is the interoperability standard that connects 120+ Cosmos chains to each other — and it works differently from anything else out there. No multisigs No external validator sets No wrapped tokens Solana verifies the other chain's state, and the other chain verifies Solana's state. Both sides independently confirm what's happening before anything moves. It's the closest thing to a native language that different blockchains can speak to each other — no intermediaries required. What we're building Solray brings this architecture to Solana. IBC between Cosmos and Solana is the starting point, but the design is meant to go further — expanding IBC to EVM ecosystems as well. That means a native, trustless connection between Solana and Ethereum becomes possible down the road. Not a bridge. Not a wrapped asset. A (real this time) light-client-verified connection. Why are we building it? Nolus is an appchain built around asset-backed leverage. We tap into liquidity on other chains — including Solana, where we plan to use Jupiter Ultra to access pretty much every DEX on the network. Rather than deploying the same dApp across multiple chains, we run one appchain with remotely-manageable smart contracts. That model only works if the connection is as native and secure as possible. IBC is the answer. End users probably won't notice the difference. But Nolus will behave like a smart contract on Solana while also complementing it like a native one — generating gas fees and all. We're also bringing something rare to the market: leverage that actually protects users. Fixed interest fees, algorithms that shield against brutal price spikes, and a genuine commitment to asset-backed positions rather than reckless speculation. What this opens up Cosmos chains can use Solana apps remotely, tapping into Solana's liquidity natively — no bridge assumptions Solana apps can use Cosmos apps remotely in the same way Solana-native USDC becomes IBC-native across the entire Cosmos ecosystem USDT, pyUSD, and any Solana-native stablecoin can flow into the full IBC network Solana stops being a destination for Cosmos users and starts being an entry point into the whole IBC network And as IBC expands to EVM — Ethereum, Solana, and Cosmos can all communicate natively Where we're at Solray is in its final development phase. Remaining work is focused on token transfers and application-level logic. It will be fully open source once it's tested enough for anyone to build on. We're building this because we need it ourselves — but we're rolling it out as a public good. If anyone from the Solana Foundation is watching, we'd love to connect. And if you're a builder or project on Solana who finds this interesting, reach out. Happy to talk. submitted by /u/tonyler_ [link] [comments]",0.0,neutral,0.0,Signals are mixed or informational (score 0.000).,llama3.2,v1.0.0,2026-03-27T08:12:06Z
reddit,https://www.reddit.com/r/solana/comments/1s38lz4/solana_has_a_problem_interoperability_were_fixing/,2026-03-25,2026-03-27T08:12:04Z,Solana has a problem. Interoperability. We're fixing this.,"Hey, I'm Tony, community lead at Nolus. We're building IBC Solray — a protocol that implements IBC's full light client architecture on Solana. But before I get into what we're building, let's talk about the elephant in the room. This isn't just Solana's problem. It's all of web3. Every major ecosystem — Ethereum, Solana, you name it — relies on bridges to talk to each other. And what are most bridges, really? Multisigs. A handful of validators you're told to trust. Wrapped tokens that represent a promise rather than the real thing. They market themselves as ""decentralized infrastructure"" and ""cutting-edge tech,"" but strip away the branding and you usually find yet another multisig sitting in the middle. The entire industry has been papering over this for years. What is IBC? IBC (Inter-Blockchain Communication) is the interoperability standard that connects 120+ Cosmos chains to each other — and it works differently from anything else out there. No multisigs No external validator sets No wrapped tokens Solana verifies the other chain's state, and the other chain verifies Solana's state. Both sides independently confirm what's happening before anything moves. It's the closest thing to a native language that different blockchains can speak to each other — no intermediaries required. What we're building Solray brings this architecture to Solana. IBC between Cosmos and Solana is the starting point, but the design is meant to go further — expanding IBC to EVM ecosystems as well. That means a native, trustless connection between Solana and Ethereum becomes possible down the road. Not a bridge. Not a wrapped asset. A (real this time) light-client-verified connection. Why are we building it? Nolus is an appchain built around asset-backed leverage. We tap into liquidity on other chains — including Solana, where we plan to use Jupiter Ultra to access pretty much every DEX on the network. Rather than deploying the same dApp across multiple chains, we run one appchain with remotely-manageable smart contracts. That model only works if the connection is as native and secure as possible. IBC is the answer. End users probably won't notice the difference. But Nolus will behave like a smart contract on Solana while also complementing it like a native one — generating gas fees and all. We're also bringing something rare to the market: leverage that actually protects users. Fixed interest fees, algorithms that shield against brutal price spikes, and a genuine commitment to asset-backed positions rather than reckless speculation. What this opens up Cosmos chains can use Solana apps remotely, tapping into Solana's liquidity natively — no bridge assumptions Solana apps can use Cosmos apps remotely in the same way Solana-native USDC becomes IBC-native across the entire Cosmos ecosystem USDT, pyUSD, and any Solana-native stablecoin can flow into the full IBC network Solana stops being a destination for Cosmos users and starts being an entry point into the whole IBC network And as IBC expands to EVM — Ethereum, Solana, and Cosmos can all communicate natively Where we're at Solray is in its final development phase. Remaining work is focused on token transfers and application-level logic. It will be fully open source once it's tested enough for anyone to build on. We're building this because we need it ourselves — but we're rolling it out as a public good. If anyone from the Solana Foundation is watching, we'd love to connect. And if you're a builder or project on Solana who finds this interesting, reach out. Happy to talk. submitted by /u/tonyler_ [link] [comments]",USDC,"Solana has a problem. Interoperability. We're fixing this.. Hey, I'm Tony, community lead at Nolus. We're building IBC Solray — a protocol that implements IBC's full light client architecture on Solana. But before I get into what we're building, let's talk about the elephant in the room. This isn't just Solana's problem. It's all of web3. Every major ecosystem — Ethereum, Solana, you name it — relies on bridges to talk to each other. And what are most bridges, really? Multisigs. A handful of validators you're told to trust. Wrapped tokens that represent a promise rather than the real thing. They market themselves as ""decentralized infrastructure"" and ""cutting-edge tech,"" but strip away the branding and you usually find yet another multisig sitting in the middle. The entire industry has been papering over this for years. What is IBC? IBC (Inter-Blockchain Communication) is the interoperability standard that connects 120+ Cosmos chains to each other — and it works differently from anything else out there. No multisigs No external validator sets No wrapped tokens Solana verifies the other chain's state, and the other chain verifies Solana's state. Both sides independently confirm what's happening before anything moves. It's the closest thing to a native language that different blockchains can speak to each other — no intermediaries required. What we're building Solray brings this architecture to Solana. IBC between Cosmos and Solana is the starting point, but the design is meant to go further — expanding IBC to EVM ecosystems as well. That means a native, trustless connection between Solana and Ethereum becomes possible down the road. Not a bridge. Not a wrapped asset. A (real this time) light-client-verified connection. Why are we building it? Nolus is an appchain built around asset-backed leverage. We tap into liquidity on other chains — including Solana, where we plan to use Jupiter Ultra to access pretty much every DEX on the network. Rather than deploying the same dApp across multiple chains, we run one appchain with remotely-manageable smart contracts. That model only works if the connection is as native and secure as possible. IBC is the answer. End users probably won't notice the difference. But Nolus will behave like a smart contract on Solana while also complementing it like a native one — generating gas fees and all. We're also bringing something rare to the market: leverage that actually protects users. Fixed interest fees, algorithms that shield against brutal price spikes, and a genuine commitment to asset-backed positions rather than reckless speculation. What this opens up Cosmos chains can use Solana apps remotely, tapping into Solana's liquidity natively — no bridge assumptions Solana apps can use Cosmos apps remotely in the same way Solana-native USDC becomes IBC-native across the entire Cosmos ecosystem USDT, pyUSD, and any Solana-native stablecoin can flow into the full IBC network Solana stops being a destination for Cosmos users and starts being an entry point into the whole IBC network And as IBC expands to EVM — Ethereum, Solana, and Cosmos can all communicate natively Where we're at Solray is in its final development phase. Remaining work is focused on token transfers and application-level logic. It will be fully open source once it's tested enough for anyone to build on. We're building this because we need it ourselves — but we're rolling it out as a public good. If anyone from the Solana Foundation is watching, we'd love to connect. And if you're a builder or project on Solana who finds this interesting, reach out. Happy to talk. submitted by /u/tonyler_ [link] [comments]. Hey, I'm Tony, community lead at Nolus. We're building IBC Solray — a protocol that implements IBC's full light client architecture on Solana. But before I get into what we're building, let's talk about the elephant in the room. This isn't just Solana's problem. It's all of web3. Every major ecosystem — Ethereum, Solana, you name it — relies on bridges to talk to each other. And what are most bridges, really? Multisigs. A handful of validators you're told to trust. Wrapped tokens that represent a promise rather than the real thing. They market themselves as ""decentralized infrastructure"" and ""cutting-edge tech,"" but strip away the branding and you usually find yet another multisig sitting in the middle. The entire industry has been papering over this for years. What is IBC? IBC (Inter-Blockchain Communication) is the interoperability standard that connects 120+ Cosmos chains to each other — and it works differently from anything else out there. No multisigs No external validator sets No wrapped tokens Solana verifies the other chain's state, and the other chain verifies Solana's state. Both sides independently confirm what's happening before anything moves. It's the closest thing to a native language that different blockchains can speak to each other — no intermediaries required. What we're building Solray brings this architecture to Solana. IBC between Cosmos and Solana is the starting point, but the design is meant to go further — expanding IBC to EVM ecosystems as well. That means a native, trustless connection between Solana and Ethereum becomes possible down the road. Not a bridge. Not a wrapped asset. A (real this time) light-client-verified connection. Why are we building it? Nolus is an appchain built around asset-backed leverage. We tap into liquidity on other chains — including Solana, where we plan to use Jupiter Ultra to access pretty much every DEX on the network. Rather than deploying the same dApp across multiple chains, we run one appchain with remotely-manageable smart contracts. That model only works if the connection is as native and secure as possible. IBC is the answer. End users probably won't notice the difference. But Nolus will behave like a smart contract on Solana while also complementing it like a native one — generating gas fees and all. We're also bringing something rare to the market: leverage that actually protects users. Fixed interest fees, algorithms that shield against brutal price spikes, and a genuine commitment to asset-backed positions rather than reckless speculation. What this opens up Cosmos chains can use Solana apps remotely, tapping into Solana's liquidity natively — no bridge assumptions Solana apps can use Cosmos apps remotely in the same way Solana-native USDC becomes IBC-native across the entire Cosmos ecosystem USDT, pyUSD, and any Solana-native stablecoin can flow into the full IBC network Solana stops being a destination for Cosmos users and starts being an entry point into the whole IBC network And as IBC expands to EVM — Ethereum, Solana, and Cosmos can all communicate natively Where we're at Solray is in its final development phase. Remaining work is focused on token transfers and application-level logic. It will be fully open source once it's tested enough for anyone to build on. We're building this because we need it ourselves — but we're rolling it out as a public good. If anyone from the Solana Foundation is watching, we'd love to connect. And if you're a builder or project on Solana who finds this interesting, reach out. Happy to talk. submitted by /u/tonyler_ [link] [comments]",0.0,neutral,0.0,Signals are mixed or informational (score 0.000).,llama3.2,v1.0.0,2026-03-27T08:12:06Z
reddit,https://www.reddit.com/r/solana/comments/1s3ma8n/anza_unveils_constellation_solanas_groundbreaking/,2026-03-25,2026-03-27T08:12:04Z,Anza Unveils Constellation: Solana’s Groundbreaking Multi-Proposer Protocol for Unmatched Speed and Fairness.,"Anza today introduced Constellation, a major Solana protocol upgrade featuring multiple concurrent proposers on 50ms cycles. Replacing single-leader block production, it delivers the fastest verifiable economic tick rate of any blockchain while enhancing censorship resistance through deterministic, in-protocol transaction ordering and erasure coding. Validator economics remain unchanged. https://x.com/anza_xyz/status/2036836554233000044 https://constellation.anza.xyz submitted by /u/SolBrothers_ [link] [comments]",Solana,"Anza Unveils Constellation: Solana’s Groundbreaking Multi-Proposer Protocol for Unmatched Speed and Fairness.. Anza today introduced Constellation, a major Solana protocol upgrade featuring multiple concurrent proposers on 50ms cycles. Replacing single-leader block production, it delivers the fastest verifiable economic tick rate of any blockchain while enhancing censorship resistance through deterministic, in-protocol transaction ordering and erasure coding. Validator economics remain unchanged. https://x.com/anza_xyz/status/2036836554233000044 https://constellation.anza.xyz submitted by /u/SolBrothers_ [link] [comments]. Anza today introduced Constellation, a major Solana protocol upgrade featuring multiple concurrent proposers on 50ms cycles. Replacing single-leader block production, it delivers the fastest verifiable economic tick rate of any blockchain while enhancing censorship resistance through deterministic, in-protocol transaction ordering and erasure coding. Validator economics remain unchanged. https://x.com/anza_xyz/status/2036836554233000044 https://constellation.anza.xyz submitted by /u/SolBrothers_ [link] [comments]",0.0,neutral,0.0,Signals are mixed or informational (score 0.000).,llama3.2,v1.0.0,2026-03-27T08:12:06Z
reddit,https://www.reddit.com/r/solana/comments/1s3ppik/blockworks_solana_accounts_for_98_of_all/,2026-03-25,2026-03-27T08:12:04Z,Blockworks - Solana Accounts For ~98% Of All Tokenized Onchain Spot Equity Volume,"Source: https://x.com/tokens/status/2036915645208809625 Solana accounts for ~98% of all tokenized onchain spot equity volume, per Blockworks https://preview.redd.it/w2auv2weq9rg1.png?width=679&format=png&auto=webp&s=49c656b90b7d7d9a13fdfaed40434e6bca262df5 submitted by /u/ansi09 [link] [comments]",Solana,"Blockworks - Solana Accounts For ~98% Of All Tokenized Onchain Spot Equity Volume. Source: https://x.com/tokens/status/2036915645208809625 Solana accounts for ~98% of all tokenized onchain spot equity volume, per Blockworks https://preview.redd.it/w2auv2weq9rg1.png?width=679&format=png&auto=webp&s=49c656b90b7d7d9a13fdfaed40434e6bca262df5 submitted by /u/ansi09 [link] [comments]. Source: https://x.com/tokens/status/2036915645208809625 Solana accounts for ~98% of all tokenized onchain spot equity volume, per Blockworks https://preview.redd.it/w2auv2weq9rg1.png?width=679&format=png&auto=webp&s=49c656b90b7d7d9a13fdfaed40434e6bca262df5 submitted by /u/ansi09 [link] [comments]",0.0,neutral,0.0,Signals are mixed or informational (score 0.000).,llama3.2,v1.0.0,2026-03-27T08:12:06Z
reddit,https://www.reddit.com/r/solana/comments/1s3o15t/solana_events_solana_accelerate_usa_tuesday_may_5/,2026-03-25,2026-03-27T08:12:04Z,"Solana Events - Solana Accelerate USA | Tuesday, May 5, 9:00 AM - 8:00 PM EDT - Miami Beach Convention Center, Miami Beach, Florida","Source: https://x.com/SolanaEvents/status/2036805398926176533 Speaker Announcement Let's huddle up in Miami and welcome @pudgypenguins CEO @LucaNetz as he takes the stage for Solana Accelerate USA https://preview.redd.it/7aobx05te9rg1.png?width=680&format=png&auto=webp&s=8b48a076660b12ed9b55a74b73d6024cbf556158 Accelerate USA takes place alongside @consensus2026 on May 5th. Reserve your spot today: https://luma.com/accelerate-miami About Event ​Solana Accelerate | Miami, United States Finance 2.0 Comes Home ​Solana Accelerate returns to America. Join us as we land in Miami to turn up the heat on financial innovation. ​Miami is no longer just a leisure destination - it's America 2.0: a convergence point for the future of capital and culture. Its dynamic rise makes it the perfect place to showcase Solana’s role in powering the proliferation of Internet Capital Markets. ​Solana’s unmatched speed will meet American innovation to set a new global standard for capital formation and deployment. Miami’s rise to meet this moment is driven by two structural advantages: ​ Regulatory and policy openness: State and city leadership are actively courting crypto, capital markets, and founder-led innovation. ​ A unique capital and talent flywheel: International wealth, US institutional capital and global operators converge to create a physical center of gravity. ​While legacy hubs remain bound by institutional inertia, Miami has embraced its role as a modern proving ground for Finance 2.0. ​Alongside Consensus , Solana Accelerate will showcase our best founders, apps, and assets in the hottest market for American innovation. ​​ For Sponsorship opportunities , please complete this form . For Speaker Applications , please complete this form . ​See you in Miami! Location https://preview.redd.it/wlkk0n72f9rg1.png?width=572&format=png&auto=webp&s=ac4f7f7536791d6f484db3f0ddcfedb8e1db5aea submitted by /u/ansi09 [link] [comments]",Solana,"Solana Events - Solana Accelerate USA | Tuesday, May 5, 9:00 AM - 8:00 PM EDT - Miami Beach Convention Center, Miami Beach, Florida. Source: https://x.com/SolanaEvents/status/2036805398926176533 Speaker Announcement Let's huddle up in Miami and welcome @pudgypenguins CEO @LucaNetz as he takes the stage for Solana Accelerate USA https://preview.redd.it/7aobx05te9rg1.png?width=680&format=png&auto=webp&s=8b48a076660b12ed9b55a74b73d6024cbf556158 Accelerate USA takes place alongside @consensus2026 on May 5th. Reserve your spot today: https://luma.com/accelerate-miami About Event ​Solana Accelerate | Miami, United States Finance 2.0 Comes Home ​Solana Accelerate returns to America. Join us as we land in Miami to turn up the heat on financial innovation. ​Miami is no longer just a leisure destination - it's America 2.0: a convergence point for the future of capital and culture. Its dynamic rise makes it the perfect place to showcase Solana’s role in powering the proliferation of Internet Capital Markets. ​Solana’s unmatched speed will meet American innovation to set a new global standard for capital formation and deployment. Miami’s rise to meet this moment is driven by two structural advantages: ​ Regulatory and policy openness: State and city leadership are actively courting crypto, capital markets, and founder-led innovation. ​ A unique capital and talent flywheel: International wealth, US institutional capital and global operators converge to create a physical center of gravity. ​While legacy hubs remain bound by institutional inertia, Miami has embraced its role as a modern proving ground for Finance 2.0. ​Alongside Consensus , Solana Accelerate will showcase our best founders, apps, and assets in the hottest market for American innovation. ​​ For Sponsorship opportunities , please complete this form . For Speaker Applications , please complete this form . ​See you in Miami! Location https://preview.redd.it/wlkk0n72f9rg1.png?width=572&format=png&auto=webp&s=ac4f7f7536791d6f484db3f0ddcfedb8e1db5aea submitted by /u/ansi09 [link] [comments]. Source: https://x.com/SolanaEvents/status/2036805398926176533 Speaker Announcement Let's huddle up in Miami and welcome @pudgypenguins CEO @LucaNetz as he takes the stage for Solana Accelerate USA https://preview.redd.it/7aobx05te9rg1.png?width=680&format=png&auto=webp&s=8b48a076660b12ed9b55a74b73d6024cbf556158 Accelerate USA takes place alongside @consensus2026 on May 5th. Reserve your spot today: https://luma.com/accelerate-miami About Event ​Solana Accelerate | Miami, United States Finance 2.0 Comes Home ​Solana Accelerate returns to America. Join us as we land in Miami to turn up the heat on financial innovation. ​Miami is no longer just a leisure destination - it's America 2.0: a convergence point for the future of capital and culture. Its dynamic rise makes it the perfect place to showcase Solana’s role in powering the proliferation of Internet Capital Markets. ​Solana’s unmatched speed will meet American innovation to set a new global standard for capital formation and deployment. Miami’s rise to meet this moment is driven by two structural advantages: ​ Regulatory and policy openness: State and city leadership are actively courting crypto, capital markets, and founder-led innovation. ​ A unique capital and talent flywheel: International wealth, US institutional capital and global operators converge to create a physical center of gravity. ​While legacy hubs remain bound by institutional inertia, Miami has embraced its role as a modern proving ground for Finance 2.0. ​Alongside Consensus , Solana Accelerate will showcase our best founders, apps, and assets in the hottest market for American innovation. ​​ For Sponsorship opportunities , please complete this form . For Speaker Applications , please complete this form . ​See you in Miami! Location https://preview.redd.it/wlkk0n72f9rg1.png?width=572&format=png&auto=webp&s=ac4f7f7536791d6f484db3f0ddcfedb8e1db5aea submitted by /u/ansi09 [link] [comments]",0.0,neutral,0.0,Signals are mixed or informational (score 0.000).,llama3.2,v1.0.0,2026-03-27T08:12:06Z
reddit,https://www.reddit.com/r/solana/comments/1s3pcce/the_solana_foundation_delegation_program_helps/,2026-03-25,2026-03-27T08:12:04Z,The Solana Foundation Delegation Program Helps Active Developers And Contributors Within The Solana Ecosystem Become Network Validators,"Source: https://x.com/SolanaFndn/status/2036830345144758683 The goal of the Solana Foundation Delegation Program (SFDP) is to deliver the best possible experience for users and validators alike. As block building and scheduler competition continue to evolve on the network, we are introducing updated criteria to stay aligned with network health and performance. The goal is to support continued innovation while ensuring validators and users benefit from a well-functioning network. We’ll also be working with @0xGhostLogs to monitor network health and publish results publicly. Full details: http://solana.org/delegation-program Link to the Discord announcement: https://discord.com/channels/428295358100013066/895740485140906054/1486387888722677874 submitted by /u/ansi09 [link] [comments]",Solana,"The Solana Foundation Delegation Program Helps Active Developers And Contributors Within The Solana Ecosystem Become Network Validators. Source: https://x.com/SolanaFndn/status/2036830345144758683 The goal of the Solana Foundation Delegation Program (SFDP) is to deliver the best possible experience for users and validators alike. As block building and scheduler competition continue to evolve on the network, we are introducing updated criteria to stay aligned with network health and performance. The goal is to support continued innovation while ensuring validators and users benefit from a well-functioning network. We’ll also be working with @0xGhostLogs to monitor network health and publish results publicly. Full details: http://solana.org/delegation-program Link to the Discord announcement: https://discord.com/channels/428295358100013066/895740485140906054/1486387888722677874 submitted by /u/ansi09 [link] [comments]. Source: https://x.com/SolanaFndn/status/2036830345144758683 The goal of the Solana Foundation Delegation Program (SFDP) is to deliver the best possible experience for users and validators alike. As block building and scheduler competition continue to evolve on the network, we are introducing updated criteria to stay aligned with network health and performance. The goal is to support continued innovation while ensuring validators and users benefit from a well-functioning network. We’ll also be working with @0xGhostLogs to monitor network health and publish results publicly. Full details: http://solana.org/delegation-program Link to the Discord announcement: https://discord.com/channels/428295358100013066/895740485140906054/1486387888722677874 submitted by /u/ansi09 [link] [comments]",0.0,neutral,0.0,Signals are mixed or informational (score 0.000).,llama3.2,v1.0.0,2026-03-27T08:12:06Z
reddit,https://www.reddit.com/r/solana/comments/1s32zil/if_theres_one_network_you_need_to_be_on_its/,2026-03-24,2026-03-27T08:12:04Z,"If there’s one network you need to be on, it’s Solana — Armani Ferrante, CEO of Backpack Exchange",submitted by /u/CarefulCan7134 [link] [comments],Solana,"If there’s one network you need to be on, it’s Solana — Armani Ferrante, CEO of Backpack Exchange. submitted by /u/CarefulCan7134 [link] [comments]. submitted by /u/CarefulCan7134 [link] [comments]",0.0,neutral,0.0,Signals are mixed or informational (score 0.000).,llama3.2,v1.0.0,2026-03-27T08:12:06Z
reddit,https://www.reddit.com/r/solana/comments/1s3o0s7/say_hello_to_a_new_solana_dex_perpetual_fees_that/,2026-03-25,2026-03-27T08:12:04Z,Say hello to a new Solana DeX. Perpetual fees that match or beat central exchanges. You're welcome.,https://preview.redd.it/1b92vbive9rg1.png?width=1170&format=png&auto=webp&s=f0850907b4a48e7f9bdc57c7f9fb96160b8c5eab Their V2 exchanged just launch and fully supports Solana 😎 submitted by /u/NoNefariousness2186 [link] [comments],Solana,Say hello to a new Solana DeX. Perpetual fees that match or beat central exchanges. You're welcome.. https://preview.redd.it/1b92vbive9rg1.png?width=1170&format=png&auto=webp&s=f0850907b4a48e7f9bdc57c7f9fb96160b8c5eab Their V2 exchanged just launch and fully supports Solana 😎 submitted by /u/NoNefariousness2186 [link] [comments]. https://preview.redd.it/1b92vbive9rg1.png?width=1170&format=png&auto=webp&s=f0850907b4a48e7f9bdc57c7f9fb96160b8c5eab Their V2 exchanged just launch and fully supports Solana 😎 submitted by /u/NoNefariousness2186 [link] [comments],0.0,neutral,0.0,Signals are mixed or informational (score 0.000).,llama3.2,v1.0.0,2026-03-27T08:12:06Z
reddit,https://www.reddit.com/r/solana/comments/1s3njxw/breaking_franklin_templeton_etfs_are_now/,2026-03-25,2026-03-27T08:12:04Z,BREAKING: Franklin Templeton ETFs Are Now Available On Solana Via @OndoFinance Global Markets,"Source: https://x.com/solana/status/2036879099700908082 BREAKING: Franklin Templeton ETFs are now available on Solana via @OndoFinance Global Markets Source: https://x.com/tokens/status/2036878358257295596 JUST IN: Ondo Finance tokenizes five Franklin Templeton ETFs, putting a $1.7 trillion asset manager's funds on-chain for the first time. Franklin Focused Growth ETF Franklin Income Equity Focus ETF Franklin High Yield Corporate ETF Franklin Responsibly Sourced Gold ETF Franklin U.S. Large Cap Multifactor Index ETF This marks the first time these tokenized FT-managed products are onchain. submitted by /u/ansi09 [link] [comments]",Solana,"BREAKING: Franklin Templeton ETFs Are Now Available On Solana Via @OndoFinance Global Markets. Source: https://x.com/solana/status/2036879099700908082 BREAKING: Franklin Templeton ETFs are now available on Solana via @OndoFinance Global Markets Source: https://x.com/tokens/status/2036878358257295596 JUST IN: Ondo Finance tokenizes five Franklin Templeton ETFs, putting a $1.7 trillion asset manager's funds on-chain for the first time. Franklin Focused Growth ETF Franklin Income Equity Focus ETF Franklin High Yield Corporate ETF Franklin Responsibly Sourced Gold ETF Franklin U.S. Large Cap Multifactor Index ETF This marks the first time these tokenized FT-managed products are onchain. submitted by /u/ansi09 [link] [comments]. Source: https://x.com/solana/status/2036879099700908082 BREAKING: Franklin Templeton ETFs are now available on Solana via @OndoFinance Global Markets Source: https://x.com/tokens/status/2036878358257295596 JUST IN: Ondo Finance tokenizes five Franklin Templeton ETFs, putting a $1.7 trillion asset manager's funds on-chain for the first time. Franklin Focused Growth ETF Franklin Income Equity Focus ETF Franklin High Yield Corporate ETF Franklin Responsibly Sourced Gold ETF Franklin U.S. Large Cap Multifactor Index ETF This marks the first time these tokenized FT-managed products are onchain. submitted by /u/ansi09 [link] [comments]",0.0,neutral,0.0,Signals are mixed or informational (score 0.000).,llama3.2,v1.0.0,2026-03-27T08:12:06Z
reddit,https://www.reddit.com/r/SolanaNFT/comments/1s4f0bg/who_can_send_me_solana/,2026-03-26,2026-03-27T08:12:04Z,WHO can send me Solana?,submitted by /u/Venom_Snake_2077 [link] [comments],Solana,WHO can send me Solana?. submitted by /u/Venom_Snake_2077 [link] [comments]. submitted by /u/Venom_Snake_2077 [link] [comments],0.0,neutral,0.0,Signals are mixed or informational (score 0.000).,llama3.2,v1.0.0,2026-03-27T08:12:06Z
reddit,https://www.reddit.com/r/bnbchainofficial/comments/1s472xc/tether_gold_xaut_launches_on_bnb_chain/,2026-03-26,2026-03-27T08:12:04Z,Tether Gold (XAUt) launches on BNB Chain,submitted by /u/LiamBNB [link] [comments],TetherUSDt,Tether Gold (XAUt) launches on BNB Chain. submitted by /u/LiamBNB [link] [comments]. submitted by /u/LiamBNB [link] [comments],0.0,neutral,0.0,Signals are mixed or informational (score 0.000).,llama3.2,v1.0.0,2026-03-27T08:12:06Z
reddit,https://www.reddit.com/r/bnbchainofficial/comments/1s472xc/tether_gold_xaut_launches_on_bnb_chain/,2026-03-26,2026-03-27T08:12:04Z,Tether Gold (XAUt) launches on BNB Chain,submitted by /u/LiamBNB [link] [comments],BNB,Tether Gold (XAUt) launches on BNB Chain. submitted by /u/LiamBNB [link] [comments]. submitted by /u/LiamBNB [link] [comments],0.0,neutral,0.0,Signals are mixed or informational (score 0.000).,llama3.2,v1.0.0,2026-03-27T08:12:06Z
reddit,https://www.reddit.com/r/XRP/comments/1s49vtf/032626_join_xrphoenix_discord/,2026-03-26,2026-03-27T08:12:04Z,03/26/26 [Join XRPhoenix Discord] - discord.com/invite/XRPhoenix,"XRPhoenix Discord >>> Invite Link: discord.com/invite/XRPhoenix Official Discord for the following subs: r/XRP r/Ripple Channels Announcements News and media ​Infographics and visual aids Categories Exchanges & Wallets, FinTech, DeFi & NFTs, Investing, Cryptocurrency Interledger Protocol, RippleX, Polysign XRPL Labs, Xaman (previously Xumm) Special Perks for the XRPhoenix Discord server boosters *We will never send you a DM or a friend request. Beware of scammers. submitted by /u/AutoModerator [link] [comments]",XRP,"03/26/26 [Join XRPhoenix Discord] - discord.com/invite/XRPhoenix. XRPhoenix Discord >>> Invite Link: discord.com/invite/XRPhoenix Official Discord for the following subs: r/XRP r/Ripple Channels Announcements News and media ​Infographics and visual aids Categories Exchanges & Wallets, FinTech, DeFi & NFTs, Investing, Cryptocurrency Interledger Protocol, RippleX, Polysign XRPL Labs, Xaman (previously Xumm) Special Perks for the XRPhoenix Discord server boosters *We will never send you a DM or a friend request. Beware of scammers. submitted by /u/AutoModerator [link] [comments]. XRPhoenix Discord >>> Invite Link: discord.com/invite/XRPhoenix Official Discord for the following subs: r/XRP r/Ripple Channels Announcements News and media ​Infographics and visual aids Categories Exchanges & Wallets, FinTech, DeFi & NFTs, Investing, Cryptocurrency Interledger Protocol, RippleX, Polysign XRPL Labs, Xaman (previously Xumm) Special Perks for the XRPhoenix Discord server boosters *We will never send you a DM or a friend request. Beware of scammers. submitted by /u/AutoModerator [link] [comments]",0.0,neutral,0.0,Signals are mixed or informational (score 0.000).,llama3.2,v1.0.0,2026-03-27T08:12:06Z
reddit,https://www.reddit.com/r/XRP/comments/1s4k6xw/strengthening_xrp_ledger_security_with_ai_for/,2026-03-26,2026-03-27T08:12:04Z,Strengthening XRP Ledger Security with AI For Next Phase of Growth,submitted by /u/Death_ranger6 [link] [comments],XRP,Strengthening XRP Ledger Security with AI For Next Phase of Growth. submitted by /u/Death_ranger6 [link] [comments]. submitted by /u/Death_ranger6 [link] [comments],0.0,neutral,0.0,Signals are mixed or informational (score 0.000).,llama3.2,v1.0.0,2026-03-27T08:12:06Z
reddit,https://www.reddit.com/r/XRP/comments/1s43eef/ripple_effect_in_the_news_lately/,2026-03-26,2026-03-27T08:12:04Z,“Ripple Effect” in the News Lately,"For anyone who likes a little tinfoil hat stuff, I have been noticing various news stories where they mention “Ripple Effect” in the story. I just watched one story where the topic was truckers and fuel costs. Yesterday, there was one regarding long lines at airports. Retrocausality, anyone? submitted by /u/RoddoDoddo [link] [comments]",XRP,"“Ripple Effect” in the News Lately. For anyone who likes a little tinfoil hat stuff, I have been noticing various news stories where they mention “Ripple Effect” in the story. I just watched one story where the topic was truckers and fuel costs. Yesterday, there was one regarding long lines at airports. Retrocausality, anyone? submitted by /u/RoddoDoddo [link] [comments]. For anyone who likes a little tinfoil hat stuff, I have been noticing various news stories where they mention “Ripple Effect” in the story. I just watched one story where the topic was truckers and fuel costs. Yesterday, there was one regarding long lines at airports. Retrocausality, anyone? submitted by /u/RoddoDoddo [link] [comments]",0.0,neutral,0.0,Signals are mixed or informational (score 0.000).,llama3.2,v1.0.0,2026-03-27T08:12:06Z
reddit,https://www.reddit.com/r/XRP/comments/1s3r7xw/discussion_around_institutional_interest_and_xrp/,2026-03-25,2026-03-27T08:12:04Z,Discussion around institutional interest and XRP adoption factors,"There has been recent discussion about potential institutional interest in XRP, including references to reported exposure levels and commentary from market participants. Some mentions involve firms such as Goldman Sachs, as well as views from individuals in the broader financial space. However, details around these claims and their context can vary depending on the source. In general, perspectives on XRP often focus on its potential role in payment and settlement infrastructure, while also considering how adoption may develop over time. Interpretations of institutional involvement differ, particularly regarding how such activity may relate to long-term market structure. At this stage, the topic appears to be part of a broader discussion around adoption, use cases, and market positioning. What factors do you think are most important for XRP’s long-term development? submitted by /u/HodlPackLeader [link] [comments]",XRP,"Discussion around institutional interest and XRP adoption factors. There has been recent discussion about potential institutional interest in XRP, including references to reported exposure levels and commentary from market participants. Some mentions involve firms such as Goldman Sachs, as well as views from individuals in the broader financial space. However, details around these claims and their context can vary depending on the source. In general, perspectives on XRP often focus on its potential role in payment and settlement infrastructure, while also considering how adoption may develop over time. Interpretations of institutional involvement differ, particularly regarding how such activity may relate to long-term market structure. At this stage, the topic appears to be part of a broader discussion around adoption, use cases, and market positioning. What factors do you think are most important for XRP’s long-term development? submitted by /u/HodlPackLeader [link] [comments]. There has been recent discussion about potential institutional interest in XRP, including references to reported exposure levels and commentary from market participants. Some mentions involve firms such as Goldman Sachs, as well as views from individuals in the broader financial space. However, details around these claims and their context can vary depending on the source. In general, perspectives on XRP often focus on its potential role in payment and settlement infrastructure, while also considering how adoption may develop over time. Interpretations of institutional involvement differ, particularly regarding how such activity may relate to long-term market structure. At this stage, the topic appears to be part of a broader discussion around adoption, use cases, and market positioning. What factors do you think are most important for XRP’s long-term development? submitted by /u/HodlPackLeader [link] [comments]",0.0,neutral,0.0,Signals are mixed or informational (score 0.000).,llama3.2,v1.0.0,2026-03-27T08:12:06Z
reddit,https://www.reddit.com/r/XRP/comments/1s36mnx/xrp_trading_within_a_consolidation_phase_after/,2026-03-25,2026-03-27T08:12:04Z,XRP trading within a consolidation phase after recent pullback,"XRP has recently experienced a pullback and is now trading within a relatively defined range. Price activity during this period appears to be moving sideways, with no clear directional trend established in the short term. Some market participants view this type of movement as part of a consolidation phase, while others remain cautious and continue to monitor broader market conditions. In general, how price behaves around support and resistance levels is often used to assess whether a range continues or shifts over time. For now, XRP appears to be moving within this range as participants observe how the structure develops. What are your thoughts on XRP’s current market conditions? submitted by /u/HodlPackLeader [link] [comments]",XRP,"XRP trading within a consolidation phase after recent pullback. XRP has recently experienced a pullback and is now trading within a relatively defined range. Price activity during this period appears to be moving sideways, with no clear directional trend established in the short term. Some market participants view this type of movement as part of a consolidation phase, while others remain cautious and continue to monitor broader market conditions. In general, how price behaves around support and resistance levels is often used to assess whether a range continues or shifts over time. For now, XRP appears to be moving within this range as participants observe how the structure develops. What are your thoughts on XRP’s current market conditions? submitted by /u/HodlPackLeader [link] [comments]. XRP has recently experienced a pullback and is now trading within a relatively defined range. Price activity during this period appears to be moving sideways, with no clear directional trend established in the short term. Some market participants view this type of movement as part of a consolidation phase, while others remain cautious and continue to monitor broader market conditions. In general, how price behaves around support and resistance levels is often used to assess whether a range continues or shifts over time. For now, XRP appears to be moving within this range as participants observe how the structure develops. What are your thoughts on XRP’s current market conditions? submitted by /u/HodlPackLeader [link] [comments]",0.0,neutral,0.0,Signals are mixed or informational (score 0.000).,llama3.2,v1.0.0,2026-03-27T08:12:06Z
reddit,https://www.reddit.com/r/XRP/comments/1s2ynvs/so_whats_going_on_with_xrp/,2026-03-24,2026-03-27T08:12:04Z,so what's going on with xrp,"its been a hot minute since the end run of xrp was discussed, but what happens after the war or even during the ceasefire agreement between Israel and us. even if there is a ceasefire and or complete end. Israel already said they dont want to finish, so could this conflict of interest still harbour xrp growth. and if oil is passed, what does it matter if another oil refinery is blown up and sets off the uncertainty of the market. regardless, it boils down mostly to oil and even now gas prices are suppose to go down which the market cares about. predicting that US will want to discontinue the war for the sake of the market and xrp stabilizes at 2.00 submitted by /u/New_Palpitation_8114 [link] [comments]",XRP,"so what's going on with xrp. its been a hot minute since the end run of xrp was discussed, but what happens after the war or even during the ceasefire agreement between Israel and us. even if there is a ceasefire and or complete end. Israel already said they dont want to finish, so could this conflict of interest still harbour xrp growth. and if oil is passed, what does it matter if another oil refinery is blown up and sets off the uncertainty of the market. regardless, it boils down mostly to oil and even now gas prices are suppose to go down which the market cares about. predicting that US will want to discontinue the war for the sake of the market and xrp stabilizes at 2.00 submitted by /u/New_Palpitation_8114 [link] [comments]. its been a hot minute since the end run of xrp was discussed, but what happens after the war or even during the ceasefire agreement between Israel and us. even if there is a ceasefire and or complete end. Israel already said they dont want to finish, so could this conflict of interest still harbour xrp growth. and if oil is passed, what does it matter if another oil refinery is blown up and sets off the uncertainty of the market. regardless, it boils down mostly to oil and even now gas prices are suppose to go down which the market cares about. predicting that US will want to discontinue the war for the sake of the market and xrp stabilizes at 2.00 submitted by /u/New_Palpitation_8114 [link] [comments]",0.0,neutral,0.0,Signals are mixed or informational (score 0.000).,llama3.2,v1.0.0,2026-03-27T08:12:06Z
reddit,https://www.reddit.com/r/XRP/comments/1s1dg6q/new_to_xrp_best_way_to_store_it/,2026-03-23,2026-03-27T08:12:04Z,"New to XRP, best way to store it?","Was trading for a while, mostly using Binance and keeping stuff there . Now I’ve slowed down and decided to just hold XRP long-term, so starting to rethink storage. Leaving it on exchange doesn’t feel great anymore, but I also don’t want some super complicated setup. Looking at cold wallets, but not sure what actually makes the most sense for XRP. Any recs? submitted by /u/BoringContribution7 [link] [comments]",BNB,"New to XRP, best way to store it?. Was trading for a while, mostly using Binance and keeping stuff there . Now I’ve slowed down and decided to just hold XRP long-term, so starting to rethink storage. Leaving it on exchange doesn’t feel great anymore, but I also don’t want some super complicated setup. Looking at cold wallets, but not sure what actually makes the most sense for XRP. Any recs? submitted by /u/BoringContribution7 [link] [comments]. Was trading for a while, mostly using Binance and keeping stuff there . Now I’ve slowed down and decided to just hold XRP long-term, so starting to rethink storage. Leaving it on exchange doesn’t feel great anymore, but I also don’t want some super complicated setup. Looking at cold wallets, but not sure what actually makes the most sense for XRP. Any recs? submitted by /u/BoringContribution7 [link] [comments]",0.0,neutral,0.0,Signals are mixed or informational (score 0.000).,llama3.2,v1.0.0,2026-03-27T08:12:06Z
reddit,https://www.reddit.com/r/XRP/comments/1s1dg6q/new_to_xrp_best_way_to_store_it/,2026-03-23,2026-03-27T08:12:04Z,"New to XRP, best way to store it?","Was trading for a while, mostly using Binance and keeping stuff there . Now I’ve slowed down and decided to just hold XRP long-term, so starting to rethink storage. Leaving it on exchange doesn’t feel great anymore, but I also don’t want some super complicated setup. Looking at cold wallets, but not sure what actually makes the most sense for XRP. Any recs? submitted by /u/BoringContribution7 [link] [comments]",XRP,"New to XRP, best way to store it?. Was trading for a while, mostly using Binance and keeping stuff there . Now I’ve slowed down and decided to just hold XRP long-term, so starting to rethink storage. Leaving it on exchange doesn’t feel great anymore, but I also don’t want some super complicated setup. Looking at cold wallets, but not sure what actually makes the most sense for XRP. Any recs? submitted by /u/BoringContribution7 [link] [comments]. Was trading for a while, mostly using Binance and keeping stuff there . Now I’ve slowed down and decided to just hold XRP long-term, so starting to rethink storage. Leaving it on exchange doesn’t feel great anymore, but I also don’t want some super complicated setup. Looking at cold wallets, but not sure what actually makes the most sense for XRP. Any recs? submitted by /u/BoringContribution7 [link] [comments]",0.0,neutral,0.0,Signals are mixed or informational (score 0.000).,llama3.2,v1.0.0,2026-03-27T08:12:06Z
reddit,https://www.reddit.com/r/XRP/comments/1s0xj83/xrp_trading_between_14_and_15_as_multiple_factors/,2026-03-22,2026-03-27T08:12:04Z,XRP trading between $1.4 and $1.5 as multiple factors influence the range,"XRP has recently been trading within the $1.4–$1.5 range, with price continuing to move sideways as support holds and resistance limits upward movement. Some market participants focus on technical structure, while others consider broader factors such as interest rate expectations and global economic conditions when evaluating potential market direction. There is also ongoing discussion around exchange balances and liquidity, which some observers monitor when assessing market conditions, although interpretations can vary. For now, the market appears to be consolidating within this range as both technical and macro factors continue to develop. What factors do you think are most important for XRP to move beyond this range? submitted by /u/HodlPackLeader [link] [comments]",XRP,"XRP trading between $1.4 and $1.5 as multiple factors influence the range. XRP has recently been trading within the $1.4–$1.5 range, with price continuing to move sideways as support holds and resistance limits upward movement. Some market participants focus on technical structure, while others consider broader factors such as interest rate expectations and global economic conditions when evaluating potential market direction. There is also ongoing discussion around exchange balances and liquidity, which some observers monitor when assessing market conditions, although interpretations can vary. For now, the market appears to be consolidating within this range as both technical and macro factors continue to develop. What factors do you think are most important for XRP to move beyond this range? submitted by /u/HodlPackLeader [link] [comments]. XRP has recently been trading within the $1.4–$1.5 range, with price continuing to move sideways as support holds and resistance limits upward movement. Some market participants focus on technical structure, while others consider broader factors such as interest rate expectations and global economic conditions when evaluating potential market direction. There is also ongoing discussion around exchange balances and liquidity, which some observers monitor when assessing market conditions, although interpretations can vary. For now, the market appears to be consolidating within this range as both technical and macro factors continue to develop. What factors do you think are most important for XRP to move beyond this range? submitted by /u/HodlPackLeader [link] [comments]",0.0,neutral,0.0,Signals are mixed or informational (score 0.000).,llama3.2,v1.0.0,2026-03-27T08:12:06Z
reddit,https://www.reddit.com/r/XRP/comments/1rz531w/xrp_showing_stable_price_activity_alongside/,2026-03-20,2026-03-27T08:12:04Z,XRP showing stable price activity alongside changes in large holder positions,"Some recent observations suggest that larger holders of XRP may have increased their positions while overall price activity has remained relatively stable. At the same time, price has continued to hold near recent support levels, with no significant change in volatility. Changes in wallet distribution alongside steady price behavior are often monitored by market participants as part of broader market analysis. For now, the market appears to be in a relatively balanced phase as participants watch for clearer direction. What are your thoughts on XRP’s current market activity? submitted by /u/HodlPackLeader [link] [comments]",XRP,"XRP showing stable price activity alongside changes in large holder positions. Some recent observations suggest that larger holders of XRP may have increased their positions while overall price activity has remained relatively stable. At the same time, price has continued to hold near recent support levels, with no significant change in volatility. Changes in wallet distribution alongside steady price behavior are often monitored by market participants as part of broader market analysis. For now, the market appears to be in a relatively balanced phase as participants watch for clearer direction. What are your thoughts on XRP’s current market activity? submitted by /u/HodlPackLeader [link] [comments]. Some recent observations suggest that larger holders of XRP may have increased their positions while overall price activity has remained relatively stable. At the same time, price has continued to hold near recent support levels, with no significant change in volatility. Changes in wallet distribution alongside steady price behavior are often monitored by market participants as part of broader market analysis. For now, the market appears to be in a relatively balanced phase as participants watch for clearer direction. What are your thoughts on XRP’s current market activity? submitted by /u/HodlPackLeader [link] [comments]",0.0,neutral,0.0,Signals are mixed or informational (score 0.000).,llama3.2,v1.0.0,2026-03-27T08:12:06Z
reddit,https://www.reddit.com/r/XRP/comments/1rz23gc/xrpripplehyperliquid/,2026-03-20,2026-03-27T08:12:04Z,"XRP,RIPPLE/HYPERLIQUID","What are the chances of Ripple integrating with hyperliquid? Hyperliquid is growing very quickly and is almost in the same market as ripple. Question is, would Ripple make a move on Hyperliquid?? Perhaps merge the ledger with the dex Which could create a more fluid and perhaps faster Hype protocol?? submitted by /u/mod3g0d [link] [comments]",XRP,"XRP,RIPPLE/HYPERLIQUID. What are the chances of Ripple integrating with hyperliquid? Hyperliquid is growing very quickly and is almost in the same market as ripple. Question is, would Ripple make a move on Hyperliquid?? Perhaps merge the ledger with the dex Which could create a more fluid and perhaps faster Hype protocol?? submitted by /u/mod3g0d [link] [comments]. What are the chances of Ripple integrating with hyperliquid? Hyperliquid is growing very quickly and is almost in the same market as ripple. Question is, would Ripple make a move on Hyperliquid?? Perhaps merge the ledger with the dex Which could create a more fluid and perhaps faster Hype protocol?? submitted by /u/mod3g0d [link] [comments]",0.0,neutral,0.0,Signals are mixed or informational (score 0.000).,llama3.2,v1.0.0,2026-03-27T08:12:06Z
reddit,https://www.reddit.com/r/XRP/comments/1ryqxph/xrp_ledger_ath_hits_77m_wallets_for_first_time_in/,2026-03-20,2026-03-27T08:12:04Z,"XRP Ledger ATH Hits 7.7M Wallets for First Time in 13 Years, Price Up 14%",submitted by /u/andix3 [link] [comments],XRP,"XRP Ledger ATH Hits 7.7M Wallets for First Time in 13 Years, Price Up 14%. submitted by /u/andix3 [link] [comments]. submitted by /u/andix3 [link] [comments]",0.0,neutral,0.0,Signals are mixed or informational (score 0.000).,llama3.2,v1.0.0,2026-03-27T08:12:06Z
reddit,https://www.reddit.com/r/XRP/comments/1ryxde2/summary_of_ripples_2026_digital_asset_survey/,2026-03-20,2026-03-27T08:12:04Z,Summary of Ripple’s 2026 Digital Asset Survey,"This summary outlines the key insights from Ripple’s 2026 survey of over 1,000 global finance leaders across the banking, fintech, and corporate sectors. The report highlights a definitive shift toward digital asset integration as a requirement for remaining competitive in the modern financial landscape. Core Survey Findings 1. Strategic Necessity and Competitiveness There is a strong sense of urgency regarding digital asset adoption. Approximately 72% of finance leaders believe that offering digital asset solutions is no longer optional, but a prerequisite for staying competitive in the industry. 2. The Rise of Stablecoins in Treasury Stablecoins have emerged as the most favored use case among digital assets. 74% of respondents view stablecoins as a means to boost cash-flow efficiency and unlock trapped working capital. The industry is moving beyond using stablecoins solely for payments; they are increasingly viewed as essential tools for conservative treasury management and moving value via blockchain. 3. Sector-Specific Adoption Patterns The report identifies a clear divide in how different organizations approach digital asset technology: Fintechs as Pioneers: Fintech firms are leading the way, with higher rates of crypto wallet offerings and stablecoin usage for operations. Notably, 47% of fintechs prefer building their own in-house solutions. Corporate Dependency on Partners: In contrast, only 14% of corporates intend to build their own tech, with 74% planning to rely on external partners to provide digital asset solutions. 4. Priority on Custody and Tokenization As interest in tokenizing financial assets grows, the infrastructure supporting these assets has become a primary focus: 89% of those evaluating tokenization prioritize digital asset storage and custody. Banks are particularly focused on lifecycle management (82%) and advisory consultancy (85%). Asset Managers place a higher premium on primary distribution (80%). 57% of respondents seeking stablecoin integration want a partner that provides integrated custody and compliance to avoid the risks of holding balances directly. 5. Infrastructure and Partner Selection Criteria When choosing a provider, institutions are looking for ""one-stop-shop"" solutions to reduce complexity—a preference held by 71% of corporates . The most critical factors in selecting a partner include: Security & Compliance: 97% of respondents prioritize ISO and SOC II certifications. Support & Stability: High value is placed on technical support (88%), industry-specific experience (80%), and the financial strength of the provider (79%). Market Concerns: Regulatory clarity (40%) and security (37%) remain the top hurdles for leaders when integrating these technologies. Conclusion The 2026 report underscores that digital assets have reached a point of inevitability. The focus has shifted from ""if"" these assets will be used to ""how"" they will be managed. Financial institutions are now prioritizing secure, compliant, and all-in-one infrastructure partnerships to navigate this transition and secure their future market position. submitted by /u/former-bishop [link] [comments]",XRP,"Summary of Ripple’s 2026 Digital Asset Survey. This summary outlines the key insights from Ripple’s 2026 survey of over 1,000 global finance leaders across the banking, fintech, and corporate sectors. The report highlights a definitive shift toward digital asset integration as a requirement for remaining competitive in the modern financial landscape. Core Survey Findings 1. Strategic Necessity and Competitiveness There is a strong sense of urgency regarding digital asset adoption. Approximately 72% of finance leaders believe that offering digital asset solutions is no longer optional, but a prerequisite for staying competitive in the industry. 2. The Rise of Stablecoins in Treasury Stablecoins have emerged as the most favored use case among digital assets. 74% of respondents view stablecoins as a means to boost cash-flow efficiency and unlock trapped working capital. The industry is moving beyond using stablecoins solely for payments; they are increasingly viewed as essential tools for conservative treasury management and moving value via blockchain. 3. Sector-Specific Adoption Patterns The report identifies a clear divide in how different organizations approach digital asset technology: Fintechs as Pioneers: Fintech firms are leading the way, with higher rates of crypto wallet offerings and stablecoin usage for operations. Notably, 47% of fintechs prefer building their own in-house solutions. Corporate Dependency on Partners: In contrast, only 14% of corporates intend to build their own tech, with 74% planning to rely on external partners to provide digital asset solutions. 4. Priority on Custody and Tokenization As interest in tokenizing financial assets grows, the infrastructure supporting these assets has become a primary focus: 89% of those evaluating tokenization prioritize digital asset storage and custody. Banks are particularly focused on lifecycle management (82%) and advisory consultancy (85%). Asset Managers place a higher premium on primary distribution (80%). 57% of respondents seeking stablecoin integration want a partner that provides integrated custody and compliance to avoid the risks of holding balances directly. 5. Infrastructure and Partner Selection Criteria When choosing a provider, institutions are looking for ""one-stop-shop"" solutions to reduce complexity—a preference held by 71% of corporates . The most critical factors in selecting a partner include: Security & Compliance: 97% of respondents prioritize ISO and SOC II certifications. Support & Stability: High value is placed on technical support (88%), industry-specific experience (80%), and the financial strength of the provider (79%). Market Concerns: Regulatory clarity (40%) and security (37%) remain the top hurdles for leaders when integrating these technologies. Conclusion The 2026 report underscores that digital assets have reached a point of inevitability. The focus has shifted from ""if"" these assets will be used to ""how"" they will be managed. Financial institutions are now prioritizing secure, compliant, and all-in-one infrastructure partnerships to navigate this transition and secure their future market position. submitted by /u/former-bishop [link] [comments]. This summary outlines the key insights from Ripple’s 2026 survey of over 1,000 global finance leaders across the banking, fintech, and corporate sectors. The report highlights a definitive shift toward digital asset integration as a requirement for remaining competitive in the modern financial landscape. Core Survey Findings 1. Strategic Necessity and Competitiveness There is a strong sense of urgency regarding digital asset adoption. Approximately 72% of finance leaders believe that offering digital asset solutions is no longer optional, but a prerequisite for staying competitive in the industry. 2. The Rise of Stablecoins in Treasury Stablecoins have emerged as the most favored use case among digital assets. 74% of respondents view stablecoins as a means to boost cash-flow efficiency and unlock trapped working capital. The industry is moving beyond using stablecoins solely for payments; they are increasingly viewed as essential tools for conservative treasury management and moving value via blockchain. 3. Sector-Specific Adoption Patterns The report identifies a clear divide in how different organizations approach digital asset technology: Fintechs as Pioneers: Fintech firms are leading the way, with higher rates of crypto wallet offerings and stablecoin usage for operations. Notably, 47% of fintechs prefer building their own in-house solutions. Corporate Dependency on Partners: In contrast, only 14% of corporates intend to build their own tech, with 74% planning to rely on external partners to provide digital asset solutions. 4. Priority on Custody and Tokenization As interest in tokenizing financial assets grows, the infrastructure supporting these assets has become a primary focus: 89% of those evaluating tokenization prioritize digital asset storage and custody. Banks are particularly focused on lifecycle management (82%) and advisory consultancy (85%). Asset Managers place a higher premium on primary distribution (80%). 57% of respondents seeking stablecoin integration want a partner that provides integrated custody and compliance to avoid the risks of holding balances directly. 5. Infrastructure and Partner Selection Criteria When choosing a provider, institutions are looking for ""one-stop-shop"" solutions to reduce complexity—a preference held by 71% of corporates . The most critical factors in selecting a partner include: Security & Compliance: 97% of respondents prioritize ISO and SOC II certifications. Support & Stability: High value is placed on technical support (88%), industry-specific experience (80%), and the financial strength of the provider (79%). Market Concerns: Regulatory clarity (40%) and security (37%) remain the top hurdles for leaders when integrating these technologies. Conclusion The 2026 report underscores that digital assets have reached a point of inevitability. The focus has shifted from ""if"" these assets will be used to ""how"" they will be managed. Financial institutions are now prioritizing secure, compliant, and all-in-one infrastructure partnerships to navigate this transition and secure their future market position. submitted by /u/former-bishop [link] [comments]",0.0,neutral,0.0,Signals are mixed or informational (score 0.000).,llama3.2,v1.0.0,2026-03-27T08:12:06Z
reddit,https://www.reddit.com/r/XRPUnite/comments/1s4p5q1/fxrp_is_quickly_becoming_the_goto_standard_for/,2026-03-26,2026-03-27T08:12:04Z,FXRP is quickly becoming the go-to standard for XRP on smart contract chains. 600%+ YoY growth and still just getting started.,submitted by /u/CJV234 [link] [comments],XRP,FXRP is quickly becoming the go-to standard for XRP on smart contract chains. 600%+ YoY growth and still just getting started.. submitted by /u/CJV234 [link] [comments]. submitted by /u/CJV234 [link] [comments],0.0,neutral,0.0,Signals are mixed or informational (score 0.000).,llama3.2,v1.0.0,2026-03-27T08:12:06Z
reddit,https://www.reddit.com/r/XRPUnite/comments/1s4bu5n/what_traders_need_to_watch_in_xrp_during_april/,2026-03-26,2026-03-27T08:12:04Z,"What Traders Need to Watch in XRP During April: Insights from Grok, Claude, and ChatGPT",submitted by /u/According_Time5120 [link] [comments],XRP,"What Traders Need to Watch in XRP During April: Insights from Grok, Claude, and ChatGPT. submitted by /u/According_Time5120 [link] [comments]. submitted by /u/According_Time5120 [link] [comments]",0.0,neutral,0.0,Signals are mixed or informational (score 0.000).,llama3.2,v1.0.0,2026-03-27T08:12:06Z
reddit,https://www.reddit.com/r/XRPUnite/comments/1s4tc1y/i_dont_agree/,2026-03-26,2026-03-27T08:12:04Z,I don’t agree,Just saw a post with someone trying to sell a course. Now the haters will start saying that guy is being paid by ripple and XRP is a scam because of that one post lol submitted by /u/DeeW2017 [link] [comments],XRP,I don’t agree. Just saw a post with someone trying to sell a course. Now the haters will start saying that guy is being paid by ripple and XRP is a scam because of that one post lol submitted by /u/DeeW2017 [link] [comments]. Just saw a post with someone trying to sell a course. Now the haters will start saying that guy is being paid by ripple and XRP is a scam because of that one post lol submitted by /u/DeeW2017 [link] [comments],0.0,neutral,0.0,Signals are mixed or informational (score 0.000).,llama3.2,v1.0.0,2026-03-27T08:12:06Z
reddit,https://www.reddit.com/r/XRPUnite/comments/1s3yg4f/xrpusdt_bullish_td_sequential_setup_9_on_30m/,2026-03-25,2026-03-27T08:12:04Z,XRP/USDT Bullish TD Sequential Setup 9 on 30m after a full day of selling from the $1.44 high,"XRP had a busy 24 hours on the chart. It was ranging between $1.41–$1.42 in the morning, then shot up to $1.44 with a big 30M volume spike before sellers immediately stepped in. The rest of the session was a slow, consistent grind lower all the way to $1.39. That's a clean pump-and-dump pattern on the 30m, and right at the lows a Bullish TD Sequential Setup 9 just fired marking 9 consecutive 30m closes lower. Auto-detected by ChartScout — it scans all crypto pairs 24/7 for patterns like this. Not financial advice. What's your read on XRP right now? submitted by /u/ChartSage [link] [comments]",TetherUSDt,"XRP/USDT Bullish TD Sequential Setup 9 on 30m after a full day of selling from the $1.44 high. XRP had a busy 24 hours on the chart. It was ranging between $1.41–$1.42 in the morning, then shot up to $1.44 with a big 30M volume spike before sellers immediately stepped in. The rest of the session was a slow, consistent grind lower all the way to $1.39. That's a clean pump-and-dump pattern on the 30m, and right at the lows a Bullish TD Sequential Setup 9 just fired marking 9 consecutive 30m closes lower. Auto-detected by ChartScout — it scans all crypto pairs 24/7 for patterns like this. Not financial advice. What's your read on XRP right now? submitted by /u/ChartSage [link] [comments]. XRP had a busy 24 hours on the chart. It was ranging between $1.41–$1.42 in the morning, then shot up to $1.44 with a big 30M volume spike before sellers immediately stepped in. The rest of the session was a slow, consistent grind lower all the way to $1.39. That's a clean pump-and-dump pattern on the 30m, and right at the lows a Bullish TD Sequential Setup 9 just fired marking 9 consecutive 30m closes lower. Auto-detected by ChartScout — it scans all crypto pairs 24/7 for patterns like this. Not financial advice. What's your read on XRP right now? submitted by /u/ChartSage [link] [comments]",0.0,neutral,0.0,Signals are mixed or informational (score 0.000).,llama3.2,v1.0.0,2026-03-27T08:12:06Z
reddit,https://www.reddit.com/r/XRPUnite/comments/1s3yg4f/xrpusdt_bullish_td_sequential_setup_9_on_30m/,2026-03-25,2026-03-27T08:12:04Z,XRP/USDT Bullish TD Sequential Setup 9 on 30m after a full day of selling from the $1.44 high,"XRP had a busy 24 hours on the chart. It was ranging between $1.41–$1.42 in the morning, then shot up to $1.44 with a big 30M volume spike before sellers immediately stepped in. The rest of the session was a slow, consistent grind lower all the way to $1.39. That's a clean pump-and-dump pattern on the 30m, and right at the lows a Bullish TD Sequential Setup 9 just fired marking 9 consecutive 30m closes lower. Auto-detected by ChartScout — it scans all crypto pairs 24/7 for patterns like this. Not financial advice. What's your read on XRP right now? submitted by /u/ChartSage [link] [comments]",XRP,"XRP/USDT Bullish TD Sequential Setup 9 on 30m after a full day of selling from the $1.44 high. XRP had a busy 24 hours on the chart. It was ranging between $1.41–$1.42 in the morning, then shot up to $1.44 with a big 30M volume spike before sellers immediately stepped in. The rest of the session was a slow, consistent grind lower all the way to $1.39. That's a clean pump-and-dump pattern on the 30m, and right at the lows a Bullish TD Sequential Setup 9 just fired marking 9 consecutive 30m closes lower. Auto-detected by ChartScout — it scans all crypto pairs 24/7 for patterns like this. Not financial advice. What's your read on XRP right now? submitted by /u/ChartSage [link] [comments]. XRP had a busy 24 hours on the chart. It was ranging between $1.41–$1.42 in the morning, then shot up to $1.44 with a big 30M volume spike before sellers immediately stepped in. The rest of the session was a slow, consistent grind lower all the way to $1.39. That's a clean pump-and-dump pattern on the 30m, and right at the lows a Bullish TD Sequential Setup 9 just fired marking 9 consecutive 30m closes lower. Auto-detected by ChartScout — it scans all crypto pairs 24/7 for patterns like this. Not financial advice. What's your read on XRP right now? submitted by /u/ChartSage [link] [comments]",0.0,neutral,0.0,Signals are mixed or informational (score 0.000).,llama3.2,v1.0.0,2026-03-27T08:12:06Z
reddit,https://www.reddit.com/r/XRPUnite/comments/1s3jne1/singapores_central_bank_pilots_xrp_ledger_for/,2026-03-25,2026-03-27T08:12:04Z,Singapore’s central bank pilots XRP Ledger for cross-border trade,submitted by /u/bismah_ [link] [comments],XRP,Singapore’s central bank pilots XRP Ledger for cross-border trade. submitted by /u/bismah_ [link] [comments]. submitted by /u/bismah_ [link] [comments],0.0,neutral,0.0,Signals are mixed or informational (score 0.000).,llama3.2,v1.0.0,2026-03-27T08:12:06Z
reddit,https://www.reddit.com/r/XRPUnite/comments/1s3pvvi/ripple_is_not_a_bankyet/,2026-03-25,2026-03-27T08:12:04Z,Ripple is NOT a bank...yet,"PULLED THIS FROM AI. A conditional bank charter for Ripple means it has received preliminary ""in principle"" approval from the Office of the Comptroller of the Currency (OCC) to establish Ripple National Trust Bank (RNTB). This status indicates that while Ripple has a path to becoming a federally regulated bank, it is not yet fully operational. As of early 2026, Ripple is not a full commercial bank; it is a technology company with a ""conditional"" national trust bank charter. What a Conditional Charter Means ""In Principle"" Approval: The OCC has given a green light, but full activation depends on Ripple MEETING PRE OPENING CONDITIONS Pending Requirements: TO FINALIZE THE CHARTER Ripple must pass comprehensive examinations and meet standards for capital adequacy, risk management, and governance. Federal Oversight: Once final, it will move from state-level oversight to consolidated federal supervision by the OCC. Is Ripple a Bank? RIPPLE IS BECOMING a National Trust Bank, which is a specialized type of financial institution, but it differs significantly from a traditional retail bank. Feature Ripple National Trust Bank Traditional Commercial Bank Deposits No; legally restricted from taking public deposits. Yes; offers checking and savings accounts. Lending No; restricted from offering standard loans or mortgages. Yes; provides mortgages, personal, and business loans. Main Focus Asset custody, stablecoin reserve management, and settlement. Retail and wholesale banking services. Insurance No FDIC insurance for deposits. Yes; deposits are typically FDIC-insured. Strategic Purpose of the Charter Direct Fed Access: Ripple is seeking this charter to potentially gain a Federal Reserve Master Account, which would allow it to settle payments directly via FedWire and FedNow without a traditional bank intermediary. Stablecoin Legitimacy: The charter provides a federal framework for its stablecoin, RLUSD, ensuring it meets strict reserve backing and transparency standards. Nationwide Operation: It allows Ripple to operate across state lines under one set of federal rules rather than maintaining separate state licenses. submitted by /u/Neat-Opportunity-487 [link] [comments]",XRP,"Ripple is NOT a bank...yet. PULLED THIS FROM AI. A conditional bank charter for Ripple means it has received preliminary ""in principle"" approval from the Office of the Comptroller of the Currency (OCC) to establish Ripple National Trust Bank (RNTB). This status indicates that while Ripple has a path to becoming a federally regulated bank, it is not yet fully operational. As of early 2026, Ripple is not a full commercial bank; it is a technology company with a ""conditional"" national trust bank charter. What a Conditional Charter Means ""In Principle"" Approval: The OCC has given a green light, but full activation depends on Ripple MEETING PRE OPENING CONDITIONS Pending Requirements: TO FINALIZE THE CHARTER Ripple must pass comprehensive examinations and meet standards for capital adequacy, risk management, and governance. Federal Oversight: Once final, it will move from state-level oversight to consolidated federal supervision by the OCC. Is Ripple a Bank? RIPPLE IS BECOMING a National Trust Bank, which is a specialized type of financial institution, but it differs significantly from a traditional retail bank. Feature Ripple National Trust Bank Traditional Commercial Bank Deposits No; legally restricted from taking public deposits. Yes; offers checking and savings accounts. Lending No; restricted from offering standard loans or mortgages. Yes; provides mortgages, personal, and business loans. Main Focus Asset custody, stablecoin reserve management, and settlement. Retail and wholesale banking services. Insurance No FDIC insurance for deposits. Yes; deposits are typically FDIC-insured. Strategic Purpose of the Charter Direct Fed Access: Ripple is seeking this charter to potentially gain a Federal Reserve Master Account, which would allow it to settle payments directly via FedWire and FedNow without a traditional bank intermediary. Stablecoin Legitimacy: The charter provides a federal framework for its stablecoin, RLUSD, ensuring it meets strict reserve backing and transparency standards. Nationwide Operation: It allows Ripple to operate across state lines under one set of federal rules rather than maintaining separate state licenses. submitted by /u/Neat-Opportunity-487 [link] [comments]. PULLED THIS FROM AI. A conditional bank charter for Ripple means it has received preliminary ""in principle"" approval from the Office of the Comptroller of the Currency (OCC) to establish Ripple National Trust Bank (RNTB). This status indicates that while Ripple has a path to becoming a federally regulated bank, it is not yet fully operational. As of early 2026, Ripple is not a full commercial bank; it is a technology company with a ""conditional"" national trust bank charter. What a Conditional Charter Means ""In Principle"" Approval: The OCC has given a green light, but full activation depends on Ripple MEETING PRE OPENING CONDITIONS Pending Requirements: TO FINALIZE THE CHARTER Ripple must pass comprehensive examinations and meet standards for capital adequacy, risk management, and governance. Federal Oversight: Once final, it will move from state-level oversight to consolidated federal supervision by the OCC. Is Ripple a Bank? RIPPLE IS BECOMING a National Trust Bank, which is a specialized type of financial institution, but it differs significantly from a traditional retail bank. Feature Ripple National Trust Bank Traditional Commercial Bank Deposits No; legally restricted from taking public deposits. Yes; offers checking and savings accounts. Lending No; restricted from offering standard loans or mortgages. Yes; provides mortgages, personal, and business loans. Main Focus Asset custody, stablecoin reserve management, and settlement. Retail and wholesale banking services. Insurance No FDIC insurance for deposits. Yes; deposits are typically FDIC-insured. Strategic Purpose of the Charter Direct Fed Access: Ripple is seeking this charter to potentially gain a Federal Reserve Master Account, which would allow it to settle payments directly via FedWire and FedNow without a traditional bank intermediary. Stablecoin Legitimacy: The charter provides a federal framework for its stablecoin, RLUSD, ensuring it meets strict reserve backing and transparency standards. Nationwide Operation: It allows Ripple to operate across state lines under one set of federal rules rather than maintaining separate state licenses. submitted by /u/Neat-Opportunity-487 [link] [comments]",0.0,neutral,0.0,Signals are mixed or informational (score 0.000).,llama3.2,v1.0.0,2026-03-27T08:12:06Z
reddit,https://www.reddit.com/r/XRPUnite/comments/1s3as3f/everyone_talks_about_the_liquidity_event_almost/,2026-03-25,2026-03-27T08:12:04Z,everyone talks about the “liquidity event”… almost no one talks about this part,"A lot of people here have been holding XRP for years. You sat through the SEC vs. Ripple lawsuit, the delistings, the uncertainty and didnt sell. Now everyone is talking about a potential ""liquidity event"" and ""XRP going to the moon."" But there is one part that not many people talk about: What happens after you want to take some profits? (to buy real estate, traditional stocks, treasury bills etc) Not selling everything, just taking some chips off the table before or after this potential liquidity event. Most people assume it's simple: send to your exchange, sell and withdraw to your bank account. But if you've been around since the early days, it might not be so simple. When you sell a large amount of XRP or any cryptocurrency things can get complicated. This is because the compliance department has to verify your source of wealth and source of funds when the funds arrive to your bank. That’s when compliance steps in and asks: ""Where does this come from?"" ""Can you prove the full history?"" This can lead to your funds being frozen for weeks and months of back and forth with compliance and no guarantee that your funds will land on your account. For this you need to corroborate your holdings (show the bank your source of wealth and source of funds) Here is a basic example: you bought XRP in 2017 from Poloniex for USD 10'000 using funds from your salary from XYZ job. All this needs supporting proof, usually the stories are much more complex. It is always better to do this before you plan on selling because it is a lengthy process, you avoid getting your funds frozen and the banks prefer knowing ahead of time. Usually you purchased and passed through many exchanges (all of which might not be in business). Old accounts where you bought sometimes have limited or no records of your purchases. So you try to piece it together yourself and go to a bank. This is where it often goes wrong: The story makes sense… but isn’t verifiable enough. The bank doesn’t have time to reconstruct it. You get delayed, flagged, or flat out rejected. Here is what I've seen work (before you sell): Instead of presenting a “story” with screenshots and CSV files, you present: - third-party verifiable reports (ideally from a regulated financial intermediary that specializes in crypto compliance) - structured source of wealth / source of funds - formatted the way banks expect And most importantly: be introduced to the right banks accept crypto origin wealth and that have the tools to verify the report. Because the reality is not about whether your XRP is legit. It's about whether it's presented to the right compliance team which can verify and approve your source of wealth and source of funds. Unfortunately, I've seen a lot of people figure this out the hard way after the fact. If you're thinking about partially diversifying (now or after the possible liquidity event), it's something worth anticipating early. submitted by /u/alt-co [link] [comments]",XRP,"everyone talks about the “liquidity event”… almost no one talks about this part. A lot of people here have been holding XRP for years. You sat through the SEC vs. Ripple lawsuit, the delistings, the uncertainty and didnt sell. Now everyone is talking about a potential ""liquidity event"" and ""XRP going to the moon."" But there is one part that not many people talk about: What happens after you want to take some profits? (to buy real estate, traditional stocks, treasury bills etc) Not selling everything, just taking some chips off the table before or after this potential liquidity event. Most people assume it's simple: send to your exchange, sell and withdraw to your bank account. But if you've been around since the early days, it might not be so simple. When you sell a large amount of XRP or any cryptocurrency things can get complicated. This is because the compliance department has to verify your source of wealth and source of funds when the funds arrive to your bank. That’s when compliance steps in and asks: ""Where does this come from?"" ""Can you prove the full history?"" This can lead to your funds being frozen for weeks and months of back and forth with compliance and no guarantee that your funds will land on your account. For this you need to corroborate your holdings (show the bank your source of wealth and source of funds) Here is a basic example: you bought XRP in 2017 from Poloniex for USD 10'000 using funds from your salary from XYZ job. All this needs supporting proof, usually the stories are much more complex. It is always better to do this before you plan on selling because it is a lengthy process, you avoid getting your funds frozen and the banks prefer knowing ahead of time. Usually you purchased and passed through many exchanges (all of which might not be in business). Old accounts where you bought sometimes have limited or no records of your purchases. So you try to piece it together yourself and go to a bank. This is where it often goes wrong: The story makes sense… but isn’t verifiable enough. The bank doesn’t have time to reconstruct it. You get delayed, flagged, or flat out rejected. Here is what I've seen work (before you sell): Instead of presenting a “story” with screenshots and CSV files, you present: - third-party verifiable reports (ideally from a regulated financial intermediary that specializes in crypto compliance) - structured source of wealth / source of funds - formatted the way banks expect And most importantly: be introduced to the right banks accept crypto origin wealth and that have the tools to verify the report. Because the reality is not about whether your XRP is legit. It's about whether it's presented to the right compliance team which can verify and approve your source of wealth and source of funds. Unfortunately, I've seen a lot of people figure this out the hard way after the fact. If you're thinking about partially diversifying (now or after the possible liquidity event), it's something worth anticipating early. submitted by /u/alt-co [link] [comments]. A lot of people here have been holding XRP for years. You sat through the SEC vs. Ripple lawsuit, the delistings, the uncertainty and didnt sell. Now everyone is talking about a potential ""liquidity event"" and ""XRP going to the moon."" But there is one part that not many people talk about: What happens after you want to take some profits? (to buy real estate, traditional stocks, treasury bills etc) Not selling everything, just taking some chips off the table before or after this potential liquidity event. Most people assume it's simple: send to your exchange, sell and withdraw to your bank account. But if you've been around since the early days, it might not be so simple. When you sell a large amount of XRP or any cryptocurrency things can get complicated. This is because the compliance department has to verify your source of wealth and source of funds when the funds arrive to your bank. That’s when compliance steps in and asks: ""Where does this come from?"" ""Can you prove the full history?"" This can lead to your funds being frozen for weeks and months of back and forth with compliance and no guarantee that your funds will land on your account. For this you need to corroborate your holdings (show the bank your source of wealth and source of funds) Here is a basic example: you bought XRP in 2017 from Poloniex for USD 10'000 using funds from your salary from XYZ job. All this needs supporting proof, usually the stories are much more complex. It is always better to do this before you plan on selling because it is a lengthy process, you avoid getting your funds frozen and the banks prefer knowing ahead of time. Usually you purchased and passed through many exchanges (all of which might not be in business). Old accounts where you bought sometimes have limited or no records of your purchases. So you try to piece it together yourself and go to a bank. This is where it often goes wrong: The story makes sense… but isn’t verifiable enough. The bank doesn’t have time to reconstruct it. You get delayed, flagged, or flat out rejected. Here is what I've seen work (before you sell): Instead of presenting a “story” with screenshots and CSV files, you present: - third-party verifiable reports (ideally from a regulated financial intermediary that specializes in crypto compliance) - structured source of wealth / source of funds - formatted the way banks expect And most importantly: be introduced to the right banks accept crypto origin wealth and that have the tools to verify the report. Because the reality is not about whether your XRP is legit. It's about whether it's presented to the right compliance team which can verify and approve your source of wealth and source of funds. Unfortunately, I've seen a lot of people figure this out the hard way after the fact. If you're thinking about partially diversifying (now or after the possible liquidity event), it's something worth anticipating early. submitted by /u/alt-co [link] [comments]",0.0,neutral,0.0,Signals are mixed or informational (score 0.000).,llama3.2,v1.0.0,2026-03-27T08:12:06Z
reddit,https://www.reddit.com/r/XRPUnite/comments/1s3fnut/ripple_cto_explained_why_he_will_never_pay_banks/,2026-03-25,2026-03-27T08:12:04Z,Ripple CTO Explained Why He Will Never Pay Banks to Use XRP,submitted by /u/According_Time5120 [link] [comments],XRP,Ripple CTO Explained Why He Will Never Pay Banks to Use XRP. submitted by /u/According_Time5120 [link] [comments]. submitted by /u/According_Time5120 [link] [comments],0.0,neutral,0.0,Signals are mixed or informational (score 0.000).,llama3.2,v1.0.0,2026-03-27T08:12:06Z
reddit,https://www.reddit.com/r/XRPUnite/comments/1s35s4k/missouri_reserve_bill_lists_xrp_alongside_bitcoin/,2026-03-25,2026-03-27T08:12:04Z,Missouri Reserve Bill Lists XRP Alongside Bitcoin and Ethereum,submitted by /u/LavishlyRitzyy [link] [comments],Bitcoin,Missouri Reserve Bill Lists XRP Alongside Bitcoin and Ethereum. submitted by /u/LavishlyRitzyy [link] [comments]. submitted by /u/LavishlyRitzyy [link] [comments],0.0,neutral,0.0,Signals are mixed or informational (score 0.000).,llama3.2,v1.0.0,2026-03-27T08:12:06Z
reddit,https://www.reddit.com/r/XRPUnite/comments/1s35s4k/missouri_reserve_bill_lists_xrp_alongside_bitcoin/,2026-03-25,2026-03-27T08:12:04Z,Missouri Reserve Bill Lists XRP Alongside Bitcoin and Ethereum,submitted by /u/LavishlyRitzyy [link] [comments],Ethereum,Missouri Reserve Bill Lists XRP Alongside Bitcoin and Ethereum. submitted by /u/LavishlyRitzyy [link] [comments]. submitted by /u/LavishlyRitzyy [link] [comments],0.0,neutral,0.0,Signals are mixed or informational (score 0.000).,llama3.2,v1.0.0,2026-03-27T08:12:06Z
reddit,https://www.reddit.com/r/XRPUnite/comments/1s35s4k/missouri_reserve_bill_lists_xrp_alongside_bitcoin/,2026-03-25,2026-03-27T08:12:04Z,Missouri Reserve Bill Lists XRP Alongside Bitcoin and Ethereum,submitted by /u/LavishlyRitzyy [link] [comments],XRP,Missouri Reserve Bill Lists XRP Alongside Bitcoin and Ethereum. submitted by /u/LavishlyRitzyy [link] [comments]. submitted by /u/LavishlyRitzyy [link] [comments],0.0,neutral,0.0,Signals are mixed or informational (score 0.000).,llama3.2,v1.0.0,2026-03-27T08:12:06Z
reddit,https://www.reddit.com/r/XRPUnite/comments/1s2hkch/keep_it_real/,2026-03-24,2026-03-27T08:12:04Z,KEEP IT REAL,"And clearly, it's not just the billionaires who aren't buying or buying into these price levels... right? Not only is the price failing to react or decouple (BTC and ETH) despite everything the company has pulled off in the last year, but the daily trading volume has absolutely cratered! Let's see if $XRP can at least claw its way back to the $2.40 - $2.50 range by the end of this year (2026). submitted by /u/daniel_frias_photo [link] [comments]",Bitcoin,"KEEP IT REAL. And clearly, it's not just the billionaires who aren't buying or buying into these price levels... right? Not only is the price failing to react or decouple (BTC and ETH) despite everything the company has pulled off in the last year, but the daily trading volume has absolutely cratered! Let's see if $XRP can at least claw its way back to the $2.40 - $2.50 range by the end of this year (2026). submitted by /u/daniel_frias_photo [link] [comments]. And clearly, it's not just the billionaires who aren't buying or buying into these price levels... right? Not only is the price failing to react or decouple (BTC and ETH) despite everything the company has pulled off in the last year, but the daily trading volume has absolutely cratered! Let's see if $XRP can at least claw its way back to the $2.40 - $2.50 range by the end of this year (2026). submitted by /u/daniel_frias_photo [link] [comments]",0.0,neutral,0.0,Signals are mixed or informational (score 0.000).,llama3.2,v1.0.0,2026-03-27T08:12:06Z
reddit,https://www.reddit.com/r/XRPUnite/comments/1s2hkch/keep_it_real/,2026-03-24,2026-03-27T08:12:04Z,KEEP IT REAL,"And clearly, it's not just the billionaires who aren't buying or buying into these price levels... right? Not only is the price failing to react or decouple (BTC and ETH) despite everything the company has pulled off in the last year, but the daily trading volume has absolutely cratered! Let's see if $XRP can at least claw its way back to the $2.40 - $2.50 range by the end of this year (2026). submitted by /u/daniel_frias_photo [link] [comments]",Ethereum,"KEEP IT REAL. And clearly, it's not just the billionaires who aren't buying or buying into these price levels... right? Not only is the price failing to react or decouple (BTC and ETH) despite everything the company has pulled off in the last year, but the daily trading volume has absolutely cratered! Let's see if $XRP can at least claw its way back to the $2.40 - $2.50 range by the end of this year (2026). submitted by /u/daniel_frias_photo [link] [comments]. And clearly, it's not just the billionaires who aren't buying or buying into these price levels... right? Not only is the price failing to react or decouple (BTC and ETH) despite everything the company has pulled off in the last year, but the daily trading volume has absolutely cratered! Let's see if $XRP can at least claw its way back to the $2.40 - $2.50 range by the end of this year (2026). submitted by /u/daniel_frias_photo [link] [comments]",0.0,neutral,0.0,Signals are mixed or informational (score 0.000).,llama3.2,v1.0.0,2026-03-27T08:12:06Z
reddit,https://www.reddit.com/r/XRPUnite/comments/1s2hkch/keep_it_real/,2026-03-24,2026-03-27T08:12:04Z,KEEP IT REAL,"And clearly, it's not just the billionaires who aren't buying or buying into these price levels... right? Not only is the price failing to react or decouple (BTC and ETH) despite everything the company has pulled off in the last year, but the daily trading volume has absolutely cratered! Let's see if $XRP can at least claw its way back to the $2.40 - $2.50 range by the end of this year (2026). submitted by /u/daniel_frias_photo [link] [comments]",XRP,"KEEP IT REAL. And clearly, it's not just the billionaires who aren't buying or buying into these price levels... right? Not only is the price failing to react or decouple (BTC and ETH) despite everything the company has pulled off in the last year, but the daily trading volume has absolutely cratered! Let's see if $XRP can at least claw its way back to the $2.40 - $2.50 range by the end of this year (2026). submitted by /u/daniel_frias_photo [link] [comments]. And clearly, it's not just the billionaires who aren't buying or buying into these price levels... right? Not only is the price failing to react or decouple (BTC and ETH) despite everything the company has pulled off in the last year, but the daily trading volume has absolutely cratered! Let's see if $XRP can at least claw its way back to the $2.40 - $2.50 range by the end of this year (2026). submitted by /u/daniel_frias_photo [link] [comments]",0.0,neutral,0.0,Signals are mixed or informational (score 0.000).,llama3.2,v1.0.0,2026-03-27T08:12:06Z
reddit,https://www.reddit.com/r/XRPUnite/comments/1s2x9p0/evernorth_prespac/,2026-03-24,2026-03-27T08:12:04Z,Evernorth Pre-spac,"Evernorth will launch with at least 473 million tokens, and they have raised 1 billion dollars to purchase more xrp. XRPN is available now at a 325 million dollar market cap. Are shares of Armada going to convert 1 to 1? Bc this seems like a home run unless im missing something? submitted by /u/Responsible_Walk8752 [link] [comments]",XRP,"Evernorth Pre-spac. Evernorth will launch with at least 473 million tokens, and they have raised 1 billion dollars to purchase more xrp. XRPN is available now at a 325 million dollar market cap. Are shares of Armada going to convert 1 to 1? Bc this seems like a home run unless im missing something? submitted by /u/Responsible_Walk8752 [link] [comments]. Evernorth will launch with at least 473 million tokens, and they have raised 1 billion dollars to purchase more xrp. XRPN is available now at a 325 million dollar market cap. Are shares of Armada going to convert 1 to 1? Bc this seems like a home run unless im missing something? submitted by /u/Responsible_Walk8752 [link] [comments]",0.0,neutral,0.0,Signals are mixed or informational (score 0.000).,llama3.2,v1.0.0,2026-03-27T08:12:06Z
reddit,https://www.reddit.com/r/XRPUnite/comments/1s2fzm2/ripple_is_a_business/,2026-03-24,2026-03-27T08:12:04Z,Ripple is a business,"Why do you expect every single decision or move Ripple makes to be about XRP? That’s not how it works. Do you ask Apple why did you do something that doesn’t involve iPhone? Did you ask Microsoft why did you do something that didn’t involve Microsoft office? Do you ask Amazon why did you do something that doesn’t involve Amazon prime? When you own a company, just because you don’t focus all your time and energy into one product doesn’t mean you abandoned that product. Ask any business professional. submitted by /u/DeeW2017 [link] [comments]",XRP,"Ripple is a business. Why do you expect every single decision or move Ripple makes to be about XRP? That’s not how it works. Do you ask Apple why did you do something that doesn’t involve iPhone? Did you ask Microsoft why did you do something that didn’t involve Microsoft office? Do you ask Amazon why did you do something that doesn’t involve Amazon prime? When you own a company, just because you don’t focus all your time and energy into one product doesn’t mean you abandoned that product. Ask any business professional. submitted by /u/DeeW2017 [link] [comments]. Why do you expect every single decision or move Ripple makes to be about XRP? That’s not how it works. Do you ask Apple why did you do something that doesn’t involve iPhone? Did you ask Microsoft why did you do something that didn’t involve Microsoft office? Do you ask Amazon why did you do something that doesn’t involve Amazon prime? When you own a company, just because you don’t focus all your time and energy into one product doesn’t mean you abandoned that product. Ask any business professional. submitted by /u/DeeW2017 [link] [comments]",0.0,neutral,0.0,Signals are mixed or informational (score 0.000).,llama3.2,v1.0.0,2026-03-27T08:12:06Z
reddit,https://www.reddit.com/r/XRPUnite/comments/1s1r0xd/is_this_page_exclusively_for_xrp_haters/,2026-03-23,2026-03-27T08:12:04Z,Is this page exclusively for XRP haters?,If you say anything positive about Ripple or XRP on this sub people try to discredit you even if everything you say is true. If you think XRP is useless that is your personal belief. There is no factual information that supports that opinion. Saying Ripple abandoned XRP is also an opinion Saying Brad Garlinghouse is a liar is also an opinion. The CEO of the most heavily self regulated companies in crypto is a shady character? If that’s what you believe you’re free to believe it. All of these views/beliefs/opinions are just that. They are not facts. If you actually have useful dialogue good or bad it is welcomed. Nobody knows everything so discussion brings knowledge. Random whining and complaining about price does nothing for anyone. submitted by /u/DeeW2017 [link] [comments],XRP,Is this page exclusively for XRP haters?. If you say anything positive about Ripple or XRP on this sub people try to discredit you even if everything you say is true. If you think XRP is useless that is your personal belief. There is no factual information that supports that opinion. Saying Ripple abandoned XRP is also an opinion Saying Brad Garlinghouse is a liar is also an opinion. The CEO of the most heavily self regulated companies in crypto is a shady character? If that’s what you believe you’re free to believe it. All of these views/beliefs/opinions are just that. They are not facts. If you actually have useful dialogue good or bad it is welcomed. Nobody knows everything so discussion brings knowledge. Random whining and complaining about price does nothing for anyone. submitted by /u/DeeW2017 [link] [comments]. If you say anything positive about Ripple or XRP on this sub people try to discredit you even if everything you say is true. If you think XRP is useless that is your personal belief. There is no factual information that supports that opinion. Saying Ripple abandoned XRP is also an opinion Saying Brad Garlinghouse is a liar is also an opinion. The CEO of the most heavily self regulated companies in crypto is a shady character? If that’s what you believe you’re free to believe it. All of these views/beliefs/opinions are just that. They are not facts. If you actually have useful dialogue good or bad it is welcomed. Nobody knows everything so discussion brings knowledge. Random whining and complaining about price does nothing for anyone. submitted by /u/DeeW2017 [link] [comments],0.0,neutral,0.0,Signals are mixed or informational (score 0.000).,llama3.2,v1.0.0,2026-03-27T08:12:06Z
reddit,https://www.reddit.com/r/XRPUnite/comments/1s1yl6x/zbcn_x_xrp_las_vegas/,2026-03-23,2026-03-27T08:12:04Z,ZBCN x XRP Las Vegas,submitted by /u/Background_Cut6622 [link] [comments],XRP,ZBCN x XRP Las Vegas. submitted by /u/Background_Cut6622 [link] [comments]. submitted by /u/Background_Cut6622 [link] [comments],0.0,neutral,0.0,Signals are mixed or informational (score 0.000).,llama3.2,v1.0.0,2026-03-27T08:12:06Z
reddit,https://www.reddit.com/r/XRPUnite/comments/1s1iqmu/ripple_plans_fourth_1b_escrow_release_evernorth/,2026-03-23,2026-03-27T08:12:04Z,"Ripple Plans Fourth 1B Escrow Release, Evernorth Reveals XRP's Speed",submitted by /u/andix3 [link] [comments],XRP,"Ripple Plans Fourth 1B Escrow Release, Evernorth Reveals XRP's Speed. submitted by /u/andix3 [link] [comments]. submitted by /u/andix3 [link] [comments]",0.0,neutral,0.0,Signals are mixed or informational (score 0.000).,llama3.2,v1.0.0,2026-03-27T08:12:06Z
reddit,https://www.reddit.com/r/XRPUnite/comments/1s1g10s/the_big_week_for_xrp_sec_etf_deadline_amid/,2026-03-23,2026-03-27T08:12:04Z,The big week for XRP - SEC ETF Deadline Amid Regulatory Wins!,"Posts are fuming about March 27, 2026, SEC deadline for spot XRP ETF approvals following a pivotal March 17 regulatory victory, where the SEC and CFTC classified XRP as a digital commodity-ending years of securities litigation and aligning it with Bitcoin and Ethereum under commodity oversight. This breakthrough boosts approval odds, builds on $1.44 billion in inflows to existing 2025-launched XRP ETF products signaling robust institutional demand, and removes barriers to U.S. listings and adoption. Despite bullish potential for a surge to $2.00-$4.00, XRP faces downward pressure near $1.44-$1.50 support amid macro headwinds and profit-taking, with markets weighing a sharp rally against a gradual climb. submitted by /u/Neo_Awakens [link] [comments]",Bitcoin,"The big week for XRP - SEC ETF Deadline Amid Regulatory Wins!. Posts are fuming about March 27, 2026, SEC deadline for spot XRP ETF approvals following a pivotal March 17 regulatory victory, where the SEC and CFTC classified XRP as a digital commodity-ending years of securities litigation and aligning it with Bitcoin and Ethereum under commodity oversight. This breakthrough boosts approval odds, builds on $1.44 billion in inflows to existing 2025-launched XRP ETF products signaling robust institutional demand, and removes barriers to U.S. listings and adoption. Despite bullish potential for a surge to $2.00-$4.00, XRP faces downward pressure near $1.44-$1.50 support amid macro headwinds and profit-taking, with markets weighing a sharp rally against a gradual climb. submitted by /u/Neo_Awakens [link] [comments]. Posts are fuming about March 27, 2026, SEC deadline for spot XRP ETF approvals following a pivotal March 17 regulatory victory, where the SEC and CFTC classified XRP as a digital commodity-ending years of securities litigation and aligning it with Bitcoin and Ethereum under commodity oversight. This breakthrough boosts approval odds, builds on $1.44 billion in inflows to existing 2025-launched XRP ETF products signaling robust institutional demand, and removes barriers to U.S. listings and adoption. Despite bullish potential for a surge to $2.00-$4.00, XRP faces downward pressure near $1.44-$1.50 support amid macro headwinds and profit-taking, with markets weighing a sharp rally against a gradual climb. submitted by /u/Neo_Awakens [link] [comments]",0.0,neutral,0.0,Signals are mixed or informational (score 0.000).,llama3.2,v1.0.0,2026-03-27T08:12:06Z
reddit,https://www.reddit.com/r/XRPUnite/comments/1s1g10s/the_big_week_for_xrp_sec_etf_deadline_amid/,2026-03-23,2026-03-27T08:12:04Z,The big week for XRP - SEC ETF Deadline Amid Regulatory Wins!,"Posts are fuming about March 27, 2026, SEC deadline for spot XRP ETF approvals following a pivotal March 17 regulatory victory, where the SEC and CFTC classified XRP as a digital commodity-ending years of securities litigation and aligning it with Bitcoin and Ethereum under commodity oversight. This breakthrough boosts approval odds, builds on $1.44 billion in inflows to existing 2025-launched XRP ETF products signaling robust institutional demand, and removes barriers to U.S. listings and adoption. Despite bullish potential for a surge to $2.00-$4.00, XRP faces downward pressure near $1.44-$1.50 support amid macro headwinds and profit-taking, with markets weighing a sharp rally against a gradual climb. submitted by /u/Neo_Awakens [link] [comments]",Ethereum,"The big week for XRP - SEC ETF Deadline Amid Regulatory Wins!. Posts are fuming about March 27, 2026, SEC deadline for spot XRP ETF approvals following a pivotal March 17 regulatory victory, where the SEC and CFTC classified XRP as a digital commodity-ending years of securities litigation and aligning it with Bitcoin and Ethereum under commodity oversight. This breakthrough boosts approval odds, builds on $1.44 billion in inflows to existing 2025-launched XRP ETF products signaling robust institutional demand, and removes barriers to U.S. listings and adoption. Despite bullish potential for a surge to $2.00-$4.00, XRP faces downward pressure near $1.44-$1.50 support amid macro headwinds and profit-taking, with markets weighing a sharp rally against a gradual climb. submitted by /u/Neo_Awakens [link] [comments]. Posts are fuming about March 27, 2026, SEC deadline for spot XRP ETF approvals following a pivotal March 17 regulatory victory, where the SEC and CFTC classified XRP as a digital commodity-ending years of securities litigation and aligning it with Bitcoin and Ethereum under commodity oversight. This breakthrough boosts approval odds, builds on $1.44 billion in inflows to existing 2025-launched XRP ETF products signaling robust institutional demand, and removes barriers to U.S. listings and adoption. Despite bullish potential for a surge to $2.00-$4.00, XRP faces downward pressure near $1.44-$1.50 support amid macro headwinds and profit-taking, with markets weighing a sharp rally against a gradual climb. submitted by /u/Neo_Awakens [link] [comments]",0.0,neutral,0.0,Signals are mixed or informational (score 0.000).,llama3.2,v1.0.0,2026-03-27T08:12:06Z
reddit,https://www.reddit.com/r/XRPUnite/comments/1s1g10s/the_big_week_for_xrp_sec_etf_deadline_amid/,2026-03-23,2026-03-27T08:12:04Z,The big week for XRP - SEC ETF Deadline Amid Regulatory Wins!,"Posts are fuming about March 27, 2026, SEC deadline for spot XRP ETF approvals following a pivotal March 17 regulatory victory, where the SEC and CFTC classified XRP as a digital commodity-ending years of securities litigation and aligning it with Bitcoin and Ethereum under commodity oversight. This breakthrough boosts approval odds, builds on $1.44 billion in inflows to existing 2025-launched XRP ETF products signaling robust institutional demand, and removes barriers to U.S. listings and adoption. Despite bullish potential for a surge to $2.00-$4.00, XRP faces downward pressure near $1.44-$1.50 support amid macro headwinds and profit-taking, with markets weighing a sharp rally against a gradual climb. submitted by /u/Neo_Awakens [link] [comments]",XRP,"The big week for XRP - SEC ETF Deadline Amid Regulatory Wins!. Posts are fuming about March 27, 2026, SEC deadline for spot XRP ETF approvals following a pivotal March 17 regulatory victory, where the SEC and CFTC classified XRP as a digital commodity-ending years of securities litigation and aligning it with Bitcoin and Ethereum under commodity oversight. This breakthrough boosts approval odds, builds on $1.44 billion in inflows to existing 2025-launched XRP ETF products signaling robust institutional demand, and removes barriers to U.S. listings and adoption. Despite bullish potential for a surge to $2.00-$4.00, XRP faces downward pressure near $1.44-$1.50 support amid macro headwinds and profit-taking, with markets weighing a sharp rally against a gradual climb. submitted by /u/Neo_Awakens [link] [comments]. Posts are fuming about March 27, 2026, SEC deadline for spot XRP ETF approvals following a pivotal March 17 regulatory victory, where the SEC and CFTC classified XRP as a digital commodity-ending years of securities litigation and aligning it with Bitcoin and Ethereum under commodity oversight. This breakthrough boosts approval odds, builds on $1.44 billion in inflows to existing 2025-launched XRP ETF products signaling robust institutional demand, and removes barriers to U.S. listings and adoption. Despite bullish potential for a surge to $2.00-$4.00, XRP faces downward pressure near $1.44-$1.50 support amid macro headwinds and profit-taking, with markets weighing a sharp rally against a gradual climb. submitted by /u/Neo_Awakens [link] [comments]",0.0,neutral,0.0,Signals are mixed or informational (score 0.000).,llama3.2,v1.0.0,2026-03-27T08:12:06Z
reddit,https://www.reddit.com/r/XRPUnite/comments/1s1lmor/xrp_faces_downside_risk_as_analysts_warn_of_drop/,2026-03-23,2026-03-27T08:12:04Z,XRP Faces Downside Risk as Analysts Warn of Drop to $0.80,submitted by /u/According_Time5120 [link] [comments],XRP,XRP Faces Downside Risk as Analysts Warn of Drop to $0.80. submitted by /u/According_Time5120 [link] [comments]. submitted by /u/According_Time5120 [link] [comments],0.0,neutral,0.0,Signals are mixed or informational (score 0.000).,llama3.2,v1.0.0,2026-03-27T08:12:06Z
reddit,https://www.reddit.com/r/Bitcoin/comments/1s4w1i3/daily_discussion_march_27_2026/,2026-03-26,2026-03-27T08:12:04Z,"Daily Discussion, March 27, 2026","Please utilize this sticky thread for all general Bitcoin discussions! If you see posts on the front page or /r/Bitcoin/new which are better suited for this daily discussion thread, please help out by directing the OP to this thread instead. Thank you! If you don't get an answer to your question, you can try phrasing it differently or commenting again tomorrow. Please check the previous discussion thread for unanswered questions. submitted by /u/rBitcoinMod [link] [comments]",Bitcoin,"Daily Discussion, March 27, 2026. Please utilize this sticky thread for all general Bitcoin discussions! If you see posts on the front page or /r/Bitcoin/new which are better suited for this daily discussion thread, please help out by directing the OP to this thread instead. Thank you! If you don't get an answer to your question, you can try phrasing it differently or commenting again tomorrow. Please check the previous discussion thread for unanswered questions. submitted by /u/rBitcoinMod [link] [comments]. Please utilize this sticky thread for all general Bitcoin discussions! If you see posts on the front page or /r/Bitcoin/new which are better suited for this daily discussion thread, please help out by directing the OP to this thread instead. Thank you! If you don't get an answer to your question, you can try phrasing it differently or commenting again tomorrow. Please check the previous discussion thread for unanswered questions. submitted by /u/rBitcoinMod [link] [comments]",0.0,neutral,0.0,Signals are mixed or informational (score 0.000).,llama3.2,v1.0.0,2026-03-27T08:12:06Z
reddit,https://www.reddit.com/r/Bitcoin/comments/1s4a4gs/this_is_massive_fannie_mae_just_opened_the_door/,2026-03-26,2026-03-27T08:12:04Z,this is massive! Fannie Mae just opened the door to Bitcoin backed mortgages,"The other day we posted about how our current monetary system prices out many from home ownership, and how bitcoin is part of the solution and that is becoming more true every day. Starting today, homebuyers can pledge Bitcoin as downpayment collateral through a new Coinbase + Better Home & Finance program backed by Fannie Mae, which underwrites roughly half of all U.S. mortgages. Here are the key elements: --Homebuyers don't sell their bitcoin so there's no taxable event --No margin calls, so if Bitcoin drops 30%, the mortgage terms don't change submitted by /u/21Bullish [link] [comments]",Bitcoin,"this is massive! Fannie Mae just opened the door to Bitcoin backed mortgages. The other day we posted about how our current monetary system prices out many from home ownership, and how bitcoin is part of the solution and that is becoming more true every day. Starting today, homebuyers can pledge Bitcoin as downpayment collateral through a new Coinbase + Better Home & Finance program backed by Fannie Mae, which underwrites roughly half of all U.S. mortgages. Here are the key elements: --Homebuyers don't sell their bitcoin so there's no taxable event --No margin calls, so if Bitcoin drops 30%, the mortgage terms don't change submitted by /u/21Bullish [link] [comments]. The other day we posted about how our current monetary system prices out many from home ownership, and how bitcoin is part of the solution and that is becoming more true every day. Starting today, homebuyers can pledge Bitcoin as downpayment collateral through a new Coinbase + Better Home & Finance program backed by Fannie Mae, which underwrites roughly half of all U.S. mortgages. Here are the key elements: --Homebuyers don't sell their bitcoin so there's no taxable event --No margin calls, so if Bitcoin drops 30%, the mortgage terms don't change submitted by /u/21Bullish [link] [comments]",0.0,neutral,0.0,Signals are mixed or informational (score 0.000).,llama3.2,v1.0.0,2026-03-27T08:12:06Z
reddit,https://www.reddit.com/r/Bitcoin/comments/1s4g0uv/just_grabbed_001_btc_during_this_dip_targeting/,2026-03-26,2026-03-27T08:12:04Z,Just grabbed 0.01 BTC during this dip. Targeting 0.21 next,So I finally pulled the trigger and snagged 0.01 BTC while prices are down. Pretty stoked about it. Now I'm wondering what's a solid target amount for long-term holding? Thinking 0.21 might be my next milestone but curious what others are aiming for. Anyone have thoughts on where we're headed price-wise? I know nobody has a crystal ball but always interested in hearing different perspectives on potential recovery timelines. submitted by /u/Fuzzy_Strawberry4792 [link] [comments],Bitcoin,Just grabbed 0.01 BTC during this dip. Targeting 0.21 next. So I finally pulled the trigger and snagged 0.01 BTC while prices are down. Pretty stoked about it. Now I'm wondering what's a solid target amount for long-term holding? Thinking 0.21 might be my next milestone but curious what others are aiming for. Anyone have thoughts on where we're headed price-wise? I know nobody has a crystal ball but always interested in hearing different perspectives on potential recovery timelines. submitted by /u/Fuzzy_Strawberry4792 [link] [comments]. So I finally pulled the trigger and snagged 0.01 BTC while prices are down. Pretty stoked about it. Now I'm wondering what's a solid target amount for long-term holding? Thinking 0.21 might be my next milestone but curious what others are aiming for. Anyone have thoughts on where we're headed price-wise? I know nobody has a crystal ball but always interested in hearing different perspectives on potential recovery timelines. submitted by /u/Fuzzy_Strawberry4792 [link] [comments],0.0,neutral,0.0,Signals are mixed or informational (score 0.000).,llama3.2,v1.0.0,2026-03-27T08:12:06Z
reddit,https://www.reddit.com/r/Bitcoin/comments/1s4fpaz/td_bankers_are_now_wearing_bitcoin_ties/,2026-03-26,2026-03-27T08:12:04Z,TD Bankers Are Now Wearing Bitcoin Ties...,submitted by /u/Fiach_Dubh [link] [comments],Bitcoin,TD Bankers Are Now Wearing Bitcoin Ties.... submitted by /u/Fiach_Dubh [link] [comments]. submitted by /u/Fiach_Dubh [link] [comments],0.0,neutral,0.0,Signals are mixed or informational (score 0.000).,llama3.2,v1.0.0,2026-03-27T08:12:06Z
reddit,https://www.reddit.com/r/Bitcoin/comments/1s4wkr6/btc_dipping_again_and_im_actually_thriving_with/,2026-03-26,2026-03-27T08:12:04Z,btc dipping again and im actually thriving with this opportunity,back in september i got absolutely wrecked playing with margin trading like an idiot and lost way more than i should have but crying about it wont bring my money back so whatever my strategy now is just plain old dollar cost averaging and holding for the long haul bitcoin crashing means i can stack more sats so ive bumped up my weekly buys from 30 to 75 bucks these lower prices are basically a gift if you think about it long term submitted by /u/ComplexInfluence9388 [link] [comments],Bitcoin,btc dipping again and im actually thriving with this opportunity. back in september i got absolutely wrecked playing with margin trading like an idiot and lost way more than i should have but crying about it wont bring my money back so whatever my strategy now is just plain old dollar cost averaging and holding for the long haul bitcoin crashing means i can stack more sats so ive bumped up my weekly buys from 30 to 75 bucks these lower prices are basically a gift if you think about it long term submitted by /u/ComplexInfluence9388 [link] [comments]. back in september i got absolutely wrecked playing with margin trading like an idiot and lost way more than i should have but crying about it wont bring my money back so whatever my strategy now is just plain old dollar cost averaging and holding for the long haul bitcoin crashing means i can stack more sats so ive bumped up my weekly buys from 30 to 75 bucks these lower prices are basically a gift if you think about it long term submitted by /u/ComplexInfluence9388 [link] [comments],0.0,neutral,0.0,Signals are mixed or informational (score 0.000).,llama3.2,v1.0.0,2026-03-27T08:12:06Z
reddit,https://www.reddit.com/r/Bitcoin/comments/1s47t94/ready_to_dump_stocks_if_btc_hits_65k_already/,2026-03-26,2026-03-27T08:12:04Z,Ready to dump stocks if BTC hits 65k - already buying these small dips,Been waiting for better entry point and decided 65k is where I'll make big move. Planning to liquidate significant portion from my equity investments and go heavy on Bitcoin at that level. For now just doing regular purchases whenever these smaller drops happen. Yeah 25k would be amazing opportunity but doesn't seem realistic anymore. 65k feels like more achievable target where I can really load up the bags. Anyone else waiting for specific price levels to make larger buys? submitted by /u/Guilty-Jump-5723 [link] [comments],Bitcoin,Ready to dump stocks if BTC hits 65k - already buying these small dips. Been waiting for better entry point and decided 65k is where I'll make big move. Planning to liquidate significant portion from my equity investments and go heavy on Bitcoin at that level. For now just doing regular purchases whenever these smaller drops happen. Yeah 25k would be amazing opportunity but doesn't seem realistic anymore. 65k feels like more achievable target where I can really load up the bags. Anyone else waiting for specific price levels to make larger buys? submitted by /u/Guilty-Jump-5723 [link] [comments]. Been waiting for better entry point and decided 65k is where I'll make big move. Planning to liquidate significant portion from my equity investments and go heavy on Bitcoin at that level. For now just doing regular purchases whenever these smaller drops happen. Yeah 25k would be amazing opportunity but doesn't seem realistic anymore. 65k feels like more achievable target where I can really load up the bags. Anyone else waiting for specific price levels to make larger buys? submitted by /u/Guilty-Jump-5723 [link] [comments],0.0,neutral,0.0,Signals are mixed or informational (score 0.000).,llama3.2,v1.0.0,2026-03-27T08:12:06Z
reddit,https://www.reddit.com/r/Bitcoin/comments/1s4l4fk/weekly_vs_monthly_bitcoin_dca_what_makes_more/,2026-03-26,2026-03-27T08:12:04Z,Weekly vs. Monthly Bitcoin DCA — What Makes More Sense?,"I’m starting to rethink my strategy. At the beginning, I was investing $800 per month into Bitcoin. Do you think it makes more sense to buy $200 worth of Bitcoin every week now, or should I keep investing $800 once a month? What would make more sense in your opinion? submitted by /u/xTheVoqal [link] [comments]",Bitcoin,"Weekly vs. Monthly Bitcoin DCA — What Makes More Sense?. I’m starting to rethink my strategy. At the beginning, I was investing $800 per month into Bitcoin. Do you think it makes more sense to buy $200 worth of Bitcoin every week now, or should I keep investing $800 once a month? What would make more sense in your opinion? submitted by /u/xTheVoqal [link] [comments]. I’m starting to rethink my strategy. At the beginning, I was investing $800 per month into Bitcoin. Do you think it makes more sense to buy $200 worth of Bitcoin every week now, or should I keep investing $800 once a month? What would make more sense in your opinion? submitted by /u/xTheVoqal [link] [comments]",0.0,neutral,0.0,Signals are mixed or informational (score 0.000).,llama3.2,v1.0.0,2026-03-27T08:12:06Z
reddit,https://www.reddit.com/r/Bitcoin/comments/1s43w7s/stepping_away_from_bitcoin_stuff_for_now/,2026-03-26,2026-03-27T08:12:04Z,stepping away from bitcoin stuff for now,been thinking about this for few days now and decided to take break from all bitcoin related content. getting overwhelmed by constant noise online these days. every platform has someone screaming about what i should believe or do with my coins joined this space because i believed in technology but now feels like everyone just wants to push their agenda. most of these influencers probably just making content for views anyway going to unfollow most crypto accounts and focus in other things for while. started learning digital art recently and already spent like 12 hours working on single project. much more relaxing than checking charts every hour need to get back to basics and remember why i got interested on bitcoin in first place. maybe after few weeks away from all this drama i can come back with clearer head anyone else taking breaks like this? submitted by /u/External-Swimmer-561 [link] [comments],Bitcoin,stepping away from bitcoin stuff for now. been thinking about this for few days now and decided to take break from all bitcoin related content. getting overwhelmed by constant noise online these days. every platform has someone screaming about what i should believe or do with my coins joined this space because i believed in technology but now feels like everyone just wants to push their agenda. most of these influencers probably just making content for views anyway going to unfollow most crypto accounts and focus in other things for while. started learning digital art recently and already spent like 12 hours working on single project. much more relaxing than checking charts every hour need to get back to basics and remember why i got interested on bitcoin in first place. maybe after few weeks away from all this drama i can come back with clearer head anyone else taking breaks like this? submitted by /u/External-Swimmer-561 [link] [comments]. been thinking about this for few days now and decided to take break from all bitcoin related content. getting overwhelmed by constant noise online these days. every platform has someone screaming about what i should believe or do with my coins joined this space because i believed in technology but now feels like everyone just wants to push their agenda. most of these influencers probably just making content for views anyway going to unfollow most crypto accounts and focus in other things for while. started learning digital art recently and already spent like 12 hours working on single project. much more relaxing than checking charts every hour need to get back to basics and remember why i got interested on bitcoin in first place. maybe after few weeks away from all this drama i can come back with clearer head anyone else taking breaks like this? submitted by /u/External-Swimmer-561 [link] [comments],0.0,neutral,0.0,Signals are mixed or informational (score 0.000).,llama3.2,v1.0.0,2026-03-27T08:12:06Z
reddit,https://www.reddit.com/r/Bitcoin/comments/1s44xu5/bitcoin_backed_loan/,2026-03-26,2026-03-27T08:12:04Z,bitcoin backed loan,"Hey all — I’m buying an apartment in Portugal and weighing two options: Option 1: Sell ~1 BTC for the down payment Option 2: Borrow €80k against 2.2 BTC at ~1.24% APY (Morpho) On paper, borrowing feels like the obvious choice — low interest, keep exposure to BTC. That said, I’ve never used BTC as collateral before, so I want to sanity check the risks. Current LTV would be ~60% Liquidation threshold is higher (so some buffer, but not huge) Main concern: downside volatility in BTC (e.g. another leg down) I’m long-term bullish, but I don’t want to get wiped out by short-term moves or forced liquidation. For those who’ve done this before: How do you think about “safe” LTV levels? At what point does this become reckless vs. smart leverage? Any rules of thumb (e.g. target LTV, when to top up, etc.)? Appreciate any real-world experience — especially from people who’ve actually gone through a drawdown while leveraged. https://preview.redd.it/8pd84k1ukdrg1.png?width=754&format=png&auto=webp&s=e0c7c5f46a775ee75f273af5131d393447f4bc2a submitted by /u/Same_Tomorrow_5590 [link] [comments]",Bitcoin,"bitcoin backed loan. Hey all — I’m buying an apartment in Portugal and weighing two options: Option 1: Sell ~1 BTC for the down payment Option 2: Borrow €80k against 2.2 BTC at ~1.24% APY (Morpho) On paper, borrowing feels like the obvious choice — low interest, keep exposure to BTC. That said, I’ve never used BTC as collateral before, so I want to sanity check the risks. Current LTV would be ~60% Liquidation threshold is higher (so some buffer, but not huge) Main concern: downside volatility in BTC (e.g. another leg down) I’m long-term bullish, but I don’t want to get wiped out by short-term moves or forced liquidation. For those who’ve done this before: How do you think about “safe” LTV levels? At what point does this become reckless vs. smart leverage? Any rules of thumb (e.g. target LTV, when to top up, etc.)? Appreciate any real-world experience — especially from people who’ve actually gone through a drawdown while leveraged. https://preview.redd.it/8pd84k1ukdrg1.png?width=754&format=png&auto=webp&s=e0c7c5f46a775ee75f273af5131d393447f4bc2a submitted by /u/Same_Tomorrow_5590 [link] [comments]. Hey all — I’m buying an apartment in Portugal and weighing two options: Option 1: Sell ~1 BTC for the down payment Option 2: Borrow €80k against 2.2 BTC at ~1.24% APY (Morpho) On paper, borrowing feels like the obvious choice — low interest, keep exposure to BTC. That said, I’ve never used BTC as collateral before, so I want to sanity check the risks. Current LTV would be ~60% Liquidation threshold is higher (so some buffer, but not huge) Main concern: downside volatility in BTC (e.g. another leg down) I’m long-term bullish, but I don’t want to get wiped out by short-term moves or forced liquidation. For those who’ve done this before: How do you think about “safe” LTV levels? At what point does this become reckless vs. smart leverage? Any rules of thumb (e.g. target LTV, when to top up, etc.)? Appreciate any real-world experience — especially from people who’ve actually gone through a drawdown while leveraged. https://preview.redd.it/8pd84k1ukdrg1.png?width=754&format=png&auto=webp&s=e0c7c5f46a775ee75f273af5131d393447f4bc2a submitted by /u/Same_Tomorrow_5590 [link] [comments]",0.0,neutral,0.0,Signals are mixed or informational (score 0.000).,llama3.2,v1.0.0,2026-03-27T08:12:06Z
reddit,https://www.reddit.com/r/Bitcoin/comments/1s4bb2l/relatively_new_wondering_what_makes_you_btc_vets/,2026-03-26,2026-03-27T08:12:04Z,"Relatively new, wondering what makes you btc vets so sure?","Hey guys, Im pretty new and not very well-informed regarding investments and especially crypto. Ive been putting $15 a day into BTC for a while now and my current book cost is sitting at around 5.3k CAD. It is money that I understand will be left to sit for a long time and I dont plan on withdrawing it out of fear of bitcoin losing all value. That being said, Im wondering what makes you guys so sure that BTC will continue to thrive and recover from this crash? I appreciate your insight and expertise :) submitted by /u/LankyLeading3976 [link] [comments]",Bitcoin,"Relatively new, wondering what makes you btc vets so sure?. Hey guys, Im pretty new and not very well-informed regarding investments and especially crypto. Ive been putting $15 a day into BTC for a while now and my current book cost is sitting at around 5.3k CAD. It is money that I understand will be left to sit for a long time and I dont plan on withdrawing it out of fear of bitcoin losing all value. That being said, Im wondering what makes you guys so sure that BTC will continue to thrive and recover from this crash? I appreciate your insight and expertise :) submitted by /u/LankyLeading3976 [link] [comments]. Hey guys, Im pretty new and not very well-informed regarding investments and especially crypto. Ive been putting $15 a day into BTC for a while now and my current book cost is sitting at around 5.3k CAD. It is money that I understand will be left to sit for a long time and I dont plan on withdrawing it out of fear of bitcoin losing all value. That being said, Im wondering what makes you guys so sure that BTC will continue to thrive and recover from this crash? I appreciate your insight and expertise :) submitted by /u/LankyLeading3976 [link] [comments]",0.0,neutral,0.0,Signals are mixed or informational (score 0.000).,llama3.2,v1.0.0,2026-03-27T08:12:06Z
reddit,https://www.reddit.com/r/Bitcoin/comments/1s3pa4v/be_careful_out_there_morgan_stanley_wants_your/,2026-03-25,2026-03-27T08:12:04Z,"Be careful out there, Morgan Stanley wants your bitcoin",submitted by /u/TheresNoSecondBest [link] [comments],Bitcoin,"Be careful out there, Morgan Stanley wants your bitcoin. submitted by /u/TheresNoSecondBest [link] [comments]. submitted by /u/TheresNoSecondBest [link] [comments]",0.0,neutral,0.0,Signals are mixed or informational (score 0.000).,llama3.2,v1.0.0,2026-03-27T08:12:07Z
reddit,https://www.reddit.com/r/Bitcoin/comments/1s4fzl0/whats_your_game_plan_for_stacking_sats/,2026-03-26,2026-03-27T08:12:04Z,What's your game plan for stacking sats?,"Hey Bitcoin community, I've set myself a goal to reach 1 BTC before 2036 rolls around. I know it might seem arbitrary, but having this target actually makes me feel good when we see red days - means I can grab more for less. Currently throwing $320 into BTC weekly through DCA and kinda hoping we don't moon too hard before I hit my number. What approach are you guys taking? Anyone got tips to optimize what I'm doing? Always open to tweaking my method if there's something I'm missing. Thanks! submitted by /u/Fuzzy_Strawberry4792 [link] [comments]",Bitcoin,"What's your game plan for stacking sats?. Hey Bitcoin community, I've set myself a goal to reach 1 BTC before 2036 rolls around. I know it might seem arbitrary, but having this target actually makes me feel good when we see red days - means I can grab more for less. Currently throwing $320 into BTC weekly through DCA and kinda hoping we don't moon too hard before I hit my number. What approach are you guys taking? Anyone got tips to optimize what I'm doing? Always open to tweaking my method if there's something I'm missing. Thanks! submitted by /u/Fuzzy_Strawberry4792 [link] [comments]. Hey Bitcoin community, I've set myself a goal to reach 1 BTC before 2036 rolls around. I know it might seem arbitrary, but having this target actually makes me feel good when we see red days - means I can grab more for less. Currently throwing $320 into BTC weekly through DCA and kinda hoping we don't moon too hard before I hit my number. What approach are you guys taking? Anyone got tips to optimize what I'm doing? Always open to tweaking my method if there's something I'm missing. Thanks! submitted by /u/Fuzzy_Strawberry4792 [link] [comments]",0.0,neutral,0.0,Signals are mixed or informational (score 0.000).,llama3.2,v1.0.0,2026-03-27T08:12:07Z
reddit,https://www.reddit.com/r/Bitcoin/comments/1s490go/stopping_my_dca_during_the_drop_was_probably_my/,2026-03-26,2026-03-27T08:12:04Z,Stopping my DCA during the drop was probably my dumbest move,"I just want to share something for people who are new. A few years ago when I first started buying, the market was already dropping from its highs. At the beginning, I actually stuck to my plan and kept buying slowly. As the price went down, I saw it as a chance to get more BTC at lower prices. But things changed later. As the price kept falling, I started to feel uneasy. Every drop made me wonder if it would go even lower. At some point I just stopped my DCA and decided to wait and see. I told myself I would come back in when things looked clearer. Looking back now, that was exactly the period I should have kept buying. I have also seen a lot of similar stories. Some people kept buying from around 40k all the way down to 18k, which was the right direction. But either they did not buy enough, or they got distracted and put some money into altcoins. Some of those went up for a while, but many did not last. If that money had just stayed in BTC, the outcome would likely have been very different. When the market started to recover, I realized the problem was not the market, it was me. I thought I was managing risk, but I was really just reacting to emotions. It is easy to make a plan, but the hard part is sticking to it when things look the worst. Now I keep things simple. I do not try to time the market anymore. I just follow a fixed schedule and keep buying. I set up my DCA so I do not have to make decisions in the moment. Since I have been in BTC for a while, I sometimes do a bit of spot trading on BYDFi, but most of my position is still just long term holding. This market cycle actually feels similar to back then, so I am sticking to my plan and buying every week. In the long run, I still believe adoption will keep growing. submitted by /u/Extra-Avocado8967 [link] [comments]",Bitcoin,"Stopping my DCA during the drop was probably my dumbest move. I just want to share something for people who are new. A few years ago when I first started buying, the market was already dropping from its highs. At the beginning, I actually stuck to my plan and kept buying slowly. As the price went down, I saw it as a chance to get more BTC at lower prices. But things changed later. As the price kept falling, I started to feel uneasy. Every drop made me wonder if it would go even lower. At some point I just stopped my DCA and decided to wait and see. I told myself I would come back in when things looked clearer. Looking back now, that was exactly the period I should have kept buying. I have also seen a lot of similar stories. Some people kept buying from around 40k all the way down to 18k, which was the right direction. But either they did not buy enough, or they got distracted and put some money into altcoins. Some of those went up for a while, but many did not last. If that money had just stayed in BTC, the outcome would likely have been very different. When the market started to recover, I realized the problem was not the market, it was me. I thought I was managing risk, but I was really just reacting to emotions. It is easy to make a plan, but the hard part is sticking to it when things look the worst. Now I keep things simple. I do not try to time the market anymore. I just follow a fixed schedule and keep buying. I set up my DCA so I do not have to make decisions in the moment. Since I have been in BTC for a while, I sometimes do a bit of spot trading on BYDFi, but most of my position is still just long term holding. This market cycle actually feels similar to back then, so I am sticking to my plan and buying every week. In the long run, I still believe adoption will keep growing. submitted by /u/Extra-Avocado8967 [link] [comments]. I just want to share something for people who are new. A few years ago when I first started buying, the market was already dropping from its highs. At the beginning, I actually stuck to my plan and kept buying slowly. As the price went down, I saw it as a chance to get more BTC at lower prices. But things changed later. As the price kept falling, I started to feel uneasy. Every drop made me wonder if it would go even lower. At some point I just stopped my DCA and decided to wait and see. I told myself I would come back in when things looked clearer. Looking back now, that was exactly the period I should have kept buying. I have also seen a lot of similar stories. Some people kept buying from around 40k all the way down to 18k, which was the right direction. But either they did not buy enough, or they got distracted and put some money into altcoins. Some of those went up for a while, but many did not last. If that money had just stayed in BTC, the outcome would likely have been very different. When the market started to recover, I realized the problem was not the market, it was me. I thought I was managing risk, but I was really just reacting to emotions. It is easy to make a plan, but the hard part is sticking to it when things look the worst. Now I keep things simple. I do not try to time the market anymore. I just follow a fixed schedule and keep buying. I set up my DCA so I do not have to make decisions in the moment. Since I have been in BTC for a while, I sometimes do a bit of spot trading on BYDFi, but most of my position is still just long term holding. This market cycle actually feels similar to back then, so I am sticking to my plan and buying every week. In the long run, I still believe adoption will keep growing. submitted by /u/Extra-Avocado8967 [link] [comments]",0.0,neutral,0.0,Signals are mixed or informational (score 0.000).,llama3.2,v1.0.0,2026-03-27T08:12:07Z
reddit,https://www.reddit.com/r/Bitcoin/comments/1s4cn4d/time_to_convert/,2026-03-26,2026-03-27T08:12:04Z,Time to Convert,Question: I am starting to believe that there will never be another altcoin season so I am debating on taking a loss on a bunch of alts I have accumulated that are down significantly and just convert them all to BTC. My only exceptions would be a couple of alts that I am looking at long term that I own a decent amount of. I really want to get rid of the majority of everything else and just go straight BTC. Thoughts? submitted by /u/bbush36571 [link] [comments],Bitcoin,Time to Convert. Question: I am starting to believe that there will never be another altcoin season so I am debating on taking a loss on a bunch of alts I have accumulated that are down significantly and just convert them all to BTC. My only exceptions would be a couple of alts that I am looking at long term that I own a decent amount of. I really want to get rid of the majority of everything else and just go straight BTC. Thoughts? submitted by /u/bbush36571 [link] [comments]. Question: I am starting to believe that there will never be another altcoin season so I am debating on taking a loss on a bunch of alts I have accumulated that are down significantly and just convert them all to BTC. My only exceptions would be a couple of alts that I am looking at long term that I own a decent amount of. I really want to get rid of the majority of everything else and just go straight BTC. Thoughts? submitted by /u/bbush36571 [link] [comments],0.0,neutral,0.0,Signals are mixed or informational (score 0.000).,llama3.2,v1.0.0,2026-03-27T08:12:07Z
reddit,https://www.reddit.com/r/Bitcoin/comments/1s4s245/anyone_seen_this_before/,2026-03-26,2026-03-27T08:12:04Z,Anyone seen this before?,Bitcoin lender with no margin call submitted by /u/Bruhh2300 [link] [comments],Bitcoin,Anyone seen this before?. Bitcoin lender with no margin call submitted by /u/Bruhh2300 [link] [comments]. Bitcoin lender with no margin call submitted by /u/Bruhh2300 [link] [comments],0.0,neutral,0.0,Signals are mixed or informational (score 0.000).,llama3.2,v1.0.0,2026-03-27T08:12:07Z
reddit,https://www.reddit.com/r/Bitcoin/comments/1s4bgsa/open_work_as_a_bitcoin_developer/,2026-03-26,2026-03-27T08:12:04Z,Open work as a Bitcoin Developer.,"Hi, I'm just learning how the Bitcoin protocol works, and I'm just fascinated. This is a revolutionary technology, and I think that I would be meant to be a Bitcoin developer. I don't have labor experience in this path. I would like to Became Bitcoin developer. Any suggestions? submitted by /u/Kruxelizea [link] [comments]",Bitcoin,"Open work as a Bitcoin Developer.. Hi, I'm just learning how the Bitcoin protocol works, and I'm just fascinated. This is a revolutionary technology, and I think that I would be meant to be a Bitcoin developer. I don't have labor experience in this path. I would like to Became Bitcoin developer. Any suggestions? submitted by /u/Kruxelizea [link] [comments]. Hi, I'm just learning how the Bitcoin protocol works, and I'm just fascinated. This is a revolutionary technology, and I think that I would be meant to be a Bitcoin developer. I don't have labor experience in this path. I would like to Became Bitcoin developer. Any suggestions? submitted by /u/Kruxelizea [link] [comments]",0.0,neutral,0.0,Signals are mixed or informational (score 0.000).,llama3.2,v1.0.0,2026-03-27T08:12:07Z
reddit,https://www.reddit.com/r/Bitcoin/comments/1s4dh19/pay_with_crypto_using_paypal_riiight/,2026-03-26,2026-03-27T08:12:04Z,"""Pay with Crypto"" using Paypal -- riiight","I'm setting up some payment portals for my company using BTCpay. One of the things I was most excited about is being able to accept payments from people using paypal, cashapp, etc. as since those support buying/sending BTC, it would allow us to take payments from people that only have (or want to use) those apps. First issue: You can't just say ""Send this person $100 of bitcoin"". And have BTC sent using your USD balance (with the purchase happening in the background). You have to first buy $100 worth, then send that balance. Okay, no worries. An extra step. Not the worst thing. Second issue: They don't care if you get $10000000 in USD, or buy $1000000 in crypto, but the second you dare move it off their platform, you better answer every question they want to ask about you. I tried to send $100 of BTC and had to KYC myself. Note that I've had this account forever (they know who I am). I have my real life bank accounts tied to this account and have transfered a lot of $usd on/off. So I'm not sure why the extra info is needed just because I want to send someone BTC. tldr: I feel like these companies (cashapp/paypal, etc) are just faux supporting BTC/crypto. In reality they just want to make it easier for you to keep your $ in their system. They want to make it as drop dead easy as possible to buy crypto, but hard to SEND it. I bet if I sent it to another paypal user within the sytem (vs. a random wallet) they wouldn't care at all. submitted by /u/Select_Aide_6548 [link] [comments]",Bitcoin,"""Pay with Crypto"" using Paypal -- riiight. I'm setting up some payment portals for my company using BTCpay. One of the things I was most excited about is being able to accept payments from people using paypal, cashapp, etc. as since those support buying/sending BTC, it would allow us to take payments from people that only have (or want to use) those apps. First issue: You can't just say ""Send this person $100 of bitcoin"". And have BTC sent using your USD balance (with the purchase happening in the background). You have to first buy $100 worth, then send that balance. Okay, no worries. An extra step. Not the worst thing. Second issue: They don't care if you get $10000000 in USD, or buy $1000000 in crypto, but the second you dare move it off their platform, you better answer every question they want to ask about you. I tried to send $100 of BTC and had to KYC myself. Note that I've had this account forever (they know who I am). I have my real life bank accounts tied to this account and have transfered a lot of $usd on/off. So I'm not sure why the extra info is needed just because I want to send someone BTC. tldr: I feel like these companies (cashapp/paypal, etc) are just faux supporting BTC/crypto. In reality they just want to make it easier for you to keep your $ in their system. They want to make it as drop dead easy as possible to buy crypto, but hard to SEND it. I bet if I sent it to another paypal user within the sytem (vs. a random wallet) they wouldn't care at all. submitted by /u/Select_Aide_6548 [link] [comments]. I'm setting up some payment portals for my company using BTCpay. One of the things I was most excited about is being able to accept payments from people using paypal, cashapp, etc. as since those support buying/sending BTC, it would allow us to take payments from people that only have (or want to use) those apps. First issue: You can't just say ""Send this person $100 of bitcoin"". And have BTC sent using your USD balance (with the purchase happening in the background). You have to first buy $100 worth, then send that balance. Okay, no worries. An extra step. Not the worst thing. Second issue: They don't care if you get $10000000 in USD, or buy $1000000 in crypto, but the second you dare move it off their platform, you better answer every question they want to ask about you. I tried to send $100 of BTC and had to KYC myself. Note that I've had this account forever (they know who I am). I have my real life bank accounts tied to this account and have transfered a lot of $usd on/off. So I'm not sure why the extra info is needed just because I want to send someone BTC. tldr: I feel like these companies (cashapp/paypal, etc) are just faux supporting BTC/crypto. In reality they just want to make it easier for you to keep your $ in their system. They want to make it as drop dead easy as possible to buy crypto, but hard to SEND it. I bet if I sent it to another paypal user within the sytem (vs. a random wallet) they wouldn't care at all. submitted by /u/Select_Aide_6548 [link] [comments]",0.0,neutral,0.0,Signals are mixed or informational (score 0.000).,llama3.2,v1.0.0,2026-03-27T08:12:07Z
reddit,https://www.reddit.com/r/ethereum/comments/1s4uv0g/daily_general_discussion_march_27_2026/,2026-03-26,2026-03-27T08:12:04Z,"Daily General Discussion March 27, 2026","Welcome to the Daily General Discussion on r/ethereum https://imgur.com/3y7vezP Bookmarking this link will always bring you to the current daily: https://old.reddit.com/r/ethereum/about/sticky/?num=2 Please use this thread to discuss Ethereum topics, news, events, and even price ! Price discussion posted elsewhere in the subreddit will continue to be removed. As always, be constructive. - Subreddit Rules Want to stake? Learn more at r/ethstaker Community Links Ethereum Jobs , Twitter EVMavericks YouTube , Discord , Doots Podcast Doots Website , Old Reddit Doots Extension by u/hanniabu Calendar: https://dailydoots.com/events/ submitted by /u/EthereumDailyThread [link] [comments]",Ethereum,"Daily General Discussion March 27, 2026. Welcome to the Daily General Discussion on r/ethereum https://imgur.com/3y7vezP Bookmarking this link will always bring you to the current daily: https://old.reddit.com/r/ethereum/about/sticky/?num=2 Please use this thread to discuss Ethereum topics, news, events, and even price ! Price discussion posted elsewhere in the subreddit will continue to be removed. As always, be constructive. - Subreddit Rules Want to stake? Learn more at r/ethstaker Community Links Ethereum Jobs , Twitter EVMavericks YouTube , Discord , Doots Podcast Doots Website , Old Reddit Doots Extension by u/hanniabu Calendar: https://dailydoots.com/events/ submitted by /u/EthereumDailyThread [link] [comments]. Welcome to the Daily General Discussion on r/ethereum https://imgur.com/3y7vezP Bookmarking this link will always bring you to the current daily: https://old.reddit.com/r/ethereum/about/sticky/?num=2 Please use this thread to discuss Ethereum topics, news, events, and even price ! Price discussion posted elsewhere in the subreddit will continue to be removed. As always, be constructive. - Subreddit Rules Want to stake? Learn more at r/ethstaker Community Links Ethereum Jobs , Twitter EVMavericks YouTube , Discord , Doots Podcast Doots Website , Old Reddit Doots Extension by u/hanniabu Calendar: https://dailydoots.com/events/ submitted by /u/EthereumDailyThread [link] [comments]",0.0,neutral,0.0,Signals are mixed or informational (score 0.000).,llama3.2,v1.0.0,2026-03-27T08:12:07Z
reddit,https://www.reddit.com/r/ethereum/comments/1s4vslg/when_gas_hits_0032_gwei_physics_speaks/,2026-03-26,2026-03-27T08:12:04Z,"When gas hits 0.032 Gwei, physics speaks.","Gas: 0.032 Gwei. Third percentile. Since network inception. Active addresses: +120% year-on-year. Price: -45% from the October 2025 ATH. This divergence has a name in thermodynamics. It's called positive free energy. I built a 3-layer valuation model: L1 — Physics (40%) Network temperature. Monetary entropy. Gibbs free energy. L2 — Usage (35%) Real adoption. L2 velocity. RWA tokenisation. DeFi activity. L3 — Finance (25%) ETF flows. Exchange reserves. Open interest structure. Current readings: T_eth = 0.03 S_eth = 0.85 H_eth = 0.65 EFEI = H − T×S = +0.625 Layer Value Signal T_eth — 30d median gas 0.032 Gwei ❄️ 3rd percentile S_eth — Monetary entropy +0.23%/yr ⚠️ Inflationary EFEI — Free energy +0.625 ✅ Positive Active addresses +120% YoY ✅ Real adoption L2 TVL growth +40% YoY ✅ ETH = settlement RWA on Ethereum $18.6B (65% market) ✅ Structural Price vs 200d MA -3% (below average) ❌ Bearish structure Fear & Greed Index 15 — Extreme Fear ✅ Contrarian ETF cumulative AUM $11.9B (ETHA) ⚠️ Mixed flows ESM composite score: +0.487 Regime: undervalued. Liquid → Solid transition phase. In thermodynamics, when free energy is positive, the system spontaneously converges toward higher value. That's not an opinion. It's a property of the system. What's suppressing the signal? Layer 3. Macro. Elevated VIX, mixed ETF flows. Weighted at 25%. Intentionally. One upcoming catalyst flips the entropy term negative. I won't name it. You already know what it is. Ether State Model v1.0 — u/GabFromMars submitted by /u/GabFromMars [link] [comments]",Ethereum,"When gas hits 0.032 Gwei, physics speaks.. Gas: 0.032 Gwei. Third percentile. Since network inception. Active addresses: +120% year-on-year. Price: -45% from the October 2025 ATH. This divergence has a name in thermodynamics. It's called positive free energy. I built a 3-layer valuation model: L1 — Physics (40%) Network temperature. Monetary entropy. Gibbs free energy. L2 — Usage (35%) Real adoption. L2 velocity. RWA tokenisation. DeFi activity. L3 — Finance (25%) ETF flows. Exchange reserves. Open interest structure. Current readings: T_eth = 0.03 S_eth = 0.85 H_eth = 0.65 EFEI = H − T×S = +0.625 Layer Value Signal T_eth — 30d median gas 0.032 Gwei ❄️ 3rd percentile S_eth — Monetary entropy +0.23%/yr ⚠️ Inflationary EFEI — Free energy +0.625 ✅ Positive Active addresses +120% YoY ✅ Real adoption L2 TVL growth +40% YoY ✅ ETH = settlement RWA on Ethereum $18.6B (65% market) ✅ Structural Price vs 200d MA -3% (below average) ❌ Bearish structure Fear & Greed Index 15 — Extreme Fear ✅ Contrarian ETF cumulative AUM $11.9B (ETHA) ⚠️ Mixed flows ESM composite score: +0.487 Regime: undervalued. Liquid → Solid transition phase. In thermodynamics, when free energy is positive, the system spontaneously converges toward higher value. That's not an opinion. It's a property of the system. What's suppressing the signal? Layer 3. Macro. Elevated VIX, mixed ETF flows. Weighted at 25%. Intentionally. One upcoming catalyst flips the entropy term negative. I won't name it. You already know what it is. Ether State Model v1.0 — u/GabFromMars submitted by /u/GabFromMars [link] [comments]. Gas: 0.032 Gwei. Third percentile. Since network inception. Active addresses: +120% year-on-year. Price: -45% from the October 2025 ATH. This divergence has a name in thermodynamics. It's called positive free energy. I built a 3-layer valuation model: L1 — Physics (40%) Network temperature. Monetary entropy. Gibbs free energy. L2 — Usage (35%) Real adoption. L2 velocity. RWA tokenisation. DeFi activity. L3 — Finance (25%) ETF flows. Exchange reserves. Open interest structure. Current readings: T_eth = 0.03 S_eth = 0.85 H_eth = 0.65 EFEI = H − T×S = +0.625 Layer Value Signal T_eth — 30d median gas 0.032 Gwei ❄️ 3rd percentile S_eth — Monetary entropy +0.23%/yr ⚠️ Inflationary EFEI — Free energy +0.625 ✅ Positive Active addresses +120% YoY ✅ Real adoption L2 TVL growth +40% YoY ✅ ETH = settlement RWA on Ethereum $18.6B (65% market) ✅ Structural Price vs 200d MA -3% (below average) ❌ Bearish structure Fear & Greed Index 15 — Extreme Fear ✅ Contrarian ETF cumulative AUM $11.9B (ETHA) ⚠️ Mixed flows ESM composite score: +0.487 Regime: undervalued. Liquid → Solid transition phase. In thermodynamics, when free energy is positive, the system spontaneously converges toward higher value. That's not an opinion. It's a property of the system. What's suppressing the signal? Layer 3. Macro. Elevated VIX, mixed ETF flows. Weighted at 25%. Intentionally. One upcoming catalyst flips the entropy term negative. I won't name it. You already know what it is. Ether State Model v1.0 — u/GabFromMars submitted by /u/GabFromMars [link] [comments]",0.0,neutral,0.0,Signals are mixed or informational (score 0.000).,llama3.2,v1.0.0,2026-03-27T08:12:07Z
reddit,https://www.reddit.com/r/ethereum/comments/1s3yazd/daily_general_discussion_march_26_2026/,2026-03-25,2026-03-27T08:12:04Z,"Daily General Discussion March 26, 2026","Welcome to the Daily General Discussion on r/ethereum https://imgur.com/3y7vezP Bookmarking this link will always bring you to the current daily: https://old.reddit.com/r/ethereum/about/sticky/?num=2 Please use this thread to discuss Ethereum topics, news, events, and even price ! Price discussion posted elsewhere in the subreddit will continue to be removed. As always, be constructive. - Subreddit Rules Want to stake? Learn more at r/ethstaker Community Links Ethereum Jobs , Twitter EVMavericks YouTube , Discord , Doots Podcast Doots Website , Old Reddit Doots Extension by u/hanniabu Calendar: https://dailydoots.com/events/ submitted by /u/EthereumDailyThread [link] [comments]",Ethereum,"Daily General Discussion March 26, 2026. Welcome to the Daily General Discussion on r/ethereum https://imgur.com/3y7vezP Bookmarking this link will always bring you to the current daily: https://old.reddit.com/r/ethereum/about/sticky/?num=2 Please use this thread to discuss Ethereum topics, news, events, and even price ! Price discussion posted elsewhere in the subreddit will continue to be removed. As always, be constructive. - Subreddit Rules Want to stake? Learn more at r/ethstaker Community Links Ethereum Jobs , Twitter EVMavericks YouTube , Discord , Doots Podcast Doots Website , Old Reddit Doots Extension by u/hanniabu Calendar: https://dailydoots.com/events/ submitted by /u/EthereumDailyThread [link] [comments]. Welcome to the Daily General Discussion on r/ethereum https://imgur.com/3y7vezP Bookmarking this link will always bring you to the current daily: https://old.reddit.com/r/ethereum/about/sticky/?num=2 Please use this thread to discuss Ethereum topics, news, events, and even price ! Price discussion posted elsewhere in the subreddit will continue to be removed. As always, be constructive. - Subreddit Rules Want to stake? Learn more at r/ethstaker Community Links Ethereum Jobs , Twitter EVMavericks YouTube , Discord , Doots Podcast Doots Website , Old Reddit Doots Extension by u/hanniabu Calendar: https://dailydoots.com/events/ submitted by /u/EthereumDailyThread [link] [comments]",0.0,neutral,0.0,Signals are mixed or informational (score 0.000).,llama3.2,v1.0.0,2026-03-27T08:12:07Z
reddit,https://www.reddit.com/r/ethereum/comments/1s450e6/bitcoincom_checkout_has_added_support_for_eth_and/,2026-03-26,2026-03-27T08:12:04Z,"Bitcoin.com Checkout has added support for ETH, and ERC-20 tokens in their app! Now any merchant can accept ETH, USDT, USDC, and more with NO KYC and available anywhere in the world!",submitted by /u/Mr_Kwibs [link] [comments],Bitcoin,"Bitcoin.com Checkout has added support for ETH, and ERC-20 tokens in their app! Now any merchant can accept ETH, USDT, USDC, and more with NO KYC and available anywhere in the world!. submitted by /u/Mr_Kwibs [link] [comments]. submitted by /u/Mr_Kwibs [link] [comments]",0.0,neutral,0.0,Signals are mixed or informational (score 0.000).,llama3.2,v1.0.0,2026-03-27T08:12:07Z
reddit,https://www.reddit.com/r/ethereum/comments/1s450e6/bitcoincom_checkout_has_added_support_for_eth_and/,2026-03-26,2026-03-27T08:12:04Z,"Bitcoin.com Checkout has added support for ETH, and ERC-20 tokens in their app! Now any merchant can accept ETH, USDT, USDC, and more with NO KYC and available anywhere in the world!",submitted by /u/Mr_Kwibs [link] [comments],Ethereum,"Bitcoin.com Checkout has added support for ETH, and ERC-20 tokens in their app! Now any merchant can accept ETH, USDT, USDC, and more with NO KYC and available anywhere in the world!. submitted by /u/Mr_Kwibs [link] [comments]. submitted by /u/Mr_Kwibs [link] [comments]",0.0,neutral,0.0,Signals are mixed or informational (score 0.000).,llama3.2,v1.0.0,2026-03-27T08:12:07Z
reddit,https://www.reddit.com/r/ethereum/comments/1s450e6/bitcoincom_checkout_has_added_support_for_eth_and/,2026-03-26,2026-03-27T08:12:04Z,"Bitcoin.com Checkout has added support for ETH, and ERC-20 tokens in their app! Now any merchant can accept ETH, USDT, USDC, and more with NO KYC and available anywhere in the world!",submitted by /u/Mr_Kwibs [link] [comments],TetherUSDt,"Bitcoin.com Checkout has added support for ETH, and ERC-20 tokens in their app! Now any merchant can accept ETH, USDT, USDC, and more with NO KYC and available anywhere in the world!. submitted by /u/Mr_Kwibs [link] [comments]. submitted by /u/Mr_Kwibs [link] [comments]",0.0,neutral,0.0,Signals are mixed or informational (score 0.000).,llama3.2,v1.0.0,2026-03-27T08:12:07Z
reddit,https://www.reddit.com/r/ethereum/comments/1s450e6/bitcoincom_checkout_has_added_support_for_eth_and/,2026-03-26,2026-03-27T08:12:04Z,"Bitcoin.com Checkout has added support for ETH, and ERC-20 tokens in their app! Now any merchant can accept ETH, USDT, USDC, and more with NO KYC and available anywhere in the world!",submitted by /u/Mr_Kwibs [link] [comments],USDC,"Bitcoin.com Checkout has added support for ETH, and ERC-20 tokens in their app! Now any merchant can accept ETH, USDT, USDC, and more with NO KYC and available anywhere in the world!. submitted by /u/Mr_Kwibs [link] [comments]. submitted by /u/Mr_Kwibs [link] [comments]",0.0,neutral,0.0,Signals are mixed or informational (score 0.000).,llama3.2,v1.0.0,2026-03-27T08:12:07Z
reddit,https://www.reddit.com/r/ethereum/comments/1s49rkq/lesson_learnednever_trust_any_token_unless/,2026-03-26,2026-03-27T08:12:04Z,Lesson learned-Never trust any token unless contract is legit and official,"I am newbie in crypto trading. And I learned that ETH tokens pose a huge risk even if token seems to be authentic. Tried to swap my eth funds for Tether Gold XAUT, but got zero balanced fake tokens. Lesson learned as I checked later for second time to find out Tether Gold legit contract. Contract was fake and did not match with the legit one. I will never trust any tokens but it is very sad that those tokens were listed at coinbase web wallet to swap. Should not be. Thus I paid for that lesson ca €10 I think that these risks are discrediting ethereum as safe network. Because if user has no other option than believing that contract is genuine then any fake blockchain checking site may serve it as legit. Fortunally I transfered fake tokens to my cold wallet, so I just created new ethereum account in it to change address as previous is now a little compromised as scammers can scan and track my ethereum account balance. Will leave compromised as it is and will not touch it anymore. submitted by /u/Top-Care-8946 [link] [comments]",Ethereum,"Lesson learned-Never trust any token unless contract is legit and official. I am newbie in crypto trading. And I learned that ETH tokens pose a huge risk even if token seems to be authentic. Tried to swap my eth funds for Tether Gold XAUT, but got zero balanced fake tokens. Lesson learned as I checked later for second time to find out Tether Gold legit contract. Contract was fake and did not match with the legit one. I will never trust any tokens but it is very sad that those tokens were listed at coinbase web wallet to swap. Should not be. Thus I paid for that lesson ca €10 I think that these risks are discrediting ethereum as safe network. Because if user has no other option than believing that contract is genuine then any fake blockchain checking site may serve it as legit. Fortunally I transfered fake tokens to my cold wallet, so I just created new ethereum account in it to change address as previous is now a little compromised as scammers can scan and track my ethereum account balance. Will leave compromised as it is and will not touch it anymore. submitted by /u/Top-Care-8946 [link] [comments]. I am newbie in crypto trading. And I learned that ETH tokens pose a huge risk even if token seems to be authentic. Tried to swap my eth funds for Tether Gold XAUT, but got zero balanced fake tokens. Lesson learned as I checked later for second time to find out Tether Gold legit contract. Contract was fake and did not match with the legit one. I will never trust any tokens but it is very sad that those tokens were listed at coinbase web wallet to swap. Should not be. Thus I paid for that lesson ca €10 I think that these risks are discrediting ethereum as safe network. Because if user has no other option than believing that contract is genuine then any fake blockchain checking site may serve it as legit. Fortunally I transfered fake tokens to my cold wallet, so I just created new ethereum account in it to change address as previous is now a little compromised as scammers can scan and track my ethereum account balance. Will leave compromised as it is and will not touch it anymore. submitted by /u/Top-Care-8946 [link] [comments]",0.0,neutral,0.0,Signals are mixed or informational (score 0.000).,llama3.2,v1.0.0,2026-03-27T08:12:07Z
reddit,https://www.reddit.com/r/ethereum/comments/1s49rkq/lesson_learnednever_trust_any_token_unless/,2026-03-26,2026-03-27T08:12:04Z,Lesson learned-Never trust any token unless contract is legit and official,"I am newbie in crypto trading. And I learned that ETH tokens pose a huge risk even if token seems to be authentic. Tried to swap my eth funds for Tether Gold XAUT, but got zero balanced fake tokens. Lesson learned as I checked later for second time to find out Tether Gold legit contract. Contract was fake and did not match with the legit one. I will never trust any tokens but it is very sad that those tokens were listed at coinbase web wallet to swap. Should not be. Thus I paid for that lesson ca €10 I think that these risks are discrediting ethereum as safe network. Because if user has no other option than believing that contract is genuine then any fake blockchain checking site may serve it as legit. Fortunally I transfered fake tokens to my cold wallet, so I just created new ethereum account in it to change address as previous is now a little compromised as scammers can scan and track my ethereum account balance. Will leave compromised as it is and will not touch it anymore. submitted by /u/Top-Care-8946 [link] [comments]",TetherUSDt,"Lesson learned-Never trust any token unless contract is legit and official. I am newbie in crypto trading. And I learned that ETH tokens pose a huge risk even if token seems to be authentic. Tried to swap my eth funds for Tether Gold XAUT, but got zero balanced fake tokens. Lesson learned as I checked later for second time to find out Tether Gold legit contract. Contract was fake and did not match with the legit one. I will never trust any tokens but it is very sad that those tokens were listed at coinbase web wallet to swap. Should not be. Thus I paid for that lesson ca €10 I think that these risks are discrediting ethereum as safe network. Because if user has no other option than believing that contract is genuine then any fake blockchain checking site may serve it as legit. Fortunally I transfered fake tokens to my cold wallet, so I just created new ethereum account in it to change address as previous is now a little compromised as scammers can scan and track my ethereum account balance. Will leave compromised as it is and will not touch it anymore. submitted by /u/Top-Care-8946 [link] [comments]. I am newbie in crypto trading. And I learned that ETH tokens pose a huge risk even if token seems to be authentic. Tried to swap my eth funds for Tether Gold XAUT, but got zero balanced fake tokens. Lesson learned as I checked later for second time to find out Tether Gold legit contract. Contract was fake and did not match with the legit one. I will never trust any tokens but it is very sad that those tokens were listed at coinbase web wallet to swap. Should not be. Thus I paid for that lesson ca €10 I think that these risks are discrediting ethereum as safe network. Because if user has no other option than believing that contract is genuine then any fake blockchain checking site may serve it as legit. Fortunally I transfered fake tokens to my cold wallet, so I just created new ethereum account in it to change address as previous is now a little compromised as scammers can scan and track my ethereum account balance. Will leave compromised as it is and will not touch it anymore. submitted by /u/Top-Care-8946 [link] [comments]",0.0,neutral,0.0,Signals are mixed or informational (score 0.000).,llama3.2,v1.0.0,2026-03-27T08:12:07Z
reddit,https://www.reddit.com/r/ethereum/comments/1s31irr/daily_general_discussion_march_25_2026/,2026-03-24,2026-03-27T08:12:04Z,"Daily General Discussion March 25, 2026","Welcome to the Daily General Discussion on r/ethereum https://imgur.com/3y7vezP Bookmarking this link will always bring you to the current daily: https://old.reddit.com/r/ethereum/about/sticky/?num=2 Please use this thread to discuss Ethereum topics, news, events, and even price ! Price discussion posted elsewhere in the subreddit will continue to be removed. As always, be constructive. - Subreddit Rules Want to stake? Learn more at r/ethstaker Community Links Ethereum Jobs , Twitter EVMavericks YouTube , Discord , Doots Podcast Doots Website , Old Reddit Doots Extension by u/hanniabu Calendar: https://dailydoots.com/events/ submitted by /u/EthereumDailyThread [link] [comments]",Ethereum,"Daily General Discussion March 25, 2026. Welcome to the Daily General Discussion on r/ethereum https://imgur.com/3y7vezP Bookmarking this link will always bring you to the current daily: https://old.reddit.com/r/ethereum/about/sticky/?num=2 Please use this thread to discuss Ethereum topics, news, events, and even price ! Price discussion posted elsewhere in the subreddit will continue to be removed. As always, be constructive. - Subreddit Rules Want to stake? Learn more at r/ethstaker Community Links Ethereum Jobs , Twitter EVMavericks YouTube , Discord , Doots Podcast Doots Website , Old Reddit Doots Extension by u/hanniabu Calendar: https://dailydoots.com/events/ submitted by /u/EthereumDailyThread [link] [comments]. Welcome to the Daily General Discussion on r/ethereum https://imgur.com/3y7vezP Bookmarking this link will always bring you to the current daily: https://old.reddit.com/r/ethereum/about/sticky/?num=2 Please use this thread to discuss Ethereum topics, news, events, and even price ! Price discussion posted elsewhere in the subreddit will continue to be removed. As always, be constructive. - Subreddit Rules Want to stake? Learn more at r/ethstaker Community Links Ethereum Jobs , Twitter EVMavericks YouTube , Discord , Doots Podcast Doots Website , Old Reddit Doots Extension by u/hanniabu Calendar: https://dailydoots.com/events/ submitted by /u/EthereumDailyThread [link] [comments]",0.0,neutral,0.0,Signals are mixed or informational (score 0.000).,llama3.2,v1.0.0,2026-03-27T08:12:07Z
reddit,https://www.reddit.com/r/ethereum/comments/1s3mdo6/sent_eth_to_abstract_global_wallet_on_wrong/,2026-03-25,2026-03-27T08:12:04Z,Sent ETH to Abstract Global Wallet on wrong network — any chance of recovery?,submitted by /u/PatchElmo [link] [comments],Ethereum,Sent ETH to Abstract Global Wallet on wrong network — any chance of recovery?. submitted by /u/PatchElmo [link] [comments]. submitted by /u/PatchElmo [link] [comments],0.0,neutral,0.0,Signals are mixed or informational (score 0.000).,llama3.2,v1.0.0,2026-03-27T08:12:07Z
reddit,https://www.reddit.com/r/ethereum/comments/1s2sh3n/does_ethereum_staking_still_make_sense_for/,2026-03-24,2026-03-27T08:12:04Z,Does Ethereum staking still make sense for smaller holders ?,"Been holding ETH for a while and thinking about staking. With 32 ETH still being the solo requirement, I'm looking at options like Rocket Pool or Lido, but I keep going back and forth. Running a node seems cool but hardware + 4 ETH + RPL feels like a lot to manage. Liquid staking is easier but then you're holding a derivative token and trusting the protocol. For people staking right now , what path did you take and how's it been? Is the hassle worth the yield or do you just stick to holding? submitted by /u/Tchu_zee_bish [link] [comments]",Ethereum,"Does Ethereum staking still make sense for smaller holders ?. Been holding ETH for a while and thinking about staking. With 32 ETH still being the solo requirement, I'm looking at options like Rocket Pool or Lido, but I keep going back and forth. Running a node seems cool but hardware + 4 ETH + RPL feels like a lot to manage. Liquid staking is easier but then you're holding a derivative token and trusting the protocol. For people staking right now , what path did you take and how's it been? Is the hassle worth the yield or do you just stick to holding? submitted by /u/Tchu_zee_bish [link] [comments]. Been holding ETH for a while and thinking about staking. With 32 ETH still being the solo requirement, I'm looking at options like Rocket Pool or Lido, but I keep going back and forth. Running a node seems cool but hardware + 4 ETH + RPL feels like a lot to manage. Liquid staking is easier but then you're holding a derivative token and trusting the protocol. For people staking right now , what path did you take and how's it been? Is the hassle worth the yield or do you just stick to holding? submitted by /u/Tchu_zee_bish [link] [comments]",0.0,neutral,0.0,Signals are mixed or informational (score 0.000).,llama3.2,v1.0.0,2026-03-27T08:12:07Z
reddit,https://www.reddit.com/r/ethereum/comments/1s24nay/daily_general_discussion_march_24_2026/,2026-03-23,2026-03-27T08:12:04Z,"Daily General Discussion March 24, 2026","Welcome to the Daily General Discussion on r/ethereum https://imgur.com/3y7vezP Bookmarking this link will always bring you to the current daily: https://old.reddit.com/r/ethereum/about/sticky/?num=2 Please use this thread to discuss Ethereum topics, news, events, and even price ! Price discussion posted elsewhere in the subreddit will continue to be removed. As always, be constructive. - Subreddit Rules Want to stake? Learn more at r/ethstaker Community Links Ethereum Jobs , Twitter EVMavericks YouTube , Discord , Doots Podcast Doots Website , Old Reddit Doots Extension by u/hanniabu Calendar: https://dailydoots.com/events/ submitted by /u/EthereumDailyThread [link] [comments]",Ethereum,"Daily General Discussion March 24, 2026. Welcome to the Daily General Discussion on r/ethereum https://imgur.com/3y7vezP Bookmarking this link will always bring you to the current daily: https://old.reddit.com/r/ethereum/about/sticky/?num=2 Please use this thread to discuss Ethereum topics, news, events, and even price ! Price discussion posted elsewhere in the subreddit will continue to be removed. As always, be constructive. - Subreddit Rules Want to stake? Learn more at r/ethstaker Community Links Ethereum Jobs , Twitter EVMavericks YouTube , Discord , Doots Podcast Doots Website , Old Reddit Doots Extension by u/hanniabu Calendar: https://dailydoots.com/events/ submitted by /u/EthereumDailyThread [link] [comments]. Welcome to the Daily General Discussion on r/ethereum https://imgur.com/3y7vezP Bookmarking this link will always bring you to the current daily: https://old.reddit.com/r/ethereum/about/sticky/?num=2 Please use this thread to discuss Ethereum topics, news, events, and even price ! Price discussion posted elsewhere in the subreddit will continue to be removed. As always, be constructive. - Subreddit Rules Want to stake? Learn more at r/ethstaker Community Links Ethereum Jobs , Twitter EVMavericks YouTube , Discord , Doots Podcast Doots Website , Old Reddit Doots Extension by u/hanniabu Calendar: https://dailydoots.com/events/ submitted by /u/EthereumDailyThread [link] [comments]",0.0,neutral,0.0,Signals are mixed or informational (score 0.000).,llama3.2,v1.0.0,2026-03-27T08:12:07Z
reddit,https://www.reddit.com/r/ethereum/comments/1s2fkp7/ethereum_rollups_deployment_platforms_in_2026/,2026-03-24,2026-03-27T08:12:04Z,Ethereum rollups deployment platforms in 2026,"Trying to get a realistic picture of where rollup deployment is right now, not the hype version. I've been reading through documentation for most of the major platforms and the gap between what they promise and what teams actually experience seems pretty significant based on forum posts and Discord convos. Specifically curious about a few things. How much does your framework choice actually constrain you after deployment? If you start on OP Stack and realize Arbitrum Orbit would've been better for your use case, how painful is that migration realistically? Also the maintenance burden question. Every platform promises ""one-click deployment"" but what does post-launch actually look like for the infra team? Are you constantly babysitting the thing or does it run without much intervention? Asking because I keep seeing projects underestimate this and then burn significant engineering time on infra that should be going to product. What's been everyone's experience? submitted by /u/Fragrant-Love5628 [link] [comments]",Ethereum,"Ethereum rollups deployment platforms in 2026. Trying to get a realistic picture of where rollup deployment is right now, not the hype version. I've been reading through documentation for most of the major platforms and the gap between what they promise and what teams actually experience seems pretty significant based on forum posts and Discord convos. Specifically curious about a few things. How much does your framework choice actually constrain you after deployment? If you start on OP Stack and realize Arbitrum Orbit would've been better for your use case, how painful is that migration realistically? Also the maintenance burden question. Every platform promises ""one-click deployment"" but what does post-launch actually look like for the infra team? Are you constantly babysitting the thing or does it run without much intervention? Asking because I keep seeing projects underestimate this and then burn significant engineering time on infra that should be going to product. What's been everyone's experience? submitted by /u/Fragrant-Love5628 [link] [comments]. Trying to get a realistic picture of where rollup deployment is right now, not the hype version. I've been reading through documentation for most of the major platforms and the gap between what they promise and what teams actually experience seems pretty significant based on forum posts and Discord convos. Specifically curious about a few things. How much does your framework choice actually constrain you after deployment? If you start on OP Stack and realize Arbitrum Orbit would've been better for your use case, how painful is that migration realistically? Also the maintenance burden question. Every platform promises ""one-click deployment"" but what does post-launch actually look like for the infra team? Are you constantly babysitting the thing or does it run without much intervention? Asking because I keep seeing projects underestimate this and then burn significant engineering time on infra that should be going to product. What's been everyone's experience? submitted by /u/Fragrant-Love5628 [link] [comments]",0.0,neutral,0.0,Signals are mixed or informational (score 0.000).,llama3.2,v1.0.0,2026-03-27T08:12:07Z
reddit,https://www.reddit.com/r/ethereum/comments/1s2419r/ethstaker_ethereum_staking_survey_any_type_of/,2026-03-23,2026-03-27T08:12:04Z,EthStaker: Ethereum Staking Survey | Any type of staker or even non-stakers are called to respond,submitted by /u/abcoathup [link] [comments],Ethereum,EthStaker: Ethereum Staking Survey | Any type of staker or even non-stakers are called to respond. submitted by /u/abcoathup [link] [comments]. submitted by /u/abcoathup [link] [comments],0.0,neutral,0.0,Signals are mixed or informational (score 0.000).,llama3.2,v1.0.0,2026-03-27T08:12:07Z
reddit,https://www.reddit.com/r/ethereum/comments/1s17tez/daily_general_discussion_march_23_2026/,2026-03-22,2026-03-27T08:12:04Z,"Daily General Discussion March 23, 2026","Welcome to the Daily General Discussion on r/ethereum https://imgur.com/3y7vezP Bookmarking this link will always bring you to the current daily: https://old.reddit.com/r/ethereum/about/sticky/?num=2 Please use this thread to discuss Ethereum topics, news, events, and even price ! Price discussion posted elsewhere in the subreddit will continue to be removed. As always, be constructive. - Subreddit Rules Want to stake? Learn more at r/ethstaker Community Links Ethereum Jobs , Twitter EVMavericks YouTube , Discord , Doots Podcast Doots Website , Old Reddit Doots Extension by u/hanniabu Calendar: https://dailydoots.com/events/ submitted by /u/EthereumDailyThread [link] [comments]",Ethereum,"Daily General Discussion March 23, 2026. Welcome to the Daily General Discussion on r/ethereum https://imgur.com/3y7vezP Bookmarking this link will always bring you to the current daily: https://old.reddit.com/r/ethereum/about/sticky/?num=2 Please use this thread to discuss Ethereum topics, news, events, and even price ! Price discussion posted elsewhere in the subreddit will continue to be removed. As always, be constructive. - Subreddit Rules Want to stake? Learn more at r/ethstaker Community Links Ethereum Jobs , Twitter EVMavericks YouTube , Discord , Doots Podcast Doots Website , Old Reddit Doots Extension by u/hanniabu Calendar: https://dailydoots.com/events/ submitted by /u/EthereumDailyThread [link] [comments]. Welcome to the Daily General Discussion on r/ethereum https://imgur.com/3y7vezP Bookmarking this link will always bring you to the current daily: https://old.reddit.com/r/ethereum/about/sticky/?num=2 Please use this thread to discuss Ethereum topics, news, events, and even price ! Price discussion posted elsewhere in the subreddit will continue to be removed. As always, be constructive. - Subreddit Rules Want to stake? Learn more at r/ethstaker Community Links Ethereum Jobs , Twitter EVMavericks YouTube , Discord , Doots Podcast Doots Website , Old Reddit Doots Extension by u/hanniabu Calendar: https://dailydoots.com/events/ submitted by /u/EthereumDailyThread [link] [comments]",0.0,neutral,0.0,Signals are mixed or informational (score 0.000).,llama3.2,v1.0.0,2026-03-27T08:12:07Z
reddit,https://www.reddit.com/r/ethereum/comments/1s0ykdo/someone_minted_80m_in_fake_stablecoins_and/,2026-03-22,2026-03-27T08:12:04Z,"Someone Minted $80M in Fake Stablecoins and Converted Them to 9,100 ETH. The Contracts Had Been Audited.",submitted by /u/zakoal [link] [comments],Ethereum,"Someone Minted $80M in Fake Stablecoins and Converted Them to 9,100 ETH. The Contracts Had Been Audited.. submitted by /u/zakoal [link] [comments]. submitted by /u/zakoal [link] [comments]",0.0,neutral,0.0,Signals are mixed or informational (score 0.000).,llama3.2,v1.0.0,2026-03-27T08:12:07Z
reddit,https://www.reddit.com/r/ethereum/comments/1s1aqfq/what_do_you_actually_use_your_eth_for_besides/,2026-03-22,2026-03-27T08:12:04Z,What do you actually use your ETH for besides trading/staking?,"Most conversations around ETH are about trading, staking yields, or long-term positioning. That’s fine, but I’m more interested in actual usage. Where does ETH realistically make sense outside of speculation? From what I’ve seen, it shows up most in DeFi, NFTs, and certain online services; but even then, gas fees can make smaller transactions feel inefficient. It’s not always obvious where ETH fits as something you use rather than just hold or lock up. I’ve experimented a bit with different use cases, mostly around digital services and entertainment. Some platforms are clearly designed with ETH in mind, while others just support it as an extra option without really optimizing the experience. A few setups, like Metaspins, seem to lean more into direct crypto usage, but even there it depends on fees, timing, and how smooth the process actually is. So I want to know. What are you using ETH for right now that feels practical, not just theoretical? submitted by /u/bankrollbystander [link] [comments]",Ethereum,"What do you actually use your ETH for besides trading/staking?. Most conversations around ETH are about trading, staking yields, or long-term positioning. That’s fine, but I’m more interested in actual usage. Where does ETH realistically make sense outside of speculation? From what I’ve seen, it shows up most in DeFi, NFTs, and certain online services; but even then, gas fees can make smaller transactions feel inefficient. It’s not always obvious where ETH fits as something you use rather than just hold or lock up. I’ve experimented a bit with different use cases, mostly around digital services and entertainment. Some platforms are clearly designed with ETH in mind, while others just support it as an extra option without really optimizing the experience. A few setups, like Metaspins, seem to lean more into direct crypto usage, but even there it depends on fees, timing, and how smooth the process actually is. So I want to know. What are you using ETH for right now that feels practical, not just theoretical? submitted by /u/bankrollbystander [link] [comments]. Most conversations around ETH are about trading, staking yields, or long-term positioning. That’s fine, but I’m more interested in actual usage. Where does ETH realistically make sense outside of speculation? From what I’ve seen, it shows up most in DeFi, NFTs, and certain online services; but even then, gas fees can make smaller transactions feel inefficient. It’s not always obvious where ETH fits as something you use rather than just hold or lock up. I’ve experimented a bit with different use cases, mostly around digital services and entertainment. Some platforms are clearly designed with ETH in mind, while others just support it as an extra option without really optimizing the experience. A few setups, like Metaspins, seem to lean more into direct crypto usage, but even there it depends on fees, timing, and how smooth the process actually is. So I want to know. What are you using ETH for right now that feels practical, not just theoretical? submitted by /u/bankrollbystander [link] [comments]",0.0,neutral,0.0,Signals are mixed or informational (score 0.000).,llama3.2,v1.0.0,2026-03-27T08:12:07Z
reddit,https://www.reddit.com/r/dogecoin/comments/1s4pd16/posting_until_doge_hits_1_day_25/,2026-03-26,2026-03-27T08:12:04Z,Posting until doge hits $1 - day 25,I will take it from here andre. XD submitted by /u/Top_Bee_1252 [link] [comments],Dogecoin,Posting until doge hits $1 - day 25. I will take it from here andre. XD submitted by /u/Top_Bee_1252 [link] [comments]. I will take it from here andre. XD submitted by /u/Top_Bee_1252 [link] [comments],0.0,neutral,0.0,Signals are mixed or informational (score 0.000).,llama3.2,v1.0.0,2026-03-27T08:12:07Z
reddit,https://www.reddit.com/r/dogecoin/comments/1s4qu94/beyond_the_moon_the_onedollar_destiny/,2026-03-26,2026-03-27T08:12:04Z,Beyond the Moon: The One-Dollar Destiny,"No matter how many years, DOGE remains in my heart submitted by /u/aris_asmara [link] [comments]",Dogecoin,"Beyond the Moon: The One-Dollar Destiny. No matter how many years, DOGE remains in my heart submitted by /u/aris_asmara [link] [comments]. No matter how many years, DOGE remains in my heart submitted by /u/aris_asmara [link] [comments]",0.0,neutral,0.0,Signals are mixed or informational (score 0.000).,llama3.2,v1.0.0,2026-03-27T08:12:07Z
reddit,https://www.reddit.com/r/dogecoin/comments/1s4xozr/an_apology_post/,2026-03-26,2026-03-27T08:12:04Z,an apology post,"hey everyone, so, it seems my little “posting until doge hits $1” streak has officially been… hijacked))).. first, i want to apologize if my posts felt like spam to anyone, that was never my intention. i just got caught up in the excitement, the community, and the shared dream of seeing doge moon. Big thanks to everyone who supported me along the way: upvotes, comments, encouragement - you honestly made these 25 days memorable. you turned what could have been a lonely streak into a real community ride, and i can’t thank you enough 🙏 and i’ll admit: waking up to see someone post a screenshot of my account saying ""bro just gave up already,"" and someone else already made day 25 with a cheeky “i’ll take it from here andre” shoutout… yeah, that stung a little, but it also made me feel alive. made me feel like part of something decent, made me smile, made me feel absolutely great!! i love you guys, i love this community! so, here's the thing… i post every day at 8:00 am gmt (greenwich mean time, utc+0, london time). we can count days, weeks, years, whatever. quality over quantity matters. moderators are right for deleting it because consistency should never cross into clutter. it can look messy, and anyone new to the dogecoin reddit sub might see “days counting” and get a weird impression. But people upvoting, and doge is supposed to be fun, right? wasn’t that the original idea which something lighter, playful, unlike bitcoin? if we take it too seriously, it stops being fun. the question is, should I continue or stop?? andre(Odd_Stick_3042) submitted by /u/Odd_Stick_3042 [link] [comments]",Bitcoin,"an apology post. hey everyone, so, it seems my little “posting until doge hits $1” streak has officially been… hijacked))).. first, i want to apologize if my posts felt like spam to anyone, that was never my intention. i just got caught up in the excitement, the community, and the shared dream of seeing doge moon. Big thanks to everyone who supported me along the way: upvotes, comments, encouragement - you honestly made these 25 days memorable. you turned what could have been a lonely streak into a real community ride, and i can’t thank you enough 🙏 and i’ll admit: waking up to see someone post a screenshot of my account saying ""bro just gave up already,"" and someone else already made day 25 with a cheeky “i’ll take it from here andre” shoutout… yeah, that stung a little, but it also made me feel alive. made me feel like part of something decent, made me smile, made me feel absolutely great!! i love you guys, i love this community! so, here's the thing… i post every day at 8:00 am gmt (greenwich mean time, utc+0, london time). we can count days, weeks, years, whatever. quality over quantity matters. moderators are right for deleting it because consistency should never cross into clutter. it can look messy, and anyone new to the dogecoin reddit sub might see “days counting” and get a weird impression. But people upvoting, and doge is supposed to be fun, right? wasn’t that the original idea which something lighter, playful, unlike bitcoin? if we take it too seriously, it stops being fun. the question is, should I continue or stop?? andre(Odd_Stick_3042) submitted by /u/Odd_Stick_3042 [link] [comments]. hey everyone, so, it seems my little “posting until doge hits $1” streak has officially been… hijacked))).. first, i want to apologize if my posts felt like spam to anyone, that was never my intention. i just got caught up in the excitement, the community, and the shared dream of seeing doge moon. Big thanks to everyone who supported me along the way: upvotes, comments, encouragement - you honestly made these 25 days memorable. you turned what could have been a lonely streak into a real community ride, and i can’t thank you enough 🙏 and i’ll admit: waking up to see someone post a screenshot of my account saying ""bro just gave up already,"" and someone else already made day 25 with a cheeky “i’ll take it from here andre” shoutout… yeah, that stung a little, but it also made me feel alive. made me feel like part of something decent, made me smile, made me feel absolutely great!! i love you guys, i love this community! so, here's the thing… i post every day at 8:00 am gmt (greenwich mean time, utc+0, london time). we can count days, weeks, years, whatever. quality over quantity matters. moderators are right for deleting it because consistency should never cross into clutter. it can look messy, and anyone new to the dogecoin reddit sub might see “days counting” and get a weird impression. But people upvoting, and doge is supposed to be fun, right? wasn’t that the original idea which something lighter, playful, unlike bitcoin? if we take it too seriously, it stops being fun. the question is, should I continue or stop?? andre(Odd_Stick_3042) submitted by /u/Odd_Stick_3042 [link] [comments]",0.0,neutral,0.0,Signals are mixed or informational (score 0.000).,llama3.2,v1.0.0,2026-03-27T08:12:07Z
reddit,https://www.reddit.com/r/dogecoin/comments/1s4xozr/an_apology_post/,2026-03-26,2026-03-27T08:12:04Z,an apology post,"hey everyone, so, it seems my little “posting until doge hits $1” streak has officially been… hijacked))).. first, i want to apologize if my posts felt like spam to anyone, that was never my intention. i just got caught up in the excitement, the community, and the shared dream of seeing doge moon. Big thanks to everyone who supported me along the way: upvotes, comments, encouragement - you honestly made these 25 days memorable. you turned what could have been a lonely streak into a real community ride, and i can’t thank you enough 🙏 and i’ll admit: waking up to see someone post a screenshot of my account saying ""bro just gave up already,"" and someone else already made day 25 with a cheeky “i’ll take it from here andre” shoutout… yeah, that stung a little, but it also made me feel alive. made me feel like part of something decent, made me smile, made me feel absolutely great!! i love you guys, i love this community! so, here's the thing… i post every day at 8:00 am gmt (greenwich mean time, utc+0, london time). we can count days, weeks, years, whatever. quality over quantity matters. moderators are right for deleting it because consistency should never cross into clutter. it can look messy, and anyone new to the dogecoin reddit sub might see “days counting” and get a weird impression. But people upvoting, and doge is supposed to be fun, right? wasn’t that the original idea which something lighter, playful, unlike bitcoin? if we take it too seriously, it stops being fun. the question is, should I continue or stop?? andre(Odd_Stick_3042) submitted by /u/Odd_Stick_3042 [link] [comments]",Dogecoin,"an apology post. hey everyone, so, it seems my little “posting until doge hits $1” streak has officially been… hijacked))).. first, i want to apologize if my posts felt like spam to anyone, that was never my intention. i just got caught up in the excitement, the community, and the shared dream of seeing doge moon. Big thanks to everyone who supported me along the way: upvotes, comments, encouragement - you honestly made these 25 days memorable. you turned what could have been a lonely streak into a real community ride, and i can’t thank you enough 🙏 and i’ll admit: waking up to see someone post a screenshot of my account saying ""bro just gave up already,"" and someone else already made day 25 with a cheeky “i’ll take it from here andre” shoutout… yeah, that stung a little, but it also made me feel alive. made me feel like part of something decent, made me smile, made me feel absolutely great!! i love you guys, i love this community! so, here's the thing… i post every day at 8:00 am gmt (greenwich mean time, utc+0, london time). we can count days, weeks, years, whatever. quality over quantity matters. moderators are right for deleting it because consistency should never cross into clutter. it can look messy, and anyone new to the dogecoin reddit sub might see “days counting” and get a weird impression. But people upvoting, and doge is supposed to be fun, right? wasn’t that the original idea which something lighter, playful, unlike bitcoin? if we take it too seriously, it stops being fun. the question is, should I continue or stop?? andre(Odd_Stick_3042) submitted by /u/Odd_Stick_3042 [link] [comments]. hey everyone, so, it seems my little “posting until doge hits $1” streak has officially been… hijacked))).. first, i want to apologize if my posts felt like spam to anyone, that was never my intention. i just got caught up in the excitement, the community, and the shared dream of seeing doge moon. Big thanks to everyone who supported me along the way: upvotes, comments, encouragement - you honestly made these 25 days memorable. you turned what could have been a lonely streak into a real community ride, and i can’t thank you enough 🙏 and i’ll admit: waking up to see someone post a screenshot of my account saying ""bro just gave up already,"" and someone else already made day 25 with a cheeky “i’ll take it from here andre” shoutout… yeah, that stung a little, but it also made me feel alive. made me feel like part of something decent, made me smile, made me feel absolutely great!! i love you guys, i love this community! so, here's the thing… i post every day at 8:00 am gmt (greenwich mean time, utc+0, london time). we can count days, weeks, years, whatever. quality over quantity matters. moderators are right for deleting it because consistency should never cross into clutter. it can look messy, and anyone new to the dogecoin reddit sub might see “days counting” and get a weird impression. But people upvoting, and doge is supposed to be fun, right? wasn’t that the original idea which something lighter, playful, unlike bitcoin? if we take it too seriously, it stops being fun. the question is, should I continue or stop?? andre(Odd_Stick_3042) submitted by /u/Odd_Stick_3042 [link] [comments]",0.0,neutral,0.0,Signals are mixed or informational (score 0.000).,llama3.2,v1.0.0,2026-03-27T08:12:07Z
reddit,https://www.reddit.com/r/dogecoin/comments/1s4xvfz/posting_until_doge_hits_1_day_26/,2026-03-27,2026-03-27T08:12:04Z,Posting until DOGE hits $1 - Day 26,submitted by /u/Odd_Stick_3042 [link] [comments],Dogecoin,Posting until DOGE hits $1 - Day 26. submitted by /u/Odd_Stick_3042 [link] [comments]. submitted by /u/Odd_Stick_3042 [link] [comments],0.0,neutral,0.0,Signals are mixed or informational (score 0.000).,llama3.2,v1.0.0,2026-03-27T08:12:07Z
reddit,https://www.reddit.com/r/dogecoin/comments/1s48fyj/doge_to_the_moon_now/,2026-03-26,2026-03-27T08:12:04Z,🚀 Doge To The Moon Now!🌙,submitted by /u/SuchDogeHodler [link] [comments],Dogecoin,🚀 Doge To The Moon Now!🌙. submitted by /u/SuchDogeHodler [link] [comments]. submitted by /u/SuchDogeHodler [link] [comments],0.0,neutral,0.0,Signals are mixed or informational (score 0.000).,llama3.2,v1.0.0,2026-03-27T08:12:07Z
reddit,https://www.reddit.com/r/dogecoin/comments/1s4owwh/how_much_will_the_spacex_ipo_impact_dogecoin/,2026-03-26,2026-03-27T08:12:04Z,How much will the SpaceX IPO impact Dogecoin?,IPO is expected really soon. Do we expect a massive rally? submitted by /u/Corpulos [link] [comments],Dogecoin,How much will the SpaceX IPO impact Dogecoin?. IPO is expected really soon. Do we expect a massive rally? submitted by /u/Corpulos [link] [comments]. IPO is expected really soon. Do we expect a massive rally? submitted by /u/Corpulos [link] [comments],0.0,neutral,0.0,Signals are mixed or informational (score 0.000).,llama3.2,v1.0.0,2026-03-27T08:12:07Z
reddit,https://www.reddit.com/r/dogecoin/comments/1s3qztq/dogecoin_may_be_just_a_passing_fad_as_millions/,2026-03-25,2026-03-27T08:12:04Z,Dogecoin may be just a passing fad as millions give up on it,submitted by /u/qlp79qlp [link] [comments],Dogecoin,Dogecoin may be just a passing fad as millions give up on it. submitted by /u/qlp79qlp [link] [comments]. submitted by /u/qlp79qlp [link] [comments],0.0,neutral,0.0,Signals are mixed or informational (score 0.000).,llama3.2,v1.0.0,2026-03-27T08:12:07Z
reddit,https://www.reddit.com/r/dogecoin/comments/1s3q3c8/looks_stable_going_up/,2026-03-25,2026-03-27T08:12:04Z,"Looks stable, going up","Doge looks pretty stable, dose seem like we going up slowly and steadily hodl 💪🫶 submitted by /u/Top_Bee_1252 [link] [comments]",Dogecoin,"Looks stable, going up. Doge looks pretty stable, dose seem like we going up slowly and steadily hodl 💪🫶 submitted by /u/Top_Bee_1252 [link] [comments]. Doge looks pretty stable, dose seem like we going up slowly and steadily hodl 💪🫶 submitted by /u/Top_Bee_1252 [link] [comments]",0.0,neutral,0.0,Signals are mixed or informational (score 0.000).,llama3.2,v1.0.0,2026-03-27T08:12:07Z
reddit,https://www.reddit.com/r/dogecoin/comments/1s3id0x/posting_until_doge_hits_1_day_365/,2026-03-25,2026-03-27T08:12:04Z,Posting until DOGE hits $1 - Day 365,In Advance! cya in 3/25/2027 submitted by /u/Tulpah [link] [comments],Dogecoin,Posting until DOGE hits $1 - Day 365. In Advance! cya in 3/25/2027 submitted by /u/Tulpah [link] [comments]. In Advance! cya in 3/25/2027 submitted by /u/Tulpah [link] [comments],0.0,neutral,0.0,Signals are mixed or informational (score 0.000).,llama3.2,v1.0.0,2026-03-27T08:12:07Z
reddit,https://www.reddit.com/r/dogecoin/comments/1s3mel8/how_does_merged_mining_actually_work_i_keep/,2026-03-25,2026-03-27T08:12:04Z,How does merged mining actually work? I keep seeing people mention it but never fully understood the mechanics,"I've been mining DOGE for a while but I'll be honest - I've been merge mining with Litecoin without fully understanding how AuxPoW actually works under the hood. I get the surface-level idea: same Scrypt hardware, same work, two rewards. But what I don't fully understand is how the same block solution can be valid for two separate chains at the same time. Is the Dogecoin block essentially embedded inside the Litecoin block? How does each chain independently verify it? Also curious whether this architecture has any theoretical limits. Could you merge mine more than two chains at once with the same hardware? Is there anything technically preventing a third chain from being added to the same mining operation? Would appreciate anyone who actually understands the cryptography breaking this down. I've read the dogecoin FAQ but still have gaps. submitted by /u/Bluesbreaker88 [link] [comments]",Dogecoin,"How does merged mining actually work? I keep seeing people mention it but never fully understood the mechanics. I've been mining DOGE for a while but I'll be honest - I've been merge mining with Litecoin without fully understanding how AuxPoW actually works under the hood. I get the surface-level idea: same Scrypt hardware, same work, two rewards. But what I don't fully understand is how the same block solution can be valid for two separate chains at the same time. Is the Dogecoin block essentially embedded inside the Litecoin block? How does each chain independently verify it? Also curious whether this architecture has any theoretical limits. Could you merge mine more than two chains at once with the same hardware? Is there anything technically preventing a third chain from being added to the same mining operation? Would appreciate anyone who actually understands the cryptography breaking this down. I've read the dogecoin FAQ but still have gaps. submitted by /u/Bluesbreaker88 [link] [comments]. I've been mining DOGE for a while but I'll be honest - I've been merge mining with Litecoin without fully understanding how AuxPoW actually works under the hood. I get the surface-level idea: same Scrypt hardware, same work, two rewards. But what I don't fully understand is how the same block solution can be valid for two separate chains at the same time. Is the Dogecoin block essentially embedded inside the Litecoin block? How does each chain independently verify it? Also curious whether this architecture has any theoretical limits. Could you merge mine more than two chains at once with the same hardware? Is there anything technically preventing a third chain from being added to the same mining operation? Would appreciate anyone who actually understands the cryptography breaking this down. I've read the dogecoin FAQ but still have gaps. submitted by /u/Bluesbreaker88 [link] [comments]",0.0,neutral,0.0,Signals are mixed or informational (score 0.000).,llama3.2,v1.0.0,2026-03-27T08:12:07Z
reddit,https://www.reddit.com/r/dogecoin/comments/1s3jscr/success_the_first_full_working_integration_of/,2026-03-25,2026-03-27T08:12:04Z,"Success, the first full working integration of WordPress Online Store with Dogecoin","Success 🥳 🎉, the first full working integration of WordPress Online Store with #Dogecoin Payments in your own #DogeBox ( DogeBox.org ) with 1 simple click ""Such Install"" button 😅 all code opensource like usual and will be on the oficial Dogecoin Foundation, Doge Box PUP source soon😀 submitted by /u/qlp79qlp [link] [comments]",Dogecoin,"Success, the first full working integration of WordPress Online Store with Dogecoin. Success 🥳 🎉, the first full working integration of WordPress Online Store with #Dogecoin Payments in your own #DogeBox ( DogeBox.org ) with 1 simple click ""Such Install"" button 😅 all code opensource like usual and will be on the oficial Dogecoin Foundation, Doge Box PUP source soon😀 submitted by /u/qlp79qlp [link] [comments]. Success 🥳 🎉, the first full working integration of WordPress Online Store with #Dogecoin Payments in your own #DogeBox ( DogeBox.org ) with 1 simple click ""Such Install"" button 😅 all code opensource like usual and will be on the oficial Dogecoin Foundation, Doge Box PUP source soon😀 submitted by /u/qlp79qlp [link] [comments]",0.0,neutral,0.0,Signals are mixed or informational (score 0.000).,llama3.2,v1.0.0,2026-03-27T08:12:07Z
reddit,https://www.reddit.com/r/dogecoin/comments/1s3fp66/new_update_for_the_easy_dogecoin_gateway_for/,2026-03-25,2026-03-27T08:12:04Z,New update for the Easy Dogecoin Gateway for Wordpress,New update for the Easy Dogecoin Gateway 69.420..9 is now live on wordpress for the over 4.6 million live stores worldwide 🥳 WordPress Doge Gateway Plugin: https://wordpress.org/plugins/easy-dogecoin-gateway/ I'm updating because of the DogeBox Wordpress Store PUP😅 submitted by /u/qlp79qlp [link] [comments],Dogecoin,New update for the Easy Dogecoin Gateway for Wordpress. New update for the Easy Dogecoin Gateway 69.420..9 is now live on wordpress for the over 4.6 million live stores worldwide 🥳 WordPress Doge Gateway Plugin: https://wordpress.org/plugins/easy-dogecoin-gateway/ I'm updating because of the DogeBox Wordpress Store PUP😅 submitted by /u/qlp79qlp [link] [comments]. New update for the Easy Dogecoin Gateway 69.420..9 is now live on wordpress for the over 4.6 million live stores worldwide 🥳 WordPress Doge Gateway Plugin: https://wordpress.org/plugins/easy-dogecoin-gateway/ I'm updating because of the DogeBox Wordpress Store PUP😅 submitted by /u/qlp79qlp [link] [comments],0.0,neutral,0.0,Signals are mixed or informational (score 0.000).,llama3.2,v1.0.0,2026-03-27T08:12:07Z
reddit,https://www.reddit.com/r/dogecoin/comments/1s38id0/beta_version_42069_of_the_doge_lucky_mining_is/,2026-03-25,2026-03-27T08:12:04Z,Beta Version 420.69 of the Doge Lucky Mining is now live OpenSource,"Beta Version 420.69 of the Doge Lucky Mining is now live Opensource on my Github that allows anyone to mine Dogecoin on any normal computer Github: https://github.com/qlpqlp/DogeLuckyMining Website: https://qlpqlp.github.io/DogeLuckyMining Hope you like it and help improve it, this is for all Dogecoin Community education only to help understand ... and maybe have luck 😄 submitted by /u/qlp79qlp [link] [comments]",Dogecoin,"Beta Version 420.69 of the Doge Lucky Mining is now live OpenSource. Beta Version 420.69 of the Doge Lucky Mining is now live Opensource on my Github that allows anyone to mine Dogecoin on any normal computer Github: https://github.com/qlpqlp/DogeLuckyMining Website: https://qlpqlp.github.io/DogeLuckyMining Hope you like it and help improve it, this is for all Dogecoin Community education only to help understand ... and maybe have luck 😄 submitted by /u/qlp79qlp [link] [comments]. Beta Version 420.69 of the Doge Lucky Mining is now live Opensource on my Github that allows anyone to mine Dogecoin on any normal computer Github: https://github.com/qlpqlp/DogeLuckyMining Website: https://qlpqlp.github.io/DogeLuckyMining Hope you like it and help improve it, this is for all Dogecoin Community education only to help understand ... and maybe have luck 😄 submitted by /u/qlp79qlp [link] [comments]",0.0,neutral,0.0,Signals are mixed or informational (score 0.000).,llama3.2,v1.0.0,2026-03-27T08:12:07Z
reddit,https://www.reddit.com/r/dogecoin/comments/1s2itwa/new_beta_version_of_the_doge_lucky_mining_almost/,2026-03-24,2026-03-27T08:12:04Z,"New Beta version of the Doge Lucky Mining almost ready,","New Beta version of the Doge Lucky Mining almost ready, hope to push it in a few minutes to enable every shibe to try their Doge Luck on solo mining. All will be available opensource on my GitHub https://github.com/qlpqlp?tab=repositories submitted by /u/qlp79qlp [link] [comments]",Dogecoin,"New Beta version of the Doge Lucky Mining almost ready,. New Beta version of the Doge Lucky Mining almost ready, hope to push it in a few minutes to enable every shibe to try their Doge Luck on solo mining. All will be available opensource on my GitHub https://github.com/qlpqlp?tab=repositories submitted by /u/qlp79qlp [link] [comments]. New Beta version of the Doge Lucky Mining almost ready, hope to push it in a few minutes to enable every shibe to try their Doge Luck on solo mining. All will be available opensource on my GitHub https://github.com/qlpqlp?tab=repositories submitted by /u/qlp79qlp [link] [comments]",0.0,neutral,0.0,Signals are mixed or informational (score 0.000).,llama3.2,v1.0.0,2026-03-27T08:12:07Z
reddit,https://www.reddit.com/r/dogecoindev/comments/1s3jsq4/success_the_first_full_working_integration_of/,2026-03-25,2026-03-27T08:12:04Z,"Success, the first full working integration of WordPress Online Store with Dogecoin",submitted by /u/qlp79qlp [link] [comments],Dogecoin,"Success, the first full working integration of WordPress Online Store with Dogecoin. submitted by /u/qlp79qlp [link] [comments]. submitted by /u/qlp79qlp [link] [comments]",0.0,neutral,0.0,Signals are mixed or informational (score 0.000).,llama3.2,v1.0.0,2026-03-27T08:12:07Z
reddit,https://www.reddit.com/r/dogecoindev/comments/1s3fpk5/new_update_for_the_easy_dogecoin_gateway_for/,2026-03-25,2026-03-27T08:12:04Z,New update for the Easy Dogecoin Gateway for Wordpress,submitted by /u/qlp79qlp [link] [comments],Dogecoin,New update for the Easy Dogecoin Gateway for Wordpress. submitted by /u/qlp79qlp [link] [comments]. submitted by /u/qlp79qlp [link] [comments],0.0,neutral,0.0,Signals are mixed or informational (score 0.000).,llama3.2,v1.0.0,2026-03-27T08:12:07Z
reddit,https://www.reddit.com/r/dogecoindev/comments/1s38irg/beta_version_42069_of_the_doge_lucky_mining_is/,2026-03-25,2026-03-27T08:12:04Z,Beta Version 420.69 of the Doge Lucky Mining is now live OpenSource,submitted by /u/qlp79qlp [link] [comments],Dogecoin,Beta Version 420.69 of the Doge Lucky Mining is now live OpenSource. submitted by /u/qlp79qlp [link] [comments]. submitted by /u/qlp79qlp [link] [comments],0.0,neutral,0.0,Signals are mixed or informational (score 0.000).,llama3.2,v1.0.0,2026-03-27T08:12:07Z
reddit,https://www.reddit.com/r/dogecoindev/comments/1s2iupa/new_beta_version_of_the_doge_lucky_mining_almost/,2026-03-24,2026-03-27T08:12:04Z,"New Beta version of the Doge Lucky Mining almost ready,",submitted by /u/qlp79qlp [link] [comments],Dogecoin,"New Beta version of the Doge Lucky Mining almost ready,. submitted by /u/qlp79qlp [link] [comments]. submitted by /u/qlp79qlp [link] [comments]",0.0,neutral,0.0,Signals are mixed or informational (score 0.000).,llama3.2,v1.0.0,2026-03-27T08:12:07Z
reddit,https://www.reddit.com/r/dogecoindev/comments/1s1r81b/dogecoin_blockchain_protocol_bug/,2026-03-23,2026-03-27T08:12:04Z,Dogecoin Blockchain Protocol Bug,submitted by /u/qlp79qlp [link] [comments],Dogecoin,Dogecoin Blockchain Protocol Bug. submitted by /u/qlp79qlp [link] [comments]. submitted by /u/qlp79qlp [link] [comments],0.0,neutral,0.0,Signals are mixed or informational (score 0.000).,llama3.2,v1.0.0,2026-03-27T08:12:07Z
coindesk,https://www.coindesk.com/markets/2026/03/27/investors-yank-usd171-million-from-bitcoin-etfs-in-largest-single-day-outflow-in-three-weeks,2026-03-26,2026-03-27T08:12:04Z,Investors yank $171 million from bitcoin ETFs in largest single-day outflow in three weeks,,Bitcoin,Investors yank $171 million from bitcoin ETFs in largest single-day outflow in three weeks. .,0.0,neutral,0.0,Signals are mixed or informational (score 0.000).,llama3.2,v1.0.0,2026-03-27T08:12:07Z
coindesk,https://www.coindesk.com/markets/2026/03/27/bitcoin-macro-risks-spike-as-ukraine-throws-a-spanner-in-trump-s-plan-to-stabilize-oil-markets,2026-03-26,2026-03-27T08:12:04Z,Bitcoin macro risks spike as Ukraine throws a spanner in Trump's plan to stabilize oil markets,,Bitcoin,Bitcoin macro risks spike as Ukraine throws a spanner in Trump's plan to stabilize oil markets. .,0.0,neutral,0.0,Signals are mixed or informational (score 0.000).,llama3.2,v1.0.0,2026-03-27T08:12:07Z
coindesk,https://www.coindesk.com/markets/2026/03/27/xrp-slides-toward-usd1-35-as-liquidation-wave-signals-weak-support,2026-03-26,2026-03-27T08:12:04Z,XRP slides toward $1.35 as liquidation wave signals weak support,,XRP,XRP slides toward $1.35 as liquidation wave signals weak support. .,0.0,neutral,0.0,Signals are mixed or informational (score 0.000).,llama3.2,v1.0.0,2026-03-27T08:12:07Z
coindesk,https://www.coindesk.com/markets/2026/03/27/bitcoin-slides-below-usd68-500-as-trump-extends-iran-deadline-but-war-risks-persist,2026-03-26,2026-03-27T08:12:04Z,"Bitcoin slides below $68,500 as Trump extends Iran deadline but war risks persist",,Bitcoin,"Bitcoin slides below $68,500 as Trump extends Iran deadline but war risks persist. .",0.0,neutral,0.0,Signals are mixed or informational (score 0.000).,llama3.2,v1.0.0,2026-03-27T08:12:07Z
coindesk,https://www.coindesk.com/markets/2026/03/27/tether-hires-kpmg-for-usdt-audit-brings-in-pwc-as-it-gears-up-for-u-s-expansion,2026-03-26,2026-03-27T08:12:04Z,"Tether hires KPMG for USDT audit, brings in PwC as it gears up for U.S. expansion",,TetherUSDt,"Tether hires KPMG for USDT audit, brings in PwC as it gears up for U.S. expansion. .",0.0,neutral,0.0,Signals are mixed or informational (score 0.000).,llama3.2,v1.0.0,2026-03-27T08:12:07Z
coindesk,https://www.coindesk.com/business/2026/03/26/gamestop-turned-its-usd368-million-bitcoin-stash-into-an-options-income-play,2026-03-26,2026-03-27T08:12:04Z,GameStop turned its $368 million bitcoin stash into an options income play,,Bitcoin,GameStop turned its $368 million bitcoin stash into an options income play. .,0.0,neutral,0.0,Signals are mixed or informational (score 0.000).,llama3.2,v1.0.0,2026-03-27T08:12:07Z
coindesk,https://www.coindesk.com/markets/2026/03/26/strategy-s-11-5-dividend-equity-bounces-back-faster-than-hostorical-average-to-unlock-more-bitcoin-buying,2026-03-26,2026-03-27T08:12:04Z,Strategy’s 11.5% dividend equity bounces back faster than historical average to unlock more bitcoin buying,,Bitcoin,Strategy’s 11.5% dividend equity bounces back faster than historical average to unlock more bitcoin buying. .,0.0,neutral,0.0,Signals are mixed or informational (score 0.000).,llama3.2,v1.0.0,2026-03-27T08:12:07Z
coindesk,https://www.coindesk.com/markets/2026/03/26/bitcoin-slips-below-usd69-000-as-oil-rebounds-on-fading-middle-east-peace-hopes,2026-03-26,2026-03-27T08:12:04Z,"Bitcoin slips below $69,000 as oil rebounds on fading Middle East peace hopes",,Bitcoin,"Bitcoin slips below $69,000 as oil rebounds on fading Middle East peace hopes. .",0.0,neutral,0.0,Signals are mixed or informational (score 0.000).,llama3.2,v1.0.0,2026-03-27T08:12:07Z
coindesk,https://www.coindesk.com/markets/2026/03/26/bitcoin-holds-ground-as-gold-silver-slide-on-etf-outflows-and-liquidity-strains-jpmorgan,2026-03-26,2026-03-27T08:12:04Z,"Bitcoin holds ground as gold, silver slide on ETF outflows and liquidity strains: JPMorgan",,Bitcoin,"Bitcoin holds ground as gold, silver slide on ETF outflows and liquidity strains: JPMorgan. .",0.0,neutral,0.0,Signals are mixed or informational (score 0.000).,llama3.2,v1.0.0,2026-03-27T08:12:07Z
coindesk,https://www.coindesk.com/policy/2026/03/26/stablecoin-rewards-restrictions-can-slow-but-not-stop-circle-s-usdc-says-citigroup,2026-03-26,2026-03-27T08:12:04Z,"Stablecoin rewards restrictions can slow but not stop Circle's USDC, says Citigroup",,USDC,"Stablecoin rewards restrictions can slow but not stop Circle's USDC, says Citigroup. .",0.0,neutral,0.0,Signals are mixed or informational (score 0.000).,llama3.2,v1.0.0,2026-03-27T08:12:07Z
coindesk,https://www.coindesk.com/markets/2026/03/26/mara-holdings-higher-by-10-after-selling-usd1-1-billion-in-bitcoin-to-fund-debt-buyback,2026-03-26,2026-03-27T08:12:04Z,MARA Holdings higher by 10% after selling $1.1 billion in bitcoin to fund debt buyback,,Bitcoin,MARA Holdings higher by 10% after selling $1.1 billion in bitcoin to fund debt buyback. .,0.0,neutral,0.0,Signals are mixed or informational (score 0.000).,llama3.2,v1.0.0,2026-03-27T08:12:07Z
coindesk,https://www.coindesk.com/daybook-us/2026/03/26/everyone-s-calling-bitcoin-resilient-may-be-it-s-just-complacent,2026-03-26,2026-03-27T08:12:04Z,"Everyone's calling bitcoin resilient, may be it's just complacent",,Bitcoin,"Everyone's calling bitcoin resilient, may be it's just complacent. .",0.0,neutral,0.0,Signals are mixed or informational (score 0.000).,llama3.2,v1.0.0,2026-03-27T08:12:07Z
cointelegraph,https://cointelegraph.com/news/bitcoin-whales-buy-61k-btc-global-uncertainty?utm_source=rss_feed&utm_medium=rss&utm_campaign=rss_partner_inbound,2026-03-26,2026-03-27T08:12:04Z,"Whales, sharks buy 61,000 BTC in a month amid global uncertainty",Not all whales have been accumulating; two moved tens of millions of dollars to exchanges on March 19 as Bitcoin fell amid an escalation of the Iran conflict.,Bitcoin,"Whales, sharks buy 61,000 BTC in a month amid global uncertainty. Not all whales have been accumulating; two moved tens of millions of dollars to exchanges on March 19 as Bitcoin fell amid an escalation of the Iran conflict..",0.0,neutral,0.0,Signals are mixed or informational (score 0.000).,llama3.2,v1.0.0,2026-03-27T08:12:07Z
cointelegraph,https://cointelegraph.com/news/retail-buyers-dominate-strategy-stretch-shares?utm_source=rss_feed&utm_medium=rss&utm_campaign=rss_partner_inbound,2026-03-26,2026-03-27T08:12:04Z,80% of Strategy's ‘Stretch’ buyers are mom-and-pop investors,"Stretch shares are an on-ramp for people who believe Bitcoin will be around for the long term but can’t handle the near-term volatility, explained Michael Saylor.",Bitcoin,"80% of Strategy's ‘Stretch’ buyers are mom-and-pop investors. Stretch shares are an on-ramp for people who believe Bitcoin will be around for the long term but can’t handle the near-term volatility, explained Michael Saylor..",0.0,neutral,0.0,Signals are mixed or informational (score 0.000).,llama3.2,v1.0.0,2026-03-27T08:12:07Z
cointelegraph,https://cointelegraph.com/news/ether-needs-these-3-indicators-to-flip-to-trigger-rally-above-2-4k?utm_source=rss_feed&utm_medium=rss&utm_campaign=rss_partner_inbound,2026-03-26,2026-03-27T08:12:04Z,Ether needs these 3 indicators to flip to trigger rally above $2.4K,"Spot ETF outlflows, falling DEX volumes and a declining ETH futures premium may be preventing Ether from rallying, but flipping them could catalyze a rally to $2,400.",Ethereum,"Ether needs these 3 indicators to flip to trigger rally above $2.4K. Spot ETF outlflows, falling DEX volumes and a declining ETH futures premium may be preventing Ether from rallying, but flipping them could catalyze a rally to $2,400..",0.0,neutral,0.0,Signals are mixed or informational (score 0.000).,llama3.2,v1.0.0,2026-03-27T08:12:07Z
cointelegraph,https://cointelegraph.com/news/gamestop-didnt-sell-368m-bitcoin-after-all?utm_source=rss_feed&utm_medium=rss&utm_campaign=rss_partner_inbound,2026-03-26,2026-03-27T08:12:04Z,"GameStop did not sell its 4,709 Bitcoin after all, filing shows","GameStop has revealed that it pledged nearly all of its Bitcoin, worth $325 million, as collateral on Coinbase as part of a covered-call strategy.",Bitcoin,"GameStop did not sell its 4,709 Bitcoin after all, filing shows. GameStop has revealed that it pledged nearly all of its Bitcoin, worth $325 million, as collateral on Coinbase as part of a covered-call strategy..",0.0,neutral,0.0,Signals are mixed or informational (score 0.000).,llama3.2,v1.0.0,2026-03-27T08:12:07Z
cointelegraph,https://cointelegraph.com/news/what-happened-in-crypto-today?utm_source=rss_feed&utm_medium=rss&utm_campaign=rss_partner_inbound,2026-03-26,2026-03-27T08:12:04Z,Here’s what happened in crypto today,"Need to know what happened in crypto today? Here is the latest news on daily trends and events impacting Bitcoin price, blockchain, DeFi, NFTs, Web3 and crypto regulation.",Bitcoin,"Here’s what happened in crypto today. Need to know what happened in crypto today? Here is the latest news on daily trends and events impacting Bitcoin price, blockchain, DeFi, NFTs, Web3 and crypto regulation..",0.0,neutral,0.0,Signals are mixed or informational (score 0.000).,llama3.2,v1.0.0,2026-03-27T08:12:07Z
cointelegraph,https://cointelegraph.com/news/bitcoin-gained-655percent-the-last-time-this-supply-in-profit-metric-dropped-to-50percent?utm_source=rss_feed&utm_medium=rss&utm_campaign=rss_partner_inbound,2026-03-26,2026-03-27T08:12:04Z,Bitcoin gained 655% the last time this supply in profit metric dropped to 50%,"Bitcoin’s total supply in profit metric fell below 50% in February, a threshold linked to previous BTC accumulation phases. Does data predict a similar outcome?",Bitcoin,"Bitcoin gained 655% the last time this supply in profit metric dropped to 50%. Bitcoin’s total supply in profit metric fell below 50% in February, a threshold linked to previous BTC accumulation phases. Does data predict a similar outcome?.",0.0,neutral,0.0,Signals are mixed or informational (score 0.000).,llama3.2,v1.0.0,2026-03-27T08:12:07Z
cointelegraph,https://cointelegraph.com/news/twenty-one-2nd-largest-btc-holder-mara?utm_source=rss_feed&utm_medium=rss&utm_campaign=rss_partner_inbound,2026-03-26,2026-03-27T08:12:04Z,Twenty One Capital now 2nd-largest publicly traded BTC holder after MARA sale,"Bitcoin advocate Jack Mallers' Twenty One Capital holds 43,514 BTC in its corporate treasury, now second only to Strategy's 762,099 BTC accumulation.",Bitcoin,"Twenty One Capital now 2nd-largest publicly traded BTC holder after MARA sale. Bitcoin advocate Jack Mallers' Twenty One Capital holds 43,514 BTC in its corporate treasury, now second only to Strategy's 762,099 BTC accumulation..",0.0,neutral,0.0,Signals are mixed or informational (score 0.000).,llama3.2,v1.0.0,2026-03-27T08:12:07Z
cointelegraph,https://cointelegraph.com/news/bitcoin-floor-near-dollar70k-as-tradfi-returns-will-war-inflation-break-their-belief?utm_source=rss_feed&utm_medium=rss&utm_campaign=rss_partner_inbound,2026-03-26,2026-03-27T08:12:04Z,"Bitcoin floor ‘near $70K’ as TradFi returns: Will war, inflation break their belief?","Bitcoin mass adoption by institutional investors has resumed, but global instability and the risk of rising US inflation put a lid on BTC’s breakouts above $70,000.",Bitcoin,"Bitcoin floor ‘near $70K’ as TradFi returns: Will war, inflation break their belief?. Bitcoin mass adoption by institutional investors has resumed, but global instability and the risk of rising US inflation put a lid on BTC’s breakouts above $70,000..",0.0,neutral,0.0,Signals are mixed or informational (score 0.000).,llama3.2,v1.0.0,2026-03-27T08:12:07Z
cointelegraph,https://cointelegraph.com/news/mezo-aerodrome-base-token-trading-bitcoin-defi?utm_source=rss_feed&utm_medium=rss&utm_campaign=rss_partner_inbound,2026-03-26,2026-03-27T08:12:04Z,Mezo taps Aerodrome to support token trading on Base in Bitcoin DeFi push,The Bitcoin lending protocol will allocate 2.25% of its token supply to Aerodrome users as it looks to expand activity for its token and stablecoin.,Bitcoin,Mezo taps Aerodrome to support token trading on Base in Bitcoin DeFi push. The Bitcoin lending protocol will allocate 2.25% of its token supply to Aerodrome users as it looks to expand activity for its token and stablecoin..,0.0,neutral,0.0,Signals are mixed or informational (score 0.000).,llama3.2,v1.0.0,2026-03-27T08:12:08Z
cointelegraph,https://cointelegraph.com/news/coinbase-launches-token-backed-down-payments-for-fannie-mae-loans?utm_source=rss_feed&utm_medium=rss&utm_campaign=rss_partner_inbound,2026-03-26,2026-03-27T08:12:04Z,Coinbase launches token-backed down payments for Fannie Mae loans,Coinbase and Better Home & Finance launched a structure that lets borrowers pledge Bitcoin or USDC to fund the cash down payment on a conforming mortgage tied to Fannie Mae-backed loans.,Bitcoin,Coinbase launches token-backed down payments for Fannie Mae loans. Coinbase and Better Home & Finance launched a structure that lets borrowers pledge Bitcoin or USDC to fund the cash down payment on a conforming mortgage tied to Fannie Mae-backed loans..,0.0,neutral,0.0,Signals are mixed or informational (score 0.000).,llama3.2,v1.0.0,2026-03-27T08:12:08Z
cointelegraph,https://cointelegraph.com/news/coinbase-launches-token-backed-down-payments-for-fannie-mae-loans?utm_source=rss_feed&utm_medium=rss&utm_campaign=rss_partner_inbound,2026-03-26,2026-03-27T08:12:04Z,Coinbase launches token-backed down payments for Fannie Mae loans,Coinbase and Better Home & Finance launched a structure that lets borrowers pledge Bitcoin or USDC to fund the cash down payment on a conforming mortgage tied to Fannie Mae-backed loans.,USDC,Coinbase launches token-backed down payments for Fannie Mae loans. Coinbase and Better Home & Finance launched a structure that lets borrowers pledge Bitcoin or USDC to fund the cash down payment on a conforming mortgage tied to Fannie Mae-backed loans..,0.0,neutral,0.0,Signals are mixed or informational (score 0.000).,llama3.2,v1.0.0,2026-03-27T08:12:08Z
cointelegraph,https://cointelegraph.com/news/xrp-price-risks-50-drop-despite-goldman-sachs-152m-etf?utm_source=rss_feed&utm_medium=rss&utm_campaign=rss_partner_inbound,2026-03-26,2026-03-27T08:12:04Z,XRP price risks 50% drop despite Goldman Sachs' $152M ETF exposure,"Goldman Sachs revealed a $152 million exposure to spot XRP ETFs, while volatility contracted to levels seen ahead of strong price moves.",XRP,"XRP price risks 50% drop despite Goldman Sachs' $152M ETF exposure. Goldman Sachs revealed a $152 million exposure to spot XRP ETFs, while volatility contracted to levels seen ahead of strong price moves..",0.0,neutral,0.0,Signals are mixed or informational (score 0.000).,llama3.2,v1.0.0,2026-03-27T08:12:08Z
cointelegraph,https://cointelegraph.com/news/bitcoin-dips-3percent-analysis-70k-btc-price-not-obviously-bearish?utm_source=rss_feed&utm_medium=rss&utm_campaign=rss_partner_inbound,2026-03-26,2026-03-27T08:12:04Z,Bitcoin dips 3% as analysis says $70K BTC price ‘not obviously bearish’,"Bitcoin lost its grip on $70,000 amid inflation and recession talk as analysis suggested that BTC price action lacked ""outright stress.""",Bitcoin,"Bitcoin dips 3% as analysis says $70K BTC price ‘not obviously bearish’. Bitcoin lost its grip on $70,000 amid inflation and recession talk as analysis suggested that BTC price action lacked ""outright stress."".",0.0,neutral,0.0,Signals are mixed or informational (score 0.000).,llama3.2,v1.0.0,2026-03-27T08:12:08Z
cointelegraph,https://cointelegraph.com/news/mara-sells-1-1b-btc-in-march-to-purchase-debt-at-a-discount?utm_source=rss_feed&utm_medium=rss&utm_campaign=rss_partner_inbound,2026-03-26,2026-03-27T08:12:04Z,MARA sells $1.1B in Bitcoin to buy back debt at 9% discount,"MARA Holdings sold 15,133 Bitcoin for roughly $1.1 billion in March to buy back $1 billion of zero-coupon convertible notes at a discount, reducing its convertible debt by roughly 30%.",Bitcoin,"MARA sells $1.1B in Bitcoin to buy back debt at 9% discount. MARA Holdings sold 15,133 Bitcoin for roughly $1.1 billion in March to buy back $1 billion of zero-coupon convertible notes at a discount, reducing its convertible debt by roughly 30%..",0.0,neutral,0.0,Signals are mixed or informational (score 0.000).,llama3.2,v1.0.0,2026-03-27T08:12:08Z
cointelegraph,https://cointelegraph.com/news/bitcoin-whales-buy-61k-btc-global-uncertainty?utm_source=rss_feed&utm_medium=rss_tag_bitcoin&utm_campaign=rss_partner_inbound,2026-03-26,2026-03-27T08:12:04Z,"Whales, sharks buy 61,000 BTC in a month amid global uncertainty",Not all whales have been accumulating; two moved tens of millions of dollars to exchanges on March 19 as Bitcoin fell amid an escalation of the Iran conflict.,Bitcoin,"Whales, sharks buy 61,000 BTC in a month amid global uncertainty. Not all whales have been accumulating; two moved tens of millions of dollars to exchanges on March 19 as Bitcoin fell amid an escalation of the Iran conflict..",0.0,neutral,0.0,Signals are mixed or informational (score 0.000).,llama3.2,v1.0.0,2026-03-27T08:12:08Z
cointelegraph,https://cointelegraph.com/news/bitcoin-gained-655percent-the-last-time-this-supply-in-profit-metric-dropped-to-50percent?utm_source=rss_feed&utm_medium=rss_tag_bitcoin&utm_campaign=rss_partner_inbound,2026-03-26,2026-03-27T08:12:04Z,Bitcoin gained 655% the last time this supply in profit metric dropped to 50%,"Bitcoin’s total supply in profit metric fell below 50% in February, a threshold linked to previous BTC accumulation phases. Does data predict a similar outcome?",Bitcoin,"Bitcoin gained 655% the last time this supply in profit metric dropped to 50%. Bitcoin’s total supply in profit metric fell below 50% in February, a threshold linked to previous BTC accumulation phases. Does data predict a similar outcome?.",0.0,neutral,0.0,Signals are mixed or informational (score 0.000).,llama3.2,v1.0.0,2026-03-27T08:12:08Z
cointelegraph,https://cointelegraph.com/news/twenty-one-2nd-largest-btc-holder-mara?utm_source=rss_feed&utm_medium=rss_tag_bitcoin&utm_campaign=rss_partner_inbound,2026-03-26,2026-03-27T08:12:04Z,Twenty One Capital now 2nd-largest publicly traded BTC holder after MARA sale,"Bitcoin advocate Jack Mallers' Twenty One Capital holds 43,514 BTC in its corporate treasury, now second only to Strategy's 762,099 BTC accumulation.",Bitcoin,"Twenty One Capital now 2nd-largest publicly traded BTC holder after MARA sale. Bitcoin advocate Jack Mallers' Twenty One Capital holds 43,514 BTC in its corporate treasury, now second only to Strategy's 762,099 BTC accumulation..",0.0,neutral,0.0,Signals are mixed or informational (score 0.000).,llama3.2,v1.0.0,2026-03-27T08:12:08Z
cointelegraph,https://cointelegraph.com/news/bitcoin-floor-near-dollar70k-as-tradfi-returns-will-war-inflation-break-their-belief?utm_source=rss_feed&utm_medium=rss_tag_bitcoin&utm_campaign=rss_partner_inbound,2026-03-26,2026-03-27T08:12:04Z,"Bitcoin floor ‘near $70K’ as TradFi returns: Will war, inflation break their belief?","Bitcoin mass adoption by institutional investors has resumed, but global instability and the risk of rising US inflation put a lid on BTC’s breakouts above $70,000.",Bitcoin,"Bitcoin floor ‘near $70K’ as TradFi returns: Will war, inflation break their belief?. Bitcoin mass adoption by institutional investors has resumed, but global instability and the risk of rising US inflation put a lid on BTC’s breakouts above $70,000..",0.0,neutral,0.0,Signals are mixed or informational (score 0.000).,llama3.2,v1.0.0,2026-03-27T08:12:08Z
cointelegraph,https://cointelegraph.com/news/mezo-aerodrome-base-token-trading-bitcoin-defi?utm_source=rss_feed&utm_medium=rss_tag_bitcoin&utm_campaign=rss_partner_inbound,2026-03-26,2026-03-27T08:12:04Z,Mezo taps Aerodrome to support token trading on Base in Bitcoin DeFi push,The Bitcoin lending protocol will allocate 2.25% of its token supply to Aerodrome users as it looks to expand activity for its token and stablecoin.,Bitcoin,Mezo taps Aerodrome to support token trading on Base in Bitcoin DeFi push. The Bitcoin lending protocol will allocate 2.25% of its token supply to Aerodrome users as it looks to expand activity for its token and stablecoin..,0.0,neutral,0.0,Signals are mixed or informational (score 0.000).,llama3.2,v1.0.0,2026-03-27T08:12:08Z
cointelegraph,https://cointelegraph.com/news/coinbase-launches-token-backed-down-payments-for-fannie-mae-loans?utm_source=rss_feed&utm_medium=rss_tag_bitcoin&utm_campaign=rss_partner_inbound,2026-03-26,2026-03-27T08:12:04Z,Coinbase launches token-backed down payments for Fannie Mae loans,Coinbase and Better Home & Finance launched a structure that lets borrowers pledge Bitcoin or USDC to fund the cash down payment on a conforming mortgage tied to Fannie Mae-backed loans.,Bitcoin,Coinbase launches token-backed down payments for Fannie Mae loans. Coinbase and Better Home & Finance launched a structure that lets borrowers pledge Bitcoin or USDC to fund the cash down payment on a conforming mortgage tied to Fannie Mae-backed loans..,0.0,neutral,0.0,Signals are mixed or informational (score 0.000).,llama3.2,v1.0.0,2026-03-27T08:12:08Z
cointelegraph,https://cointelegraph.com/news/coinbase-launches-token-backed-down-payments-for-fannie-mae-loans?utm_source=rss_feed&utm_medium=rss_tag_bitcoin&utm_campaign=rss_partner_inbound,2026-03-26,2026-03-27T08:12:04Z,Coinbase launches token-backed down payments for Fannie Mae loans,Coinbase and Better Home & Finance launched a structure that lets borrowers pledge Bitcoin or USDC to fund the cash down payment on a conforming mortgage tied to Fannie Mae-backed loans.,USDC,Coinbase launches token-backed down payments for Fannie Mae loans. Coinbase and Better Home & Finance launched a structure that lets borrowers pledge Bitcoin or USDC to fund the cash down payment on a conforming mortgage tied to Fannie Mae-backed loans..,0.0,neutral,0.0,Signals are mixed or informational (score 0.000).,llama3.2,v1.0.0,2026-03-27T08:12:08Z
cointelegraph,https://cointelegraph.com/news/bitcoin-dips-3percent-analysis-70k-btc-price-not-obviously-bearish?utm_source=rss_feed&utm_medium=rss_tag_bitcoin&utm_campaign=rss_partner_inbound,2026-03-26,2026-03-27T08:12:04Z,Bitcoin dips 3% as analysis says $70K BTC price ‘not obviously bearish’,"Bitcoin lost its grip on $70,000 amid inflation and recession talk as analysis suggested that BTC price action lacked ""outright stress.""",Bitcoin,"Bitcoin dips 3% as analysis says $70K BTC price ‘not obviously bearish’. Bitcoin lost its grip on $70,000 amid inflation and recession talk as analysis suggested that BTC price action lacked ""outright stress."".",0.0,neutral,0.0,Signals are mixed or informational (score 0.000).,llama3.2,v1.0.0,2026-03-27T08:12:08Z
cointelegraph,https://cointelegraph.com/news/mara-sells-1-1b-btc-in-march-to-purchase-debt-at-a-discount?utm_source=rss_feed&utm_medium=rss_tag_bitcoin&utm_campaign=rss_partner_inbound,2026-03-26,2026-03-27T08:12:04Z,MARA sells $1.1B in Bitcoin to buy back debt at 9% discount,"MARA Holdings sold 15,133 Bitcoin for roughly $1.1 billion in March to buy back $1 billion of zero-coupon convertible notes at a discount, reducing its convertible debt by roughly 30%.",Bitcoin,"MARA sells $1.1B in Bitcoin to buy back debt at 9% discount. MARA Holdings sold 15,133 Bitcoin for roughly $1.1 billion in March to buy back $1 billion of zero-coupon convertible notes at a discount, reducing its convertible debt by roughly 30%..",0.0,neutral,0.0,Signals are mixed or informational (score 0.000).,llama3.2,v1.0.0,2026-03-27T08:12:08Z
cointelegraph,https://cointelegraph.com/explained/uk-bitcoin-theft-seed-phrase-leak?utm_source=rss_feed&utm_medium=rss_tag_bitcoin&utm_campaign=rss_partner_inbound,2026-03-26,2026-03-27T08:12:04Z,How a seed phrase leak led to a $176M Bitcoin theft case,A $176 million Bitcoin theft tied to a seed phrase leak reveals how simple surveillance can bypass crypto security and drain entire wallets.,Bitcoin,How a seed phrase leak led to a $176M Bitcoin theft case. A $176 million Bitcoin theft tied to a seed phrase leak reveals how simple surveillance can bypass crypto security and drain entire wallets..,0.0,neutral,0.0,Signals are mixed or informational (score 0.000).,llama3.2,v1.0.0,2026-03-27T08:12:08Z
cointelegraph,https://cointelegraph.com/news/bitcoin-governance-slow-fend-quantum-risks?utm_source=rss_feed&utm_medium=rss_tag_bitcoin&utm_campaign=rss_partner_inbound,2026-03-26,2026-03-27T08:12:04Z,Is Bitcoin’s governance too slow to fend off quantum risks?,BOLT Technologies founder Yoon Auh says the real challenge in the quantum transition is whether blockchain networks can coordinate system-wide upgrades.,Bitcoin,Is Bitcoin’s governance too slow to fend off quantum risks?. BOLT Technologies founder Yoon Auh says the real challenge in the quantum transition is whether blockchain networks can coordinate system-wide upgrades..,0.0,neutral,0.0,Signals are mixed or informational (score 0.000).,llama3.2,v1.0.0,2026-03-27T08:12:08Z
cointelegraph,https://cointelegraph.com/news/bitcoin-in-later-stages-of-bear-market-watch-these-btc-price-levels?utm_source=rss_feed&utm_medium=rss_tag_bitcoin&utm_campaign=rss_partner_inbound,2026-03-26,2026-03-27T08:12:04Z,Bitcoin in ‘later stages’ of bear market: Watch these BTC price levels,"Bitcoin was down 44% from its $126,000 all-time highs as key onchain and technical indicators suggested BTC is entering the late phase of the bear market.",Bitcoin,"Bitcoin in ‘later stages’ of bear market: Watch these BTC price levels. Bitcoin was down 44% from its $126,000 all-time highs as key onchain and technical indicators suggested BTC is entering the late phase of the bear market..",0.0,neutral,0.0,Signals are mixed or informational (score 0.000).,llama3.2,v1.0.0,2026-03-27T08:12:08Z
cointelegraph,https://cointelegraph.com/news/us-recession-odds-near-50-can-bitcoin-copy-2020-comeback-gains?utm_source=rss_feed&utm_medium=rss_tag_bitcoin&utm_campaign=rss_partner_inbound,2026-03-26,2026-03-27T08:12:04Z,US recession odds near 50%: Can Bitcoin copy 2020 comeback gains?,"US recession fears multiplied this week as BlackRock's Larry Fink warned of a ""global"" downturn over oil prices, with Bitcoin still tied to stocks.",Bitcoin,"US recession odds near 50%: Can Bitcoin copy 2020 comeback gains?. US recession fears multiplied this week as BlackRock's Larry Fink warned of a ""global"" downturn over oil prices, with Bitcoin still tied to stocks..",0.0,neutral,0.0,Signals are mixed or informational (score 0.000).,llama3.2,v1.0.0,2026-03-27T08:12:08Z
cointelegraph,https://cointelegraph.com/news/bitcoin-mining-squeeze-narrows-field-of-viable-operators-coinshares?utm_source=rss_feed&utm_medium=rss_tag_bitcoin&utm_campaign=rss_partner_inbound,2026-03-26,2026-03-27T08:12:04Z,CoinShares says up to 20% of Bitcoin miners are unprofitable,"CoinShares says up to 20% of Bitcoin miners may be unprofitable at current hashprice levels, particularly those running older machines or paying higher power costs.",Bitcoin,"CoinShares says up to 20% of Bitcoin miners are unprofitable. CoinShares says up to 20% of Bitcoin miners may be unprofitable at current hashprice levels, particularly those running older machines or paying higher power costs..",0.0,neutral,0.0,Signals are mixed or informational (score 0.000).,llama3.2,v1.0.0,2026-03-27T08:12:08Z
cointelegraph,https://cointelegraph.com/news/18-6b-in-bitcoin-options-expire-friday-should-traders-prepare-for-75k-btc?utm_source=rss_feed&utm_medium=rss_tag_bitcoin&utm_campaign=rss_partner_inbound,2026-03-25,2026-03-27T08:12:04Z,$18.6B in Bitcoin options expire Friday: Should traders prepare for $75K BTC?,"Bitcoin bulls face an uphill battle to turn the March options expiry in their favor, requiring a 6% price rally to $75,000 before Friday.",Bitcoin,"$18.6B in Bitcoin options expire Friday: Should traders prepare for $75K BTC?. Bitcoin bulls face an uphill battle to turn the March options expiry in their favor, requiring a 6% price rally to $75,000 before Friday..",0.0,neutral,0.0,Signals are mixed or informational (score 0.000).,llama3.2,v1.0.0,2026-03-27T08:12:08Z
cointelegraph,https://cointelegraph.com/news/bitcoin-compression-outcome-may-send-btc-to-dollar80k-analyst?utm_source=rss_feed&utm_medium=rss_tag_bitcoin&utm_campaign=rss_partner_inbound,2026-03-25,2026-03-27T08:12:04Z,Bitcoin ‘compression’ outcome may send BTC to $80K: Analyst,"Bitcoin charts point to a possible rally to $80,000, but spot volumes need to increase in order for the rally to hold.",Bitcoin,"Bitcoin ‘compression’ outcome may send BTC to $80K: Analyst. Bitcoin charts point to a possible rally to $80,000, but spot volumes need to increase in order for the rally to hold..",0.0,neutral,0.0,Signals are mixed or informational (score 0.000).,llama3.2,v1.0.0,2026-03-27T08:12:08Z
cointelegraph,https://cointelegraph.com/news/price-predictions-3-25-btc-eth-bnb-xrp-sol-doge-hype-ada-bch-link?utm_source=rss_feed&utm_medium=rss_tag_bitcoin&utm_campaign=rss_partner_inbound,2026-03-25,2026-03-27T08:12:04Z,"Price predictions 3/25: BTC, ETH, BNB, XRP, SOL, DOGE, HYPE, ADA, BCH, LINK","Bitcoin bulls are attempting to seize control of the market, but they are expected to face strong resistance in the $72,000 to $74,500 zone.",Bitcoin,"Price predictions 3/25: BTC, ETH, BNB, XRP, SOL, DOGE, HYPE, ADA, BCH, LINK. Bitcoin bulls are attempting to seize control of the market, but they are expected to face strong resistance in the $72,000 to $74,500 zone..",0.0,neutral,0.0,Signals are mixed or informational (score 0.000).,llama3.2,v1.0.0,2026-03-27T08:12:08Z
cointelegraph,https://cointelegraph.com/news/price-predictions-3-25-btc-eth-bnb-xrp-sol-doge-hype-ada-bch-link?utm_source=rss_feed&utm_medium=rss_tag_bitcoin&utm_campaign=rss_partner_inbound,2026-03-25,2026-03-27T08:12:04Z,"Price predictions 3/25: BTC, ETH, BNB, XRP, SOL, DOGE, HYPE, ADA, BCH, LINK","Bitcoin bulls are attempting to seize control of the market, but they are expected to face strong resistance in the $72,000 to $74,500 zone.",Ethereum,"Price predictions 3/25: BTC, ETH, BNB, XRP, SOL, DOGE, HYPE, ADA, BCH, LINK. Bitcoin bulls are attempting to seize control of the market, but they are expected to face strong resistance in the $72,000 to $74,500 zone..",0.0,neutral,0.0,Signals are mixed or informational (score 0.000).,llama3.2,v1.0.0,2026-03-27T08:12:08Z
cointelegraph,https://cointelegraph.com/news/price-predictions-3-25-btc-eth-bnb-xrp-sol-doge-hype-ada-bch-link?utm_source=rss_feed&utm_medium=rss_tag_bitcoin&utm_campaign=rss_partner_inbound,2026-03-25,2026-03-27T08:12:04Z,"Price predictions 3/25: BTC, ETH, BNB, XRP, SOL, DOGE, HYPE, ADA, BCH, LINK","Bitcoin bulls are attempting to seize control of the market, but they are expected to face strong resistance in the $72,000 to $74,500 zone.",Dogecoin,"Price predictions 3/25: BTC, ETH, BNB, XRP, SOL, DOGE, HYPE, ADA, BCH, LINK. Bitcoin bulls are attempting to seize control of the market, but they are expected to face strong resistance in the $72,000 to $74,500 zone..",0.0,neutral,0.0,Signals are mixed or informational (score 0.000).,llama3.2,v1.0.0,2026-03-27T08:12:08Z
cointelegraph,https://cointelegraph.com/news/price-predictions-3-25-btc-eth-bnb-xrp-sol-doge-hype-ada-bch-link?utm_source=rss_feed&utm_medium=rss_tag_bitcoin&utm_campaign=rss_partner_inbound,2026-03-25,2026-03-27T08:12:04Z,"Price predictions 3/25: BTC, ETH, BNB, XRP, SOL, DOGE, HYPE, ADA, BCH, LINK","Bitcoin bulls are attempting to seize control of the market, but they are expected to face strong resistance in the $72,000 to $74,500 zone.",Solana,"Price predictions 3/25: BTC, ETH, BNB, XRP, SOL, DOGE, HYPE, ADA, BCH, LINK. Bitcoin bulls are attempting to seize control of the market, but they are expected to face strong resistance in the $72,000 to $74,500 zone..",0.0,neutral,0.0,Signals are mixed or informational (score 0.000).,llama3.2,v1.0.0,2026-03-27T08:12:08Z
cointelegraph,https://cointelegraph.com/news/price-predictions-3-25-btc-eth-bnb-xrp-sol-doge-hype-ada-bch-link?utm_source=rss_feed&utm_medium=rss_tag_bitcoin&utm_campaign=rss_partner_inbound,2026-03-25,2026-03-27T08:12:04Z,"Price predictions 3/25: BTC, ETH, BNB, XRP, SOL, DOGE, HYPE, ADA, BCH, LINK","Bitcoin bulls are attempting to seize control of the market, but they are expected to face strong resistance in the $72,000 to $74,500 zone.",BNB,"Price predictions 3/25: BTC, ETH, BNB, XRP, SOL, DOGE, HYPE, ADA, BCH, LINK. Bitcoin bulls are attempting to seize control of the market, but they are expected to face strong resistance in the $72,000 to $74,500 zone..",0.0,neutral,0.0,Signals are mixed or informational (score 0.000).,llama3.2,v1.0.0,2026-03-27T08:12:08Z
cointelegraph,https://cointelegraph.com/news/price-predictions-3-25-btc-eth-bnb-xrp-sol-doge-hype-ada-bch-link?utm_source=rss_feed&utm_medium=rss_tag_bitcoin&utm_campaign=rss_partner_inbound,2026-03-25,2026-03-27T08:12:04Z,"Price predictions 3/25: BTC, ETH, BNB, XRP, SOL, DOGE, HYPE, ADA, BCH, LINK","Bitcoin bulls are attempting to seize control of the market, but they are expected to face strong resistance in the $72,000 to $74,500 zone.",XRP,"Price predictions 3/25: BTC, ETH, BNB, XRP, SOL, DOGE, HYPE, ADA, BCH, LINK. Bitcoin bulls are attempting to seize control of the market, but they are expected to face strong resistance in the $72,000 to $74,500 zone..",0.0,neutral,0.0,Signals are mixed or informational (score 0.000).,llama3.2,v1.0.0,2026-03-27T08:12:08Z
cointelegraph,https://cointelegraph.com/news/bitcoin-pinned-under-74k-four-metrics-weaker-demand?utm_source=rss_feed&utm_medium=rss_tag_bitcoin&utm_campaign=rss_partner_inbound,2026-03-25,2026-03-27T08:12:04Z,Bitcoin pinned under $72K as four network metrics show 'weaker demand',"Bitcoin price remains stuck below $72,000 as investor distribution, low whale activity and declining network growth cast doubt on BTC's short term prospects.",Bitcoin,"Bitcoin pinned under $72K as four network metrics show 'weaker demand'. Bitcoin price remains stuck below $72,000 as investor distribution, low whale activity and declining network growth cast doubt on BTC's short term prospects..",0.0,neutral,0.0,Signals are mixed or informational (score 0.000).,llama3.2,v1.0.0,2026-03-27T08:12:08Z
cointelegraph,https://cointelegraph.com/news/bitcoin-iran-war-behaves-like-risk-asset?utm_source=rss_feed&utm_medium=rss_tag_bitcoin&utm_campaign=rss_partner_inbound,2026-03-25,2026-03-27T08:12:04Z,"Bitcoin rebounds during Iran war, but safe haven role unproven","Bitcoin is beating gold during the Iran war, but its dependence on liquidity cycles keeps the safe haven narrative in question.",Bitcoin,"Bitcoin rebounds during Iran war, but safe haven role unproven. Bitcoin is beating gold during the Iran war, but its dependence on liquidity cycles keeps the safe haven narrative in question..",0.0,neutral,0.0,Signals are mixed or informational (score 0.000).,llama3.2,v1.0.0,2026-03-27T08:12:08Z
cointelegraph,https://cointelegraph.com/news/bitcoin-bounces-50-day-trend-line-72k-btc-price-key-focus?utm_source=rss_feed&utm_medium=rss_tag_bitcoin&utm_campaign=rss_partner_inbound,2026-03-25,2026-03-27T08:12:04Z,Bitcoin bounces from 50-day trend line with $72K BTC price now key focus,"Bitcoin traders agreed that BTC price action needed to retake $72,000 to open up the odds of further upside as gold and US stocks gained.",Bitcoin,"Bitcoin bounces from 50-day trend line with $72K BTC price now key focus. Bitcoin traders agreed that BTC price action needed to retake $72,000 to open up the odds of further upside as gold and US stocks gained..",0.0,neutral,0.0,Signals are mixed or informational (score 0.000).,llama3.2,v1.0.0,2026-03-27T08:12:08Z
cointelegraph,https://cointelegraph.com/news/bitcoin-retakes-71k-us-sends-iran-15-point-ceasefire-plan?utm_source=rss_feed&utm_medium=rss_tag_bitcoin&utm_campaign=rss_partner_inbound,2026-03-25,2026-03-27T08:12:04Z,Bitcoin retakes $71K as US sends Iran 15-point ceasefire plan,"Bitcoin bounced back above $71,000 after US President Donald Trump’s administration sent a proposal to Iran aimed at ending the war.",Bitcoin,"Bitcoin retakes $71K as US sends Iran 15-point ceasefire plan. Bitcoin bounced back above $71,000 after US President Donald Trump’s administration sent a proposal to Iran aimed at ending the war..",0.0,neutral,0.0,Signals are mixed or informational (score 0.000).,llama3.2,v1.0.0,2026-03-27T08:12:08Z
cointelegraph,https://cointelegraph.com/news/bhutan-moves-519-bitcoin-sovereign-wallet-drawdown-march?utm_source=rss_feed&utm_medium=rss_tag_bitcoin&utm_campaign=rss_partner_inbound,2026-03-25,2026-03-27T08:12:04Z,Bhutan offloads another $37M in Bitcoin as sovereign wallet shrinks,"Bhutan moved 519 Bitcoin from its state-linked wallet, extending a March drawdown that has cut its sovereign stash far below 2024 levels.",Bitcoin,"Bhutan offloads another $37M in Bitcoin as sovereign wallet shrinks. Bhutan moved 519 Bitcoin from its state-linked wallet, extending a March drawdown that has cut its sovereign stash far below 2024 levels..",0.0,neutral,0.0,Signals are mixed or informational (score 0.000).,llama3.2,v1.0.0,2026-03-27T08:12:08Z
cointelegraph,https://cointelegraph.com/news/persistent-btc-exchange-outflow-suggests-genuine-accumulation-by-investors-analyst?utm_source=rss_feed&utm_medium=rss_tag_bitcoin&utm_campaign=rss_partner_inbound,2026-03-24,2026-03-27T08:12:04Z,Bitcoin exchange outflows show ‘genuine accumulation by investors’: Analyst,"Ongoing accumulation of Bitcoin is likely one of the factors behind why the cryptocurrency is trading in a tight range, say crypto analysts.",Bitcoin,"Bitcoin exchange outflows show ‘genuine accumulation by investors’: Analyst. Ongoing accumulation of Bitcoin is likely one of the factors behind why the cryptocurrency is trading in a tight range, say crypto analysts..",0.0,neutral,0.0,Signals are mixed or informational (score 0.000).,llama3.2,v1.0.0,2026-03-27T08:12:08Z
cointelegraph,https://cointelegraph.com/news/rising-us-treasury-yields-war-in-iran-rising-inflation-risk-pressure-bitcoin-price?utm_source=rss_feed&utm_medium=rss_tag_bitcoin&utm_campaign=rss_partner_inbound,2026-03-24,2026-03-27T08:12:04Z,"Rising US Treasury yields, war in Iran, rising inflation risk pressure Bitcoin price","Falling tech stock prices and rising bond yields have forced a rush for cash, preventing Bitcoin from gaining any bullish momentum.",Bitcoin,"Rising US Treasury yields, war in Iran, rising inflation risk pressure Bitcoin price. Falling tech stock prices and rising bond yields have forced a rush for cash, preventing Bitcoin from gaining any bullish momentum..",0.0,neutral,0.0,Signals are mixed or informational (score 0.000).,llama3.2,v1.0.0,2026-03-27T08:12:08Z
cointelegraph,https://cointelegraph.com/news/lombard-taps-bitwise-to-bring-bitcoin-yield-and-lending-to-institutional-custody-embargo-tuesday-2-30-et?utm_source=rss_feed&utm_medium=rss_tag_bitcoin&utm_campaign=rss_partner_inbound,2026-03-24,2026-03-27T08:12:04Z,Lombard taps Bitwise to offer Bitcoin yield and lending to institutional custody,Lombard CEO Jacob Phillips announced at the Digital Asset Summit that the platform enables institutions to earn yield and borrow against Bitcoin without moving assets out of custody.,Bitcoin,Lombard taps Bitwise to offer Bitcoin yield and lending to institutional custody. Lombard CEO Jacob Phillips announced at the Digital Asset Summit that the platform enables institutions to earn yield and borrow against Bitcoin without moving assets out of custody..,0.0,neutral,0.0,Signals are mixed or informational (score 0.000).,llama3.2,v1.0.0,2026-03-27T08:12:08Z
cointelegraph,https://cointelegraph.com/news/bitcoin-holders-shift-from-panic-to-cash-buffer-discipline-as-volatility-deepens?utm_source=rss_feed&utm_medium=rss_tag_bitcoin&utm_campaign=rss_partner_inbound,2026-03-24,2026-03-27T08:12:04Z,Bitcoin holders shift from panic to cash-buffer discipline as volatility deepens,"Bitcoin volatility rose as stablecoin flows surged to $440 billion over the weekend, highlighting investors’ pivot to cash as BTC spot and futures activity decreased.",Bitcoin,"Bitcoin holders shift from panic to cash-buffer discipline as volatility deepens. Bitcoin volatility rose as stablecoin flows surged to $440 billion over the weekend, highlighting investors’ pivot to cash as BTC spot and futures activity decreased..",0.0,neutral,0.0,Signals are mixed or informational (score 0.000).,llama3.2,v1.0.0,2026-03-27T08:12:08Z
cointelegraph,https://cointelegraph.com/news/bitcoin-hints-regime-shift-btc-price-dips-69-5k-iran-nerves?utm_source=rss_feed&utm_medium=rss_tag_bitcoin&utm_campaign=rss_partner_inbound,2026-03-24,2026-03-27T08:12:04Z,Bitcoin hints at ‘regime shift’ as BTC price dips to $69.5K on Iran nerves,"Bitcoin fell below $70,000 amid geopolitical tensions, while analysts pointed to early signs of a potential structural shift in market behavior.",Bitcoin,"Bitcoin hints at ‘regime shift’ as BTC price dips to $69.5K on Iran nerves. Bitcoin fell below $70,000 amid geopolitical tensions, while analysts pointed to early signs of a potential structural shift in market behavior..",0.0,neutral,0.0,Signals are mixed or informational (score 0.000).,llama3.2,v1.0.0,2026-03-27T08:12:08Z
cointelegraph,https://cointelegraph.com/news/omnes-apex-tokenized-bitcoin-mining-note-base?utm_source=rss_feed&utm_medium=rss_tag_bitcoin&utm_campaign=rss_partner_inbound,2026-03-24,2026-03-27T08:12:04Z,"Omnes, Apex to tokenize Bitcoin mining exposure via structured note on Base","Omnes and Apex plan to issue a tokenized Bitcoin mining debt note on Base, giving eligible non-US investors exposure to hashrate-linked returns.",Bitcoin,"Omnes, Apex to tokenize Bitcoin mining exposure via structured note on Base. Omnes and Apex plan to issue a tokenized Bitcoin mining debt note on Base, giving eligible non-US investors exposure to hashrate-linked returns..",0.0,neutral,0.0,Signals are mixed or informational (score 0.000).,llama3.2,v1.0.0,2026-03-27T08:12:08Z
cointelegraph,https://cointelegraph.com/news/what-happens-bitcoin-bond-yields-above-5percent?utm_source=rss_feed&utm_medium=rss_tag_bitcoin&utm_campaign=rss_partner_inbound,2026-03-24,2026-03-27T08:12:04Z,What happens to Bitcoin if US bond yields soar above 5%?,"Past oil-war shocks lifted inflation and hurt risk appetite, which raises the risk of Bitcoin falling below $50,000 in 2026.",Bitcoin,"What happens to Bitcoin if US bond yields soar above 5%?. Past oil-war shocks lifted inflation and hurt risk appetite, which raises the risk of Bitcoin falling below $50,000 in 2026..",0.0,neutral,0.0,Signals are mixed or informational (score 0.000).,llama3.2,v1.0.0,2026-03-27T08:12:08Z
cointelegraph,https://cointelegraph.com/news/bitcoin-value-off-the-chart-btc-price-metric-hits-record-lows-in-2026?utm_source=rss_feed&utm_medium=rss_tag_bitcoin&utm_campaign=rss_partner_inbound,2026-03-24,2026-03-27T08:12:04Z,Bitcoin value ‘off the chart’ as BTC price metric hits record lows in 2026,"Bitcoin Yardstick data confirmed a new record for BTC price ""deep value"" in February as miners battled the lowest price levels in 15 months.",Bitcoin,"Bitcoin value ‘off the chart’ as BTC price metric hits record lows in 2026. Bitcoin Yardstick data confirmed a new record for BTC price ""deep value"" in February as miners battled the lowest price levels in 15 months..",0.0,neutral,0.0,Signals are mixed or informational (score 0.000).,llama3.2,v1.0.0,2026-03-27T08:12:08Z
cointelegraph,https://cointelegraph.com/news/strategy-44-billion-plan-fund-bitcoin-buys?utm_source=rss_feed&utm_medium=rss_tag_bitcoin&utm_campaign=rss_partner_inbound,2026-03-23,2026-03-27T08:12:04Z,Strategy unveils $44.1B capital-raising capacity to buy more Bitcoin,"Strategy is increasingly turning to perpetual preferred stocks to fund its Bitcoin strategy, with the company adding 90,000 BTC to its balance sheet so far this year.",Bitcoin,"Strategy unveils $44.1B capital-raising capacity to buy more Bitcoin. Strategy is increasingly turning to perpetual preferred stocks to fund its Bitcoin strategy, with the company adding 90,000 BTC to its balance sheet so far this year..",0.0,neutral,0.0,Signals are mixed or informational (score 0.000).,llama3.2,v1.0.0,2026-03-27T08:12:08Z
cointelegraph,https://cointelegraph.com/news/ether-needs-these-3-indicators-to-flip-to-trigger-rally-above-2-4k?utm_source=rss_feed&utm_medium=rss_tag_ethereum&utm_campaign=rss_partner_inbound,2026-03-26,2026-03-27T08:12:04Z,Ether needs these 3 indicators to flip to trigger rally above $2.4K,"Spot ETF outlflows, falling DEX volumes and a declining ETH futures premium may be preventing Ether from rallying, but flipping them could catalyze a rally to $2,400.",Ethereum,"Ether needs these 3 indicators to flip to trigger rally above $2.4K. Spot ETF outlflows, falling DEX volumes and a declining ETH futures premium may be preventing Ether from rallying, but flipping them could catalyze a rally to $2,400..",0.0,neutral,0.0,Signals are mixed or informational (score 0.000).,llama3.2,v1.0.0,2026-03-27T08:12:08Z
cointelegraph,https://cointelegraph.com/news/bitcoin-quantum-rigidity-becomes-ethereum-s-biggest-bull-case-nic-carter?utm_source=rss_feed&utm_medium=rss_tag_ethereum&utm_campaign=rss_partner_inbound,2026-03-25,2026-03-27T08:12:04Z,Bitcoin’s quantum-resistance lag may become Ethereum’s bull case: Nic Carter,"Crypto entrepreneur Nic Carter claims that Bitcoin developers still have their ""head in the sand"" when it comes to making Bitcoin quantum-resistant, compared to Ethereum.",Bitcoin,"Bitcoin’s quantum-resistance lag may become Ethereum’s bull case: Nic Carter. Crypto entrepreneur Nic Carter claims that Bitcoin developers still have their ""head in the sand"" when it comes to making Bitcoin quantum-resistant, compared to Ethereum..",0.0,neutral,0.0,Signals are mixed or informational (score 0.000).,llama3.2,v1.0.0,2026-03-27T08:12:08Z
cointelegraph,https://cointelegraph.com/news/bitcoin-quantum-rigidity-becomes-ethereum-s-biggest-bull-case-nic-carter?utm_source=rss_feed&utm_medium=rss_tag_ethereum&utm_campaign=rss_partner_inbound,2026-03-25,2026-03-27T08:12:04Z,Bitcoin’s quantum-resistance lag may become Ethereum’s bull case: Nic Carter,"Crypto entrepreneur Nic Carter claims that Bitcoin developers still have their ""head in the sand"" when it comes to making Bitcoin quantum-resistant, compared to Ethereum.",Ethereum,"Bitcoin’s quantum-resistance lag may become Ethereum’s bull case: Nic Carter. Crypto entrepreneur Nic Carter claims that Bitcoin developers still have their ""head in the sand"" when it comes to making Bitcoin quantum-resistant, compared to Ethereum..",0.0,neutral,0.0,Signals are mixed or informational (score 0.000).,llama3.2,v1.0.0,2026-03-27T08:12:08Z
cointelegraph,https://cointelegraph.com/news/data-points-to-accelerating-ether-supply-crunch-will-eth-price-follow?utm_source=rss_feed&utm_medium=rss_tag_ethereum&utm_campaign=rss_partner_inbound,2026-03-25,2026-03-27T08:12:04Z,Data points to accelerating Ether supply crunch: Will ETH price follow?,The number of Ether staked continues to rise while ETH outflows from exchanges are increasing. Will the phenomenon have a positive or negative impact on ETH price?,Ethereum,Data points to accelerating Ether supply crunch: Will ETH price follow?. The number of Ether staked continues to rise while ETH outflows from exchanges are increasing. Will the phenomenon have a positive or negative impact on ETH price?.,0.0,neutral,0.0,Signals are mixed or informational (score 0.000).,llama3.2,v1.0.0,2026-03-27T08:12:08Z
cointelegraph,https://cointelegraph.com/news/bitmine-launches-mavan-an-institutional-ethereum-staking-platform?utm_source=rss_feed&utm_medium=rss_tag_ethereum&utm_campaign=rss_partner_inbound,2026-03-25,2026-03-27T08:12:04Z,Bitmine launches institutional Ethereum staking platform,The MAVAN platform extends Bitmine’s staking operations to external clients as institutional demand for validator infrastructure accelerates.,Ethereum,Bitmine launches institutional Ethereum staking platform. The MAVAN platform extends Bitmine’s staking operations to external clients as institutional demand for validator infrastructure accelerates..,0.0,neutral,0.0,Signals are mixed or informational (score 0.000).,llama3.2,v1.0.0,2026-03-27T08:12:08Z
cointelegraph,https://cointelegraph.com/news/ethereum-devs-up-security-efforts-post-quantum-team?utm_source=rss_feed&utm_medium=rss_tag_ethereum&utm_campaign=rss_partner_inbound,2026-03-24,2026-03-27T08:12:04Z,Ethereum devs up security efforts with new ‘Post-Quantum’ team,"The Ethereum Foundation-linked Post-Quantum team says while the quantum threat isn’t imminent, deploying a full solution without disrupting the network will take years.",Ethereum,"Ethereum devs up security efforts with new ‘Post-Quantum’ team. The Ethereum Foundation-linked Post-Quantum team says while the quantum threat isn’t imminent, deploying a full solution without disrupting the network will take years..",0.0,neutral,0.0,Signals are mixed or informational (score 0.000).,llama3.2,v1.0.0,2026-03-27T08:12:08Z
cointelegraph,https://cointelegraph.com/news/ethereum-price-rally-pauses-at-2-200-what-will-trigger-breakout?utm_source=rss_feed&utm_medium=rss_tag_ethereum&utm_campaign=rss_partner_inbound,2026-03-24,2026-03-27T08:12:04Z,Ethereum price rally pauses at $2.2K: What will trigger breakout?,"A resurgence in institutional demand and spot ETF inflow return could put Ethereum price in a better position to overcome the next hurdle at $2,200.",Ethereum,"Ethereum price rally pauses at $2.2K: What will trigger breakout?. A resurgence in institutional demand and spot ETF inflow return could put Ethereum price in a better position to overcome the next hurdle at $2,200..",0.0,neutral,0.0,Signals are mixed or informational (score 0.000).,llama3.2,v1.0.0,2026-03-27T08:12:08Z
cointelegraph,https://cointelegraph.com/news/tom-lee-bitmine-ether-77-percent-crypto-winter-end?utm_source=rss_feed&utm_medium=rss_tag_ethereum&utm_campaign=rss_partner_inbound,2026-03-23,2026-03-27T08:12:04Z,Bitmine chair sees ‘mini-crypto winter’ thaw for ETH as it hits 77% of goal,"Bitmine Immersion Technologies bought another $139 million in Ether last week, bringing its ETH holdings to 4.6 million.",Ethereum,"Bitmine chair sees ‘mini-crypto winter’ thaw for ETH as it hits 77% of goal. Bitmine Immersion Technologies bought another $139 million in Ether last week, bringing its ETH holdings to 4.6 million..",0.0,neutral,0.0,Signals are mixed or informational (score 0.000).,llama3.2,v1.0.0,2026-03-27T08:12:08Z
cointelegraph,https://cointelegraph.com/news/ethereum-25-rally-richest-eth-whale-return-profitable?utm_source=rss_feed&utm_medium=rss_tag_ethereum&utm_campaign=rss_partner_inbound,2026-03-21,2026-03-27T08:12:04Z,Ethereum may see 25% rally as richest ETH whales return to ‘profitable state’,"ETH could approach $2,750 by June and $3,200 by September if a historical whale-profit signal repeats, though past cycles show mixed outcomes.",Ethereum,"Ethereum may see 25% rally as richest ETH whales return to ‘profitable state’. ETH could approach $2,750 by June and $3,200 by September if a historical whale-profit signal repeats, though past cycles show mixed outcomes..",0.0,neutral,0.0,Signals are mixed or informational (score 0.000).,llama3.2,v1.0.0,2026-03-27T08:12:08Z
cointelegraph,https://cointelegraph.com/news/ethereum-whale-thomasg-eth-buys-19-5m?utm_source=rss_feed&utm_medium=rss_tag_ethereum&utm_campaign=rss_partner_inbound,2026-03-21,2026-03-27T08:12:04Z,Early Ethereum whale rebuilds stack with $19.5M in ETH buys,"Ethereum whale thomasg.eth has accumulated $19.5 million in ETH this week, as Bitmine’s Tom Lee argues the market may be nearing the end of “crypto winter.”",Ethereum,"Early Ethereum whale rebuilds stack with $19.5M in ETH buys. Ethereum whale thomasg.eth has accumulated $19.5 million in ETH this week, as Bitmine’s Tom Lee argues the market may be nearing the end of “crypto winter.”.",0.0,neutral,0.0,Signals are mixed or informational (score 0.000).,llama3.2,v1.0.0,2026-03-27T08:12:08Z
cointelegraph,https://cointelegraph.com/news/ether-taker-volume-hits-3-year-high-will-eth-avoid-a-19percent-price-decline?utm_source=rss_feed&utm_medium=rss_tag_ethereum&utm_campaign=rss_partner_inbound,2026-03-20,2026-03-27T08:12:04Z,Ether taker volume hits 3-year high: Will ETH avoid a 19% price decline?,"A strong buy signal not seen since 2022 just flashed on Ether, but the altcoin needs to hold above a key price level to avoid invalidating the pattern.",Ethereum,"Ether taker volume hits 3-year high: Will ETH avoid a 19% price decline?. A strong buy signal not seen since 2022 just flashed on Ether, but the altcoin needs to hold above a key price level to avoid invalidating the pattern..",0.0,neutral,0.0,Signals are mixed or informational (score 0.000).,llama3.2,v1.0.0,2026-03-27T08:12:08Z
cointelegraph,https://cointelegraph.com/news/bitcoin-quantum-rigidity-becomes-ethereum-s-biggest-bull-case-nic-carter?utm_source=rss_feed&utm_medium=rss_tag_blockchain&utm_campaign=rss_partner_inbound,2026-03-25,2026-03-27T08:12:04Z,Bitcoin’s quantum-resistance lag may become Ethereum’s bull case: Nic Carter,"Crypto entrepreneur Nic Carter claims that Bitcoin developers still have their ""head in the sand"" when it comes to making Bitcoin quantum-resistant, compared to Ethereum.",Bitcoin,"Bitcoin’s quantum-resistance lag may become Ethereum’s bull case: Nic Carter. Crypto entrepreneur Nic Carter claims that Bitcoin developers still have their ""head in the sand"" when it comes to making Bitcoin quantum-resistant, compared to Ethereum..",0.0,neutral,0.0,Signals are mixed or informational (score 0.000).,llama3.2,v1.0.0,2026-03-27T08:12:08Z
cointelegraph,https://cointelegraph.com/news/bitcoin-quantum-rigidity-becomes-ethereum-s-biggest-bull-case-nic-carter?utm_source=rss_feed&utm_medium=rss_tag_blockchain&utm_campaign=rss_partner_inbound,2026-03-25,2026-03-27T08:12:04Z,Bitcoin’s quantum-resistance lag may become Ethereum’s bull case: Nic Carter,"Crypto entrepreneur Nic Carter claims that Bitcoin developers still have their ""head in the sand"" when it comes to making Bitcoin quantum-resistant, compared to Ethereum.",Ethereum,"Bitcoin’s quantum-resistance lag may become Ethereum’s bull case: Nic Carter. Crypto entrepreneur Nic Carter claims that Bitcoin developers still have their ""head in the sand"" when it comes to making Bitcoin quantum-resistant, compared to Ethereum..",0.0,neutral,0.0,Signals are mixed or informational (score 0.000).,llama3.2,v1.0.0,2026-03-27T08:12:08Z
cointelegraph,https://cointelegraph.com/news/bitpanda-announces-vision-chain-europe-tokenization-race?utm_source=rss_feed&utm_medium=rss_tag_blockchain&utm_campaign=rss_partner_inbound,2026-03-25,2026-03-27T08:12:04Z,Bitpanda targets banks with Vision Chain tokenization platform,The Vienna-based crypto broker announced an Ethereum layer-2 designed for European banks and fintechs to issue tokenized assets under MiCA and MiFID II.,Ethereum,Bitpanda targets banks with Vision Chain tokenization platform. The Vienna-based crypto broker announced an Ethereum layer-2 designed for European banks and fintechs to issue tokenized assets under MiCA and MiFID II..,0.0,neutral,0.0,Signals are mixed or informational (score 0.000).,llama3.2,v1.0.0,2026-03-27T08:12:08Z
cointelegraph,https://cointelegraph.com/news/ripple-singapore-sandbox-rlusd-trade-finance?utm_source=rss_feed&utm_medium=rss_tag_blockchain&utm_campaign=rss_partner_inbound,2026-03-25,2026-03-27T08:12:04Z,Ripple joins Singapore sandbox to test RLUSD in trade finance,Ripple joined the Monetary Authority of Singapore’s BLOOM initiative with Unloq to test RLUSD and XRPL for programmable cross-border trade settlement in Singapore.,XRP,Ripple joins Singapore sandbox to test RLUSD in trade finance. Ripple joined the Monetary Authority of Singapore’s BLOOM initiative with Unloq to test RLUSD and XRPL for programmable cross-border trade settlement in Singapore..,0.0,neutral,0.0,Signals are mixed or informational (score 0.000).,llama3.2,v1.0.0,2026-03-27T08:12:08Z
cointelegraph,https://cointelegraph.com/news/aave-dao-backs-v4-deployment-near-unanimous-snapshot-vote?utm_source=rss_feed&utm_medium=rss_tag_blockchain&utm_campaign=rss_partner_inbound,2026-03-24,2026-03-27T08:12:04Z,Aave DAO backs V4 mainnet plan in near-unanimous vote,Aave founder Stani Kulechov says the proposal will move to a binding onchain vote to formalize V4’s deployment on Ethereum.,Ethereum,Aave DAO backs V4 mainnet plan in near-unanimous vote. Aave founder Stani Kulechov says the proposal will move to a binding onchain vote to formalize V4’s deployment on Ethereum..,0.0,neutral,0.0,Signals are mixed or informational (score 0.000).,llama3.2,v1.0.0,2026-03-27T08:12:08Z
cointelegraph,https://cointelegraph.com/news/ether-needs-these-3-indicators-to-flip-to-trigger-rally-above-2-4k?utm_source=rss_feed&utm_medium=rss_tag_altcoin&utm_campaign=rss_partner_inbound,2026-03-26,2026-03-27T08:12:04Z,Ether needs these 3 indicators to flip to trigger rally above $2.4K,"Spot ETF outlflows, falling DEX volumes and a declining ETH futures premium may be preventing Ether from rallying, but flipping them could catalyze a rally to $2,400.",Ethereum,"Ether needs these 3 indicators to flip to trigger rally above $2.4K. Spot ETF outlflows, falling DEX volumes and a declining ETH futures premium may be preventing Ether from rallying, but flipping them could catalyze a rally to $2,400..",0.0,neutral,0.0,Signals are mixed or informational (score 0.000).,llama3.2,v1.0.0,2026-03-27T08:12:08Z
cointelegraph,https://cointelegraph.com/news/xrp-price-risks-50-drop-despite-goldman-sachs-152m-etf?utm_source=rss_feed&utm_medium=rss_tag_altcoin&utm_campaign=rss_partner_inbound,2026-03-26,2026-03-27T08:12:04Z,XRP price risks 50% drop despite Goldman Sachs' $152M ETF exposure,"Goldman Sachs revealed a $152 million exposure to spot XRP ETFs, while volatility contracted to levels seen ahead of strong price moves.",XRP,"XRP price risks 50% drop despite Goldman Sachs' $152M ETF exposure. Goldman Sachs revealed a $152 million exposure to spot XRP ETFs, while volatility contracted to levels seen ahead of strong price moves..",0.0,neutral,0.0,Signals are mixed or informational (score 0.000).,llama3.2,v1.0.0,2026-03-27T08:12:08Z
cointelegraph,https://cointelegraph.com/news/data-points-to-accelerating-ether-supply-crunch-will-eth-price-follow?utm_source=rss_feed&utm_medium=rss_tag_altcoin&utm_campaign=rss_partner_inbound,2026-03-25,2026-03-27T08:12:04Z,Data points to accelerating Ether supply crunch: Will ETH price follow?,The number of Ether staked continues to rise while ETH outflows from exchanges are increasing. Will the phenomenon have a positive or negative impact on ETH price?,Ethereum,Data points to accelerating Ether supply crunch: Will ETH price follow?. The number of Ether staked continues to rise while ETH outflows from exchanges are increasing. Will the phenomenon have a positive or negative impact on ETH price?.,0.0,neutral,0.0,Signals are mixed or informational (score 0.000).,llama3.2,v1.0.0,2026-03-27T08:12:08Z
cointelegraph,https://cointelegraph.com/news/ethereum-price-rally-pauses-at-2-200-what-will-trigger-breakout?utm_source=rss_feed&utm_medium=rss_tag_altcoin&utm_campaign=rss_partner_inbound,2026-03-24,2026-03-27T08:12:04Z,Ethereum price rally pauses at $2.2K: What will trigger breakout?,"A resurgence in institutional demand and spot ETF inflow return could put Ethereum price in a better position to overcome the next hurdle at $2,200.",Ethereum,"Ethereum price rally pauses at $2.2K: What will trigger breakout?. A resurgence in institutional demand and spot ETF inflow return could put Ethereum price in a better position to overcome the next hurdle at $2,200..",0.0,neutral,0.0,Signals are mixed or informational (score 0.000).,llama3.2,v1.0.0,2026-03-27T08:12:08Z
cointelegraph,https://cointelegraph.com/news/tom-lee-bitmine-ether-77-percent-crypto-winter-end?utm_source=rss_feed&utm_medium=rss_tag_altcoin&utm_campaign=rss_partner_inbound,2026-03-23,2026-03-27T08:12:04Z,Bitmine chair sees ‘mini-crypto winter’ thaw for ETH as it hits 77% of goal,"Bitmine Immersion Technologies bought another $139 million in Ether last week, bringing its ETH holdings to 4.6 million.",Ethereum,"Bitmine chair sees ‘mini-crypto winter’ thaw for ETH as it hits 77% of goal. Bitmine Immersion Technologies bought another $139 million in Ether last week, bringing its ETH holdings to 4.6 million..",0.0,neutral,0.0,Signals are mixed or informational (score 0.000).,llama3.2,v1.0.0,2026-03-27T08:12:08Z
cointelegraph,https://cointelegraph.com/news/ethereum-25-rally-richest-eth-whale-return-profitable?utm_source=rss_feed&utm_medium=rss_tag_altcoin&utm_campaign=rss_partner_inbound,2026-03-21,2026-03-27T08:12:04Z,Ethereum may see 25% rally as richest ETH whales return to ‘profitable state’,"ETH could approach $2,750 by June and $3,200 by September if a historical whale-profit signal repeats, though past cycles show mixed outcomes.",Ethereum,"Ethereum may see 25% rally as richest ETH whales return to ‘profitable state’. ETH could approach $2,750 by June and $3,200 by September if a historical whale-profit signal repeats, though past cycles show mixed outcomes..",0.0,neutral,0.0,Signals are mixed or informational (score 0.000).,llama3.2,v1.0.0,2026-03-27T08:12:08Z
cointelegraph,https://cointelegraph.com/news/ethereum-whale-thomasg-eth-buys-19-5m?utm_source=rss_feed&utm_medium=rss_tag_altcoin&utm_campaign=rss_partner_inbound,2026-03-21,2026-03-27T08:12:04Z,Early Ethereum whale rebuilds stack with $19.5M in ETH buys,"Ethereum whale thomasg.eth has accumulated $19.5 million in ETH this week, as Bitmine’s Tom Lee argues the market may be nearing the end of “crypto winter.”",Ethereum,"Early Ethereum whale rebuilds stack with $19.5M in ETH buys. Ethereum whale thomasg.eth has accumulated $19.5 million in ETH this week, as Bitmine’s Tom Lee argues the market may be nearing the end of “crypto winter.”.",0.0,neutral,0.0,Signals are mixed or informational (score 0.000).,llama3.2,v1.0.0,2026-03-27T08:12:08Z
cointelegraph,https://cointelegraph.com/news/ether-taker-volume-hits-3-year-high-will-eth-avoid-a-19percent-price-decline?utm_source=rss_feed&utm_medium=rss_tag_altcoin&utm_campaign=rss_partner_inbound,2026-03-20,2026-03-27T08:12:04Z,Ether taker volume hits 3-year high: Will ETH avoid a 19% price decline?,"A strong buy signal not seen since 2022 just flashed on Ether, but the altcoin needs to hold above a key price level to avoid invalidating the pattern.",Ethereum,"Ether taker volume hits 3-year high: Will ETH avoid a 19% price decline?. A strong buy signal not seen since 2022 just flashed on Ether, but the altcoin needs to hold above a key price level to avoid invalidating the pattern..",0.0,neutral,0.0,Signals are mixed or informational (score 0.000).,llama3.2,v1.0.0,2026-03-27T08:12:08Z
cointelegraph,https://cointelegraph.com/news/ether-needs-these-3-indicators-to-flip-to-trigger-rally-above-2-4k?utm_source=rss_feed&utm_medium=rss_category_market-analysis&utm_campaign=rss_partner_inbound,2026-03-26,2026-03-27T08:12:04Z,Ether needs these 3 indicators to flip to trigger rally above $2.4K,"Spot ETF outlflows, falling DEX volumes and a declining ETH futures premium may be preventing Ether from rallying, but flipping them could catalyze a rally to $2,400.",Ethereum,"Ether needs these 3 indicators to flip to trigger rally above $2.4K. Spot ETF outlflows, falling DEX volumes and a declining ETH futures premium may be preventing Ether from rallying, but flipping them could catalyze a rally to $2,400..",0.0,neutral,0.0,Signals are mixed or informational (score 0.000).,llama3.2,v1.0.0,2026-03-27T08:12:09Z
cointelegraph,https://cointelegraph.com/news/bitcoin-gained-655percent-the-last-time-this-supply-in-profit-metric-dropped-to-50percent?utm_source=rss_feed&utm_medium=rss_category_market-analysis&utm_campaign=rss_partner_inbound,2026-03-26,2026-03-27T08:12:04Z,Bitcoin gained 655% the last time this supply in profit metric dropped to 50%,"Bitcoin’s total supply in profit metric fell below 50% in February, a threshold linked to previous BTC accumulation phases. Does data predict a similar outcome?",Bitcoin,"Bitcoin gained 655% the last time this supply in profit metric dropped to 50%. Bitcoin’s total supply in profit metric fell below 50% in February, a threshold linked to previous BTC accumulation phases. Does data predict a similar outcome?.",0.0,neutral,0.0,Signals are mixed or informational (score 0.000).,llama3.2,v1.0.0,2026-03-27T08:12:09Z
cointelegraph,https://cointelegraph.com/news/xrp-price-risks-50-drop-despite-goldman-sachs-152m-etf?utm_source=rss_feed&utm_medium=rss_category_market-analysis&utm_campaign=rss_partner_inbound,2026-03-26,2026-03-27T08:12:04Z,XRP price risks 50% drop despite Goldman Sachs' $152M ETF exposure,"Goldman Sachs revealed a $152 million exposure to spot XRP ETFs, while volatility contracted to levels seen ahead of strong price moves.",XRP,"XRP price risks 50% drop despite Goldman Sachs' $152M ETF exposure. Goldman Sachs revealed a $152 million exposure to spot XRP ETFs, while volatility contracted to levels seen ahead of strong price moves..",0.0,neutral,0.0,Signals are mixed or informational (score 0.000).,llama3.2,v1.0.0,2026-03-27T08:12:09Z
cointelegraph,https://cointelegraph.com/news/bitcoin-in-later-stages-of-bear-market-watch-these-btc-price-levels?utm_source=rss_feed&utm_medium=rss_category_market-analysis&utm_campaign=rss_partner_inbound,2026-03-26,2026-03-27T08:12:04Z,Bitcoin in ‘later stages’ of bear market: Watch these BTC price levels,"Bitcoin was down 44% from its $126,000 all-time highs as key onchain and technical indicators suggested BTC is entering the late phase of the bear market.",Bitcoin,"Bitcoin in ‘later stages’ of bear market: Watch these BTC price levels. Bitcoin was down 44% from its $126,000 all-time highs as key onchain and technical indicators suggested BTC is entering the late phase of the bear market..",0.0,neutral,0.0,Signals are mixed or informational (score 0.000).,llama3.2,v1.0.0,2026-03-27T08:12:09Z
cointelegraph,https://cointelegraph.com/news/18-6b-in-bitcoin-options-expire-friday-should-traders-prepare-for-75k-btc?utm_source=rss_feed&utm_medium=rss_category_market-analysis&utm_campaign=rss_partner_inbound,2026-03-25,2026-03-27T08:12:04Z,$18.6B in Bitcoin options expire Friday: Should traders prepare for $75K BTC?,"Bitcoin bulls face an uphill battle to turn the March options expiry in their favor, requiring a 6% price rally to $75,000 before Friday.",Bitcoin,"$18.6B in Bitcoin options expire Friday: Should traders prepare for $75K BTC?. Bitcoin bulls face an uphill battle to turn the March options expiry in their favor, requiring a 6% price rally to $75,000 before Friday..",0.0,neutral,0.0,Signals are mixed or informational (score 0.000).,llama3.2,v1.0.0,2026-03-27T08:12:09Z
cointelegraph,https://cointelegraph.com/news/data-points-to-accelerating-ether-supply-crunch-will-eth-price-follow?utm_source=rss_feed&utm_medium=rss_category_market-analysis&utm_campaign=rss_partner_inbound,2026-03-25,2026-03-27T08:12:04Z,Data points to accelerating Ether supply crunch: Will ETH price follow?,The number of Ether staked continues to rise while ETH outflows from exchanges are increasing. Will the phenomenon have a positive or negative impact on ETH price?,Ethereum,Data points to accelerating Ether supply crunch: Will ETH price follow?. The number of Ether staked continues to rise while ETH outflows from exchanges are increasing. Will the phenomenon have a positive or negative impact on ETH price?.,0.0,neutral,0.0,Signals are mixed or informational (score 0.000).,llama3.2,v1.0.0,2026-03-27T08:12:09Z
cointelegraph,https://cointelegraph.com/news/bitcoin-compression-outcome-may-send-btc-to-dollar80k-analyst?utm_source=rss_feed&utm_medium=rss_category_market-analysis&utm_campaign=rss_partner_inbound,2026-03-25,2026-03-27T08:12:04Z,Bitcoin ‘compression’ outcome may send BTC to $80K: Analyst,"Bitcoin charts point to a possible rally to $80,000, but spot volumes need to increase in order for the rally to hold.",Bitcoin,"Bitcoin ‘compression’ outcome may send BTC to $80K: Analyst. Bitcoin charts point to a possible rally to $80,000, but spot volumes need to increase in order for the rally to hold..",0.0,neutral,0.0,Signals are mixed or informational (score 0.000).,llama3.2,v1.0.0,2026-03-27T08:12:09Z
cointelegraph,https://cointelegraph.com/news/bitcoin-pinned-under-74k-four-metrics-weaker-demand?utm_source=rss_feed&utm_medium=rss_category_market-analysis&utm_campaign=rss_partner_inbound,2026-03-25,2026-03-27T08:12:04Z,Bitcoin pinned under $72K as four network metrics show 'weaker demand',"Bitcoin price remains stuck below $72,000 as investor distribution, low whale activity and declining network growth cast doubt on BTC's short term prospects.",Bitcoin,"Bitcoin pinned under $72K as four network metrics show 'weaker demand'. Bitcoin price remains stuck below $72,000 as investor distribution, low whale activity and declining network growth cast doubt on BTC's short term prospects..",0.0,neutral,0.0,Signals are mixed or informational (score 0.000).,llama3.2,v1.0.0,2026-03-27T08:12:09Z
cointelegraph,https://cointelegraph.com/news/bitcoin-retakes-71k-us-sends-iran-15-point-ceasefire-plan?utm_source=rss_feed&utm_medium=rss_category_market-analysis&utm_campaign=rss_partner_inbound,2026-03-25,2026-03-27T08:12:04Z,Bitcoin retakes $71K as US sends Iran 15-point ceasefire plan,"Bitcoin bounced back above $71,000 after US President Donald Trump’s administration sent a proposal to Iran aimed at ending the war.",Bitcoin,"Bitcoin retakes $71K as US sends Iran 15-point ceasefire plan. Bitcoin bounced back above $71,000 after US President Donald Trump’s administration sent a proposal to Iran aimed at ending the war..",0.0,neutral,0.0,Signals are mixed or informational (score 0.000).,llama3.2,v1.0.0,2026-03-27T08:12:09Z
cointelegraph,https://cointelegraph.com/news/rising-us-treasury-yields-war-in-iran-rising-inflation-risk-pressure-bitcoin-price?utm_source=rss_feed&utm_medium=rss_category_market-analysis&utm_campaign=rss_partner_inbound,2026-03-24,2026-03-27T08:12:04Z,"Rising US Treasury yields, war in Iran, rising inflation risk pressure Bitcoin price","Falling tech stock prices and rising bond yields have forced a rush for cash, preventing Bitcoin from gaining any bullish momentum.",Bitcoin,"Rising US Treasury yields, war in Iran, rising inflation risk pressure Bitcoin price. Falling tech stock prices and rising bond yields have forced a rush for cash, preventing Bitcoin from gaining any bullish momentum..",0.0,neutral,0.0,Signals are mixed or informational (score 0.000).,llama3.2,v1.0.0,2026-03-27T08:12:09Z
cointelegraph,https://cointelegraph.com/news/bitcoin-holders-shift-from-panic-to-cash-buffer-discipline-as-volatility-deepens?utm_source=rss_feed&utm_medium=rss_category_market-analysis&utm_campaign=rss_partner_inbound,2026-03-24,2026-03-27T08:12:04Z,Bitcoin holders shift from panic to cash-buffer discipline as volatility deepens,"Bitcoin volatility rose as stablecoin flows surged to $440 billion over the weekend, highlighting investors’ pivot to cash as BTC spot and futures activity decreased.",Bitcoin,"Bitcoin holders shift from panic to cash-buffer discipline as volatility deepens. Bitcoin volatility rose as stablecoin flows surged to $440 billion over the weekend, highlighting investors’ pivot to cash as BTC spot and futures activity decreased..",0.0,neutral,0.0,Signals are mixed or informational (score 0.000).,llama3.2,v1.0.0,2026-03-27T08:12:09Z
cointelegraph,https://cointelegraph.com/news/ethereum-price-rally-pauses-at-2-200-what-will-trigger-breakout?utm_source=rss_feed&utm_medium=rss_category_market-analysis&utm_campaign=rss_partner_inbound,2026-03-24,2026-03-27T08:12:04Z,Ethereum price rally pauses at $2.2K: What will trigger breakout?,"A resurgence in institutional demand and spot ETF inflow return could put Ethereum price in a better position to overcome the next hurdle at $2,200.",Ethereum,"Ethereum price rally pauses at $2.2K: What will trigger breakout?. A resurgence in institutional demand and spot ETF inflow return could put Ethereum price in a better position to overcome the next hurdle at $2,200..",0.0,neutral,0.0,Signals are mixed or informational (score 0.000).,llama3.2,v1.0.0,2026-03-27T08:12:09Z
cointelegraph,https://cointelegraph.com/news/what-happens-bitcoin-bond-yields-above-5percent?utm_source=rss_feed&utm_medium=rss_category_market-analysis&utm_campaign=rss_partner_inbound,2026-03-24,2026-03-27T08:12:04Z,What happens to Bitcoin if US bond yields soar above 5%?,"Past oil-war shocks lifted inflation and hurt risk appetite, which raises the risk of Bitcoin falling below $50,000 in 2026.",Bitcoin,"What happens to Bitcoin if US bond yields soar above 5%?. Past oil-war shocks lifted inflation and hurt risk appetite, which raises the risk of Bitcoin falling below $50,000 in 2026..",0.0,neutral,0.0,Signals are mixed or informational (score 0.000).,llama3.2,v1.0.0,2026-03-27T08:12:09Z
cointelegraph,https://cointelegraph.com/news/bitcoin-s-battle-for-70k-continues-as-data-shows-traders-avoiding-bullish-positioning?utm_source=rss_feed&utm_medium=rss_category_market-analysis&utm_campaign=rss_partner_inbound,2026-03-23,2026-03-27T08:12:04Z,Bitcoin’s battle for $70K continues as data shows traders avoiding bullish positioning,"Rising inflation concerns weigh on Bitcoin’s breakout as traders refuse to take on bullish positions, despite Monday’s 4% price bounce.",Bitcoin,"Bitcoin’s battle for $70K continues as data shows traders avoiding bullish positioning. Rising inflation concerns weigh on Bitcoin’s breakout as traders refuse to take on bullish positions, despite Monday’s 4% price bounce..",0.0,neutral,0.0,Signals are mixed or informational (score 0.000).,llama3.2,v1.0.0,2026-03-27T08:12:09Z
cointelegraph,https://cointelegraph.com/news/bitcoin-spot-volumes-fall-to-2023-lows-as-btc-rallies-remain-news-led?utm_source=rss_feed&utm_medium=rss_category_market-analysis&utm_campaign=rss_partner_inbound,2026-03-23,2026-03-27T08:12:04Z,Bitcoin spot volumes fall to 2023 lows as BTC rallies remain news-led,"Bitcoin price topped $71,600 at the US market open, but the rally lacked sustained spot volumes. Can the bulls hold BTC above $70,000?",Bitcoin,"Bitcoin spot volumes fall to 2023 lows as BTC rallies remain news-led. Bitcoin price topped $71,600 at the US market open, but the rally lacked sustained spot volumes. Can the bulls hold BTC above $70,000?.",0.0,neutral,0.0,Signals are mixed or informational (score 0.000).,llama3.2,v1.0.0,2026-03-27T08:12:09Z
cointelegraph,https://cointelegraph.com/news/bitcoin-taco-pumps-71k-oil-crashes-trump-pauses-iran-strikes?utm_source=rss_feed&utm_medium=rss_category_market-analysis&utm_campaign=rss_partner_inbound,2026-03-23,2026-03-27T08:12:04Z,Bitcoin rebounds to $71K as oil drops after Trump signals pause on Iran strikes,"Bitcoin moved back above $71,000 after US President Donald Trump postponed Iran strike for five days, sending oil price crashing below $100.",Bitcoin,"Bitcoin rebounds to $71K as oil drops after Trump signals pause on Iran strikes. Bitcoin moved back above $71,000 after US President Donald Trump postponed Iran strike for five days, sending oil price crashing below $100..",0.0,neutral,0.0,Signals are mixed or informational (score 0.000).,llama3.2,v1.0.0,2026-03-27T08:12:09Z
cointelegraph,https://cointelegraph.com/news/bitcoin-risks-50percent-drop-btc-positive-correlation-us-stocks-grows?utm_source=rss_feed&utm_medium=rss_category_market-analysis&utm_campaign=rss_partner_inbound,2026-03-22,2026-03-27T08:12:04Z,Bitcoin risks 50% drop as BTC’s positive correlation with US stocks grows,"Bitcoin’s 20-week rolling correlation with the S&P 500 has turned positive, a signal that has historically preceded major BTC price declines.",Bitcoin,"Bitcoin risks 50% drop as BTC’s positive correlation with US stocks grows. Bitcoin’s 20-week rolling correlation with the S&P 500 has turned positive, a signal that has historically preceded major BTC price declines..",0.0,neutral,0.0,Signals are mixed or informational (score 0.000).,llama3.2,v1.0.0,2026-03-27T08:12:09Z
cointelegraph,https://cointelegraph.com/news/bitcoin-options-signal-fear-even-as-btc-etf-outflows-remain-relatively-low?utm_source=rss_feed&utm_medium=rss_category_market-analysis&utm_campaign=rss_partner_inbound,2026-03-21,2026-03-27T08:12:04Z,Bitcoin options signal fear even as BTC ETF outflows remain relatively low,"Bitcoin ETF outflows are too small to signal a bearish pivot from traders, but worsening US macroeconomic conditions and high oil prices keep BTC traders on the hedge.",Bitcoin,"Bitcoin options signal fear even as BTC ETF outflows remain relatively low. Bitcoin ETF outflows are too small to signal a bearish pivot from traders, but worsening US macroeconomic conditions and high oil prices keep BTC traders on the hedge..",0.0,neutral,0.0,Signals are mixed or informational (score 0.000).,llama3.2,v1.0.0,2026-03-27T08:12:09Z
cointelegraph,https://cointelegraph.com/news/ethereum-25-rally-richest-eth-whale-return-profitable?utm_source=rss_feed&utm_medium=rss_category_market-analysis&utm_campaign=rss_partner_inbound,2026-03-21,2026-03-27T08:12:04Z,Ethereum may see 25% rally as richest ETH whales return to ‘profitable state’,"ETH could approach $2,750 by June and $3,200 by September if a historical whale-profit signal repeats, though past cycles show mixed outcomes.",Ethereum,"Ethereum may see 25% rally as richest ETH whales return to ‘profitable state’. ETH could approach $2,750 by June and $3,200 by September if a historical whale-profit signal repeats, though past cycles show mixed outcomes..",0.0,neutral,0.0,Signals are mixed or informational (score 0.000).,llama3.2,v1.0.0,2026-03-27T08:12:09Z
cointelegraph,https://cointelegraph.com/news/bitcoin-weakness-deepens-as-war-pushes-traders-to-cut-risk-in-btc-and-stocks?utm_source=rss_feed&utm_medium=rss_category_market-analysis&utm_campaign=rss_partner_inbound,2026-03-20,2026-03-27T08:12:04Z,Bitcoin weakness deepens as war pushes traders to cut risk in BTC and stocks,"Bitcoin price remains rocky, and BTC and equities ETF outflows soar as the US and Israel-Iran war enters a fourth week.",Bitcoin,"Bitcoin weakness deepens as war pushes traders to cut risk in BTC and stocks. Bitcoin price remains rocky, and BTC and equities ETF outflows soar as the US and Israel-Iran war enters a fourth week..",0.0,neutral,0.0,Signals are mixed or informational (score 0.000).,llama3.2,v1.0.0,2026-03-27T08:12:09Z
cointelegraph,https://cointelegraph.com/news/bitcoin-price-aims-to-hold-70k-amid-rising-inflation-concerns?utm_source=rss_feed&utm_medium=rss_category_market-analysis&utm_campaign=rss_partner_inbound,2026-03-20,2026-03-27T08:12:04Z,Bitcoin price aims to hold $70K amid rising inflation concerns,"Bitcoin searches for equilibrium at $70,000 while rising crude oil prices and tanking stock markets have investors worried over the future of inflation in the US.",Bitcoin,"Bitcoin price aims to hold $70K amid rising inflation concerns. Bitcoin searches for equilibrium at $70,000 while rising crude oil prices and tanking stock markets have investors worried over the future of inflation in the US..",0.0,neutral,0.0,Signals are mixed or informational (score 0.000).,llama3.2,v1.0.0,2026-03-27T08:12:09Z
cointelegraph,https://cointelegraph.com/news/ether-taker-volume-hits-3-year-high-will-eth-avoid-a-19percent-price-decline?utm_source=rss_feed&utm_medium=rss_category_market-analysis&utm_campaign=rss_partner_inbound,2026-03-20,2026-03-27T08:12:04Z,Ether taker volume hits 3-year high: Will ETH avoid a 19% price decline?,"A strong buy signal not seen since 2022 just flashed on Ether, but the altcoin needs to hold above a key price level to avoid invalidating the pattern.",Ethereum,"Ether taker volume hits 3-year high: Will ETH avoid a 19% price decline?. A strong buy signal not seen since 2022 just flashed on Ether, but the altcoin needs to hold above a key price level to avoid invalidating the pattern..",0.0,neutral,0.0,Signals are mixed or informational (score 0.000).,llama3.2,v1.0.0,2026-03-27T08:12:09Z
cointelegraph,https://cointelegraph.com/news/what-happens-to-bitcoin-if-oil-price-hits-180-per-barrel?utm_source=rss_feed&utm_medium=rss_category_market-analysis&utm_campaign=rss_partner_inbound,2026-03-20,2026-03-27T08:12:04Z,What happens to Bitcoin if oil price hits $180 per barrel?,"A 70% oil spike could nearly double US inflation, slash rate-cut hopes, and deepen downside risks for Bitcoin prices in the coming months.",Bitcoin,"What happens to Bitcoin if oil price hits $180 per barrel?. A 70% oil spike could nearly double US inflation, slash rate-cut hopes, and deepen downside risks for Bitcoin prices in the coming months..",0.0,neutral,0.0,Signals are mixed or informational (score 0.000).,llama3.2,v1.0.0,2026-03-27T08:12:09Z
cointelegraph,https://cointelegraph.com/news/bitcoin-vs-gold-flashes-multiple-bottom-signals-btc-bulls-defend-70k?utm_source=rss_feed&utm_medium=rss_category_market-analysis&utm_campaign=rss_partner_inbound,2026-03-20,2026-03-27T08:12:04Z,Bitcoin vs gold shows potential bottom signals as BTC bulls defend $70K,"Technical indicators hint at a possible reversal in BTC’s relative performance, as traders watch whether key support levels can hold.",Bitcoin,"Bitcoin vs gold shows potential bottom signals as BTC bulls defend $70K. Technical indicators hint at a possible reversal in BTC’s relative performance, as traders watch whether key support levels can hold..",0.0,neutral,0.0,Signals are mixed or informational (score 0.000).,llama3.2,v1.0.0,2026-03-27T08:12:09Z
cointelegraph,https://cointelegraph.com/news/bitcoin-governance-slow-fend-quantum-risks?utm_source=rss_feed&utm_medium=rss_category_features&utm_campaign=rss_partner_inbound,2026-03-26,2026-03-27T08:12:04Z,Is Bitcoin’s governance too slow to fend off quantum risks?,BOLT Technologies founder Yoon Auh says the real challenge in the quantum transition is whether blockchain networks can coordinate system-wide upgrades.,Bitcoin,Is Bitcoin’s governance too slow to fend off quantum risks?. BOLT Technologies founder Yoon Auh says the real challenge in the quantum transition is whether blockchain networks can coordinate system-wide upgrades..,0.0,neutral,0.0,Signals are mixed or informational (score 0.000).,llama3.2,v1.0.0,2026-03-27T08:12:09Z
cointelegraph,https://cointelegraph.com/news/bitcoin-iran-war-behaves-like-risk-asset?utm_source=rss_feed&utm_medium=rss_category_features&utm_campaign=rss_partner_inbound,2026-03-25,2026-03-27T08:12:04Z,"Bitcoin rebounds during Iran war, but safe haven role unproven","Bitcoin is beating gold during the Iran war, but its dependence on liquidity cycles keeps the safe haven narrative in question.",Bitcoin,"Bitcoin rebounds during Iran war, but safe haven role unproven. Bitcoin is beating gold during the Iran war, but its dependence on liquidity cycles keeps the safe haven narrative in question..",0.0,neutral,0.0,Signals are mixed or informational (score 0.000).,llama3.2,v1.0.0,2026-03-27T08:12:09Z
